{
"type": "FeatureCollection",
"name": "park_accessibility",
"crs": { "type": "name", "properties": { "name": "urn:ogc:def:crs:EPSG::32644" } },
"features": [
{ "type": "Feature", "properties": { "name_1": "Alandur", "osm_id": 4717427, "name_2": "Muthuswamy Road", "ref": "NH4", "type": "primary", "oneway": 1, "bridge": 0, "maxspeed": 20.0 }, "geometry": { "type": "MultiPolygon", "coordinates": [ [ [ [ 415633.562829110829625, 1433390.093127767788246 ], [ 415567.659156934649218, 1433317.379630744922906 ], [ 415494.945659911783878, 1433251.475958568742499 ], [ 415416.12260876770597, 1433193.016799628967419 ], [ 415342.568784030736424, 1433148.930333697469905 ], [ 415342.849370917712804, 1433153.850602807244286 ], [ 415343.641022855939809, 1433158.826454924885184 ], [ 415344.929428657284006, 1433163.697371427668259 ], [ 415346.701505428063683, 1433168.413891437929124 ], [ 415361.408353236911353, 1433202.269499521004036 ], [ 415358.167313392274082, 1433202.800109413452446 ], [ 415353.407278885832056, 1433204.070715651614591 ], [ 415348.795397711393889, 1433205.803609401453286 ], [ 415330.140172349405475, 1433213.883181059034541 ], [ 415328.945266837486997, 1433213.92785502737388 ], [ 415323.756039103958756, 1433214.671102630672976 ], [ 415318.673149567912333, 1433215.953575022285804 ], [ 415306.173177354503423, 1433219.814778947271407 ], [ 415304.63710466196062, 1433219.305171438725665 ], [ 415299.970518958638422, 1433218.239256487693638 ], [ 415295.223389650986064, 1433217.624471853487194 ], [ 415291.805826181196608, 1433217.34737329557538 ], [ 415287.496827737311833, 1433217.184546527219936 ], [ 415283.18982422031695, 1433217.393594010733068 ], [ 415278.916849365341477, 1433217.972960936371237 ], [ 415273.973464549577329, 1433218.861790243536234 ], [ 415269.845383173902519, 1433219.785845483187586 ], [ 415265.810185680980794, 1433221.055536439176649 ], [ 415193.102575032506138, 1433247.362209850922227 ], [ 415189.852897038916126, 1433243.809207104612142 ], [ 415186.250136782298796, 1433240.565738100092858 ], [ 415182.350213389203418, 1433237.686403076862916 ], [ 415178.189786096918397, 1433235.198267752304673 ], [ 415173.807962876337115, 1433233.124720571096987 ], [ 415169.24593281786656, 1433231.485252854414284 ], [ 415164.546578954148572, 1433230.295275580603629 ], [ 415159.754075160133652, 1433229.565974523080513 ], [ 415154.913470918952953, 1433229.304205103777349 ], [ 415150.070267857576255, 1433229.5124279523734 ], [ 415145.269992031739093, 1433230.188685776665807 ], [ 415140.557765981764533, 1433231.326621760148555 ], [ 415138.769490340608172, 1433231.947035765275359 ], [ 415138.737202161923051, 1433231.909881088417023 ], [ 415134.992871875932906, 1433228.402669153176248 ], [ 415130.908861194213387, 1433225.297608509426937 ], [ 415126.52816747140605, 1433222.627389912260696 ], [ 415121.89691160566872, 1433220.420126005308703 ], [ 415117.06385246803984, 1433218.699055343633518 ], [ 415112.079873558599502, 1433217.482297734590247 ], [ 415106.997447293368168, 1433216.782663467340171 ], [ 415101.870082563778851, 1433216.607518443837762 ], [ 415091.68554638029309, 1433216.78251092042774 ], [ 415086.130935903813224, 1433217.188179636606947 ], [ 415080.655900830053724, 1433218.209088835632429 ], [ 415075.328371593670454, 1433219.832571785431355 ], [ 415028.265753413958009, 1433237.092759737046435 ], [ 415023.133825092692859, 1433224.424278815276921 ], [ 415022.415015040547587, 1433222.873260891065001 ], [ 415021.742721226823051, 1433221.301521247252822 ], [ 415020.286125079845078, 1433218.311185410013422 ], [ 415015.694477541139349, 1433207.913057788740844 ], [ 415015.617798110470176, 1433207.760185758117586 ], [ 415015.555382389749866, 1433207.600956769427285 ], [ 415014.856267382099759, 1433206.230613488238305 ], [ 415014.207820199197158, 1433204.835579889127985 ], [ 415010.700072817271575, 1433198.166388550540432 ], [ 414945.231947244203184, 1433028.646452518878505 ], [ 414860.552375748113263, 1433024.486411931458861 ], [ 414762.535235418530647, 1433029.301685259211808 ], [ 414665.462053731956985, 1433043.701131528243423 ], [ 414570.267698493669741, 1433067.546076199272648 ], [ 414477.868943383044098, 1433100.606879420112818 ], [ 414389.155638922122307, 1433142.56514758314006 ], [ 414304.982142728520557, 1433193.016799628967419 ], [ 414226.159091584442649, 1433251.475958568742499 ], [ 414153.445594561577309, 1433317.379630744922906 ], [ 414087.541922385396902, 1433390.093127767788246 ], [ 414029.082763445563614, 1433468.916178911924362 ], [ 413978.631111399736255, 1433553.089675105409697 ], [ 413936.672843236825429, 1433641.802979566389695 ], [ 413903.61204001592705, 1433734.20173467695713 ], [ 413879.767095344897825, 1433829.396089915418997 ], [ 413865.367649075924419, 1433926.469271601876244 ], [ 413860.552375748113263, 1434024.486411931458861 ], [ 413865.367649075924419, 1434122.503552261041477 ], [ 413879.767095344897825, 1434219.576733947498724 ], [ 413903.61204001592705, 1434314.771089185960591 ], [ 413936.672843236825429, 1434407.169844296528026 ], [ 413978.631111399736255, 1434495.883148757508025 ], [ 414029.082763445563614, 1434580.056644950993359 ], [ 414087.541922385396902, 1434658.879696095129475 ], [ 414153.445594561577309, 1434731.593193117994815 ], [ 414185.574286042887252, 1434760.712941686389968 ], [ 414191.572970107605215, 1434801.152784803649411 ], [ 414215.41791477863444, 1434896.347140042111278 ], [ 414248.478717999532819, 1434988.745895152678713 ], [ 414290.436986162443645, 1435077.459199613658711 ], [ 414340.888638208271004, 1435161.632695807144046 ], [ 414399.347797148104291, 1435240.455746951280162 ], [ 414465.251469324284699, 1435313.169243974145502 ], [ 414537.964966347150039, 1435379.072916150325909 ], [ 414616.788017491227947, 1435437.532075090100989 ], [ 414700.961513684829697, 1435487.983727135928348 ], [ 414789.674818145751487, 1435529.94199529895559 ], [ 414882.073573256377131, 1435563.002798519795761 ], [ 414977.267928494664375, 1435586.847743190824986 ], [ 415074.341110181238037, 1435601.2471894598566 ], [ 415172.358250510820653, 1435606.062462787609547 ], [ 415270.37539084040327, 1435601.2471894598566 ], [ 415367.448572526976932, 1435586.847743190824986 ], [ 415462.642927765264176, 1435563.002798519795761 ], [ 415555.041682875889819, 1435529.94199529895559 ], [ 415643.75498733681161, 1435487.983727135928348 ], [ 415727.928483530413359, 1435437.532075090100989 ], [ 415806.751534674491268, 1435379.072916150325909 ], [ 415879.465031697356608, 1435313.169243974145502 ], [ 415945.368703873537015, 1435240.455746951280162 ], [ 416003.827862813370302, 1435161.632695807144046 ], [ 416054.279514859197661, 1435077.459199613658711 ], [ 416096.237783022108488, 1434988.745895152678713 ], [ 416129.298586243006866, 1434896.347140042111278 ], [ 416153.143530914036091, 1434801.152784803649411 ], [ 416167.542977183009498, 1434704.079603117192164 ], [ 416172.358250510820653, 1434606.062462787609547 ], [ 416167.542977183009498, 1434508.045322458026931 ], [ 416153.143530914036091, 1434410.972140771569684 ], [ 416129.298586243006866, 1434315.777785533107817 ], [ 416096.237783022108488, 1434223.379030422540382 ], [ 416054.279514859197661, 1434134.665725961560383 ], [ 416003.827862813370302, 1434050.492229768075049 ], [ 415945.368703873537015, 1433971.669178623938933 ], [ 415879.465031697356608, 1433898.955681601073593 ], [ 415847.336340216046665, 1433869.83593303267844 ], [ 415841.337656151328702, 1433829.396089915418997 ], [ 415817.492711480299477, 1433734.20173467695713 ], [ 415809.581334967340808, 1433712.090918550500646 ], [ 415771.464562263165135, 1433696.399646659381688 ], [ 415764.833422285562847, 1433694.197800679598004 ], [ 415746.521073638985399, 1433689.508946677902713 ], [ 415741.611277553543914, 1433688.510919075692073 ], [ 415736.626249897235539, 1433688.009265847038478 ], [ 415719.182375753007364, 1433687.13334887730889 ], [ 415713.869190093420912, 1433687.149213143158704 ], [ 415694.728351861296687, 1433688.224966669455171 ], [ 415689.872019906993955, 1433688.736737273167819 ], [ 415667.029182906844653, 1433692.279013640945777 ], [ 415663.393190063245129, 1433692.981633362127468 ], [ 415659.819174050178844, 1433693.951441575074568 ], [ 415635.40512868372025, 1433701.557404479477555 ], [ 415632.34269744361518, 1433702.621567716123536 ], [ 415602.448837611358613, 1433714.10853895265609 ], [ 415604.12197480769828, 1433710.167267456185073 ], [ 415610.996129740437027, 1433691.544019586872309 ], [ 415611.713157640246209, 1433689.262604174437001 ], [ 415612.435842912702356, 1433686.98297454835847 ], [ 415612.448714495054446, 1433686.922233951743692 ], [ 415612.467330833082087, 1433686.86300110956654 ], [ 415612.957288230361883, 1433684.522290323860943 ], [ 415613.453050801355857, 1433682.182802181690931 ], [ 415619.052368425123859, 1433647.427454374497756 ], [ 415619.105281624011695, 1433646.951190001098439 ], [ 415619.195625742664561, 1433646.480588790494949 ], [ 415621.596043313096743, 1433629.518240610370412 ], [ 415624.739412552095018, 1433633.194054430583492 ], [ 415628.278572856273968, 1433636.592688123695552 ], [ 415632.133815491863061, 1433639.628058094531298 ], [ 415636.268012364802416, 1433642.270932070910931 ], [ 415640.641348899225704, 1433644.495857731672004 ], [ 415645.211707473616116, 1433646.281407826347277 ], [ 415649.935073036409449, 1433647.610386531567201 ], [ 415654.765956995310262, 1433648.469995055813342 ], [ 415659.657835296820849, 1433648.851954899262637 ], [ 415664.563596478838008, 1433648.752587579656392 ], [ 415669.435995379346423, 1433648.172850058646873 ], [ 415674.228108133422211, 1433647.1183255254291 ], [ 415678.89378407568438, 1433645.599169627996162 ], [ 415683.38809019618202, 1433643.630012667737901 ], [ 415687.667743870173581, 1433641.229818702675402 ], [ 415691.691529693314806, 1433638.42170291300863 ], [ 415695.420696408487856, 1433635.232708988711238 ], [ 415698.819330101658124, 1433631.693548684474081 ], [ 415701.85470007249387, 1433627.838306048884988 ], [ 415704.497574048815295, 1433623.704109175829217 ], [ 415706.722499709518161, 1433619.330772641580552 ], [ 415708.508049804251641, 1433614.76041406719014 ], [ 415709.837028509471565, 1433610.037048504222184 ], [ 415710.696637033775914, 1433605.206164545379579 ], [ 415711.078596877225209, 1433600.314286243868992 ], [ 415710.979229557618964, 1433595.408525062026456 ], [ 415710.399492036609445, 1433590.536126161459833 ], [ 415709.344967503508087, 1433585.74401340726763 ], [ 415707.825811605900526, 1433581.078337465180084 ], [ 415705.856654645642266, 1433576.584031344624236 ], [ 415703.456460680696182, 1433572.304377670632675 ], [ 415700.648344890971202, 1433568.280591847375035 ], [ 415651.547691203886643, 1433504.804174741962925 ], [ 415648.418110338796396, 1433501.138059507356957 ], [ 415644.950052435917314, 1433497.790336148813367 ], [ 415641.175749177637044, 1433494.792117974720895 ], [ 415637.13027845142642, 1433492.17127003823407 ], [ 415632.851238339848351, 1433489.952150161378086 ], [ 415621.550262534699868, 1433484.766585082979873 ], [ 415603.529199878743384, 1433457.858194592408836 ], [ 415603.324120551056694, 1433457.58378927805461 ], [ 415603.13236443331698, 1433457.274604951729998 ], [ 415592.666672864579596, 1433442.114869443234056 ], [ 415584.132302579877432, 1433413.799853714881465 ], [ 415585.920832265517674, 1433416.010821795323864 ], [ 415589.365866372419987, 1433419.504831904312596 ], [ 415593.136784577567596, 1433422.644345008069649 ], [ 415597.197270877368283, 1433425.399125879164785 ], [ 415601.508220568997785, 1433427.742644472047687 ], [ 415606.028116850357037, 1433429.652331421617419 ], [ 415610.7134306494263, 1433431.109795398311689 ], [ 415615.519039832986891, 1433432.101000227499753 ], [ 415620.398663757718168, 1433432.616400064667687 ], [ 415625.305308977724053, 1433432.651031327899545 ], [ 415630.191721817187499, 1433432.204560498939827 ], [ 415635.010843449388631, 1433431.281287336256355 ], [ 415639.716263098584022, 1433429.89010346471332 ], [ 415644.262665001268033, 1433428.04440674581565 ], [ 415648.606264821835794, 1433425.761972247855738 ], [ 415652.705231319530867, 1433423.064781062537804 ], [ 415656.024742491659708, 1433420.379511960083619 ], [ 415633.562829110829625, 1433390.093127767788246 ] ], [ [ 415276.612111022404861, 1435146.306888900464401 ], [ 415280.543322826968506, 1435149.243202982237563 ], [ 415284.74341388157336, 1435151.780051769921556 ], [ 415289.17193501337897, 1435153.893004023004323 ], [ 415293.786237142980099, 1435155.561710856389254 ], [ 415298.541882018500473, 1435156.770101710921153 ], [ 415304.772823521925602, 1435158.031507120002061 ], [ 415305.099292070197407, 1435169.280682776356116 ], [ 415305.130312712455634, 1435170.11136702215299 ], [ 415305.611812891438603, 1435180.654263221425936 ], [ 415273.871210536686704, 1435176.706568184308708 ], [ 415260.448897242662497, 1435174.713093323400244 ], [ 415259.360669213172514, 1435174.563668300397694 ], [ 415258.668374031141866, 1435174.4763455868233 ], [ 415270.441474209772423, 1435140.170899919932708 ], [ 415272.987638186605182, 1435142.999387834453955 ], [ 415276.612111022404861, 1435146.306888900464401 ] ], [ [ 415237.63752051605843, 1433677.235482677351683 ], [ 415232.768192661984358, 1433677.840472667943686 ], [ 415227.98161134129623, 1433678.919827057980001 ], [ 415223.323873948596884, 1433680.463151074480265 ], [ 415218.839837041334249, 1433682.455581663642079 ], [ 415215.326310307485983, 1433684.450117237865925 ], [ 415214.692271476087626, 1433684.304048656718805 ], [ 415209.943115754984319, 1433683.6802978226915 ], [ 415209.834659242071211, 1433683.671310796169564 ], [ 415209.332570165686775, 1433683.200353553052992 ], [ 415205.243602195871063, 1433679.718035645317286 ], [ 415201.378791830560658, 1433676.739354267949238 ], [ 415200.906530046486296, 1433676.443926527164876 ], [ 415194.523243282455951, 1433660.315927540650591 ], [ 415195.334392315766308, 1433657.094238211167976 ], [ 415196.06597782362951, 1433652.122795982519165 ], [ 415196.294871684804093, 1433647.103028777753934 ], [ 415196.018762029649224, 1433642.085637159878388 ], [ 415195.326184475503396, 1433635.529397085541859 ], [ 415194.713009511411656, 1433631.390933040995151 ], [ 415193.756007069256157, 1433627.318217176711187 ], [ 415192.733912253461313, 1433623.662697164807469 ], [ 415228.484457103710156, 1433619.214925488922745 ], [ 415228.657340210629627, 1433619.664651728700846 ], [ 415230.780422725365497, 1433623.92567911464721 ], [ 415233.299127405392937, 1433627.965476198820397 ], [ 415236.190620849200059, 1433631.747420065803453 ], [ 415239.428690125932917, 1433635.237225376535207 ], [ 415242.983980410266668, 1433638.403255183948204 ], [ 415246.824261098867282, 1433641.216807739110664 ], [ 415250.914717998588458, 1433643.652376686688513 ], [ 415255.218268935394008, 1433645.687882295111194 ], [ 415259.695899924088735, 1433647.304871619911864 ], [ 415264.307018850930035, 1433648.488685790449381 ], [ 415269.009823462809436, 1433649.228592899395153 ], [ 415273.761680327006616, 1433649.517885294277221 ], [ 415278.519511325925123, 1433649.353940384928137 ], [ 415305.035811166395433, 1433647.172879797173664 ], [ 415306.094030739739537, 1433648.514961290406063 ], [ 415308.252103152102791, 1433650.759060693439096 ], [ 415307.609461941290647, 1433651.744360504671931 ], [ 415306.849411725299433, 1433653.205115395365283 ], [ 415279.558718282147311, 1433658.517390381544828 ], [ 415275.012448804278392, 1433659.625417975941673 ], [ 415270.589671942521818, 1433661.153598641511053 ], [ 415266.329124661104288, 1433663.088547782506794 ], [ 415262.26812303380575, 1433665.413318115053698 ], [ 415258.442235410446301, 1433668.107548099476844 ], [ 415254.88497089111479, 1433671.147640278097242 ], [ 415251.627485835750122, 1433674.506967953406274 ], [ 415249.030410621722694, 1433677.742381567135453 ], [ 415247.436493391171098, 1433677.467276932206005 ], [ 415242.542700614372734, 1433677.110683470731601 ], [ 415237.63752051605843, 1433677.235482677351683 ] ], [ [ 415121.047702118463349, 1433435.382217328995466 ], [ 415119.100276203535032, 1433430.650492039974779 ], [ 415121.372631396574434, 1433432.662803534884006 ], [ 415125.178806766285561, 1433435.440871466649696 ], [ 415129.229603430081625, 1433437.848293068353087 ], [ 415133.489042807603255, 1433439.863685975084081 ], [ 415137.919293184648268, 1433441.469149763463065 ], [ 415142.481005728885066, 1433442.650424940045923 ], [ 415152.379513759107795, 1433444.72143287002109 ], [ 415157.059833218343556, 1433445.471129977377132 ], [ 415161.790112864226103, 1433445.774264377076179 ], [ 415166.527841794828419, 1433445.628111808095127 ], [ 415171.230442161438987, 1433445.033985739806667 ], [ 415179.664635166409425, 1433443.559340642299503 ], [ 415184.404902996786404, 1433442.490846115862951 ], [ 415189.019067661894951, 1433440.967263462953269 ], [ 415318.558412213984411, 1433391.090545238927007 ], [ 415344.869402574317064, 1433458.360694014234468 ], [ 415361.876225095998961, 1433501.849021703703329 ], [ 415329.883476160815917, 1433505.831734036328271 ], [ 415263.606357790355105, 1433514.074427466373891 ], [ 415156.416616099362727, 1433527.410042287549004 ], [ 415128.7899458592874, 1433455.506557673448697 ], [ 415121.488043244637083, 1433436.48943437426351 ], [ 415121.047702118463349, 1433435.382217328995466 ] ], [ [ 414331.592586121172644, 1434478.160096570616588 ], [ 414329.667596471554134, 1434478.166055311914533 ], [ 414329.577502896194346, 1434478.166415363783017 ], [ 414323.477764013456181, 1434478.196288115344942 ], [ 414277.51006725494517, 1434478.349432138958946 ], [ 414331.750008487724699, 1434432.528324345359579 ], [ 414331.592586121172644, 1434478.160096570616588 ] ], [ [ 414273.542279792192858, 1434313.436292744474486 ], [ 414270.928799705288839, 1434317.272405746625736 ], [ 414270.548180588462856, 1434317.890961216529831 ], [ 414231.579937272588722, 1434349.301509277895093 ], [ 414232.029662783956155, 1434340.293178577441722 ], [ 414232.091614588047378, 1434337.645089755766094 ], [ 414232.062435714819003, 1434328.234363757539541 ], [ 414232.179659106594045, 1434319.121743909083307 ], [ 414232.152776018134318, 1434318.513217398896813 ], [ 414235.348606333893258, 1434317.379853563150391 ], [ 414273.917883937538136, 1434312.982054629828781 ], [ 414273.542279792192858, 1434313.436292744474486 ] ], [ [ 415025.642664748069365, 1434908.100322603713721 ], [ 415036.016769879788626, 1434908.803181114140898 ], [ 415035.225723505427595, 1434932.879909587558359 ], [ 415034.544385987042915, 1434930.871826663147658 ], [ 415032.551567910704762, 1434926.457104393048212 ], [ 415030.140933777962346, 1434922.25592126394622 ], [ 415027.335106036975048, 1434918.307703020749614 ], [ 415024.397651410545222, 1434914.922868510475382 ], [ 415024.621544020134024, 1434913.596510470611975 ], [ 415025.642664748069365, 1434908.100322603713721 ] ], [ [ 415147.88742562464904, 1433899.014399245614186 ], [ 415144.148499454022385, 1433902.025581863243133 ], [ 415140.715590102074202, 1433905.381460741860792 ], [ 415137.620344584633131, 1433909.051098987460136 ], [ 415134.891297090798616, 1433913.000667247688398 ], [ 415132.553605933848303, 1433917.193755574990064 ], [ 415131.712774500017986, 1433918.888455774169415 ], [ 415129.757526987756137, 1433923.366452359361574 ], [ 415128.248705517384224, 1433928.013914464740083 ], [ 415127.200719603337348, 1433932.786457997746766 ], [ 415126.623577698075678, 1433937.638504315866157 ], [ 415126.522791609866545, 1433942.523715510498732 ], [ 415126.529349024523981, 1433942.608557903207839 ], [ 415093.349972442723811, 1433949.226699808379635 ], [ 415087.664990611549001, 1433929.297325915889814 ], [ 415086.794999181001913, 1433926.550176724791527 ], [ 415054.548607310513034, 1433834.074260787339881 ], [ 415096.795501233078539, 1433810.060898594558239 ], [ 415115.438803462020587, 1433800.929392597638071 ], [ 415120.188275322201662, 1433811.287923957454041 ], [ 415154.214611454401165, 1433895.063010673737153 ], [ 415153.327044296602253, 1433895.530761377420276 ], [ 415151.897900515876245, 1433896.375672125723213 ], [ 415147.88742562464904, 1433899.014399245614186 ] ], [ [ 415524.106102880730759, 1433283.175044423434883 ], [ 415522.050133752578404, 1433284.191986531019211 ], [ 415518.928978497278877, 1433285.737072275485843 ], [ 415520.997664136404637, 1433284.602269157534465 ], [ 415523.931914021959528, 1433282.799928057705984 ], [ 415524.106102880730759, 1433283.175044423434883 ] ], [ [ 415458.30434955394594, 1433681.197184266056865 ], [ 415458.28250211145496, 1433675.3589706083294 ], [ 415458.023400541336741, 1433670.459048872813582 ], [ 415457.28527029970428, 1433665.608117994386703 ], [ 415456.075219984282739, 1433660.852895089890808 ], [ 415454.404903041140642, 1433656.239175554830581 ], [ 415453.226251195126679, 1433653.77106423699297 ], [ 415455.813962106942199, 1433651.137986052315682 ], [ 415458.893706125032622, 1433647.31809817161411 ], [ 415461.584205847466365, 1433643.214736393420026 ], [ 415463.859550291090272, 1433638.867418334819376 ], [ 415465.697826645162422, 1433634.318011045455933 ], [ 415467.081331303401385, 1433629.610327804228291 ], [ 415467.996740359638352, 1433624.78970617428422 ], [ 415468.435237924335524, 1433619.902571377111599 ], [ 415468.392601026163902, 1433614.995989192510024 ], [ 415467.869240281812381, 1433610.117212689248845 ], [ 415466.324404997227248, 1433600.291790663497522 ], [ 415464.977460783324204, 1433591.67045228742063 ], [ 415477.171975422650576, 1433591.047780165215954 ], [ 415482.065208667365368, 1433590.555750225204974 ], [ 415507.261146509263199, 1433586.76282618031837 ], [ 415526.36433823936386, 1433583.882702258648351 ], [ 415526.998249831493013, 1433583.743104925379157 ], [ 415527.054885213845409, 1433583.90314680733718 ], [ 415520.249244676262606, 1433631.994631309062243 ], [ 415515.499411799770314, 1433661.477169136051089 ], [ 415513.30101836117683, 1433667.43298862548545 ], [ 415505.594956332701258, 1433671.64986400352791 ], [ 415493.069255069887731, 1433677.178397545358166 ], [ 415485.4640106933075, 1433678.116545824101195 ], [ 415458.30434955394594, 1433681.197184266056865 ] ], [ [ 415641.781651723780669, 1433815.662437634775415 ], [ 415675.265287969843484, 1433802.555151919834316 ], [ 415675.107898859190755, 1433818.433581048855558 ], [ 415639.685908909246791, 1433816.589084990555421 ], [ 415641.781651723780669, 1433815.662437634775415 ] ], [ [ 415877.741186407860368, 1435153.803332189796492 ], [ 415878.012714971206151, 1435155.24196938611567 ], [ 415860.099448875407688, 1435154.169308339245617 ], [ 415860.169827328936663, 1435151.793709587771446 ], [ 415863.72610374953365, 1435151.978751402581111 ], [ 415877.64454023714643, 1435152.712538299849257 ], [ 415877.741186407860368, 1435153.803332189796492 ] ] ], [ [ [ 412064.17063573183259, 1434812.14587284415029 ], [ 412022.212367568921763, 1434723.432568383170292 ], [ 411971.760715523094404, 1434639.259072189684957 ], [ 411913.301556583261117, 1434560.436021045548841 ], [ 411847.39788440708071, 1434487.722524022683501 ], [ 411774.68438738421537, 1434421.818851846503094 ], [ 411695.861336240137462, 1434363.359692906728014 ], [ 411611.687840046535712, 1434312.908040860900655 ], [ 411522.974535585613921, 1434270.949772697873414 ], [ 411430.575780474988278, 1434237.888969477033243 ], [ 411335.381425236701034, 1434214.044024806004018 ], [ 411238.308243550127372, 1434199.644578536972404 ], [ 411140.291103220544755, 1434194.829305209219456 ], [ 411042.273962890962139, 1434199.644578536972404 ], [ 411001.99213772721123, 1434205.619822852546349 ], [ 410998.610614879056811, 1434208.503324010409415 ], [ 410995.104737534478772, 1434212.168061041273177 ], [ 410991.988141196838114, 1434216.169098497601226 ], [ 410989.292891246266663, 1434220.465271348366514 ], [ 410987.95562438305933, 1434222.858473513508216 ], [ 410986.164693505852483, 1434226.38414726103656 ], [ 410973.830701427126769, 1434253.246099189156666 ], [ 410952.296336530242115, 1434258.030044339131564 ], [ 410905.236461666994728, 1434267.193239007145166 ], [ 410904.692592002567835, 1434267.310565832769498 ], [ 410904.523204987170175, 1434267.337514695012942 ], [ 410904.31450548034627, 1434267.392128924606368 ], [ 410903.265666570223402, 1434267.618390744086355 ], [ 410857.653501115972176, 1434278.424919531913474 ], [ 410792.498083599726669, 1434292.108651083428413 ], [ 410790.792932689364534, 1434292.498020251980051 ], [ 410725.007569266541395, 1434308.735680681886151 ], [ 410720.257637699192856, 1434310.161423283396289 ], [ 410715.672310169960838, 1434312.050699152285233 ], [ 410711.296696382400114, 1434314.384921901393682 ], [ 410706.674210143974051, 1434317.153707822784781 ], [ 410702.815358721534722, 1434319.715145604684949 ], [ 410699.210079442011192, 1434322.622663296293467 ], [ 410695.889308049983811, 1434325.851312421495095 ], [ 410692.881539019290358, 1434329.373388977721334 ], [ 410690.212581050756853, 1434333.15867115650326 ], [ 410688.183715353254229, 1434336.339362893486395 ], [ 410685.657206776726525, 1434340.786703042220324 ], [ 410683.598275370080955, 1434345.468890719814226 ], [ 410682.028467504598666, 1434350.336927618831396 ], [ 410680.964210955891758, 1434355.339870551135391 ], [ 410680.416642989846878, 1434360.425364559516311 ], [ 410680.391493813367561, 1434365.540190803352743 ], [ 410680.706281582301017, 1434372.340921228285879 ], [ 410681.508386719506234, 1434379.23914305632934 ], [ 410687.368183714163024, 1434410.506542786490172 ], [ 410690.393181636522058, 1434430.629553126171231 ], [ 410690.451222012343351, 1434431.005897236056626 ], [ 410699.452920279989485, 1434487.934575903462246 ], [ 410699.776086933910847, 1434489.758632185636088 ], [ 410703.834200502955355, 1434510.42727684089914 ], [ 410708.290078536607325, 1434533.111662556882948 ], [ 410708.503375898872036, 1434534.140281692612916 ], [ 410713.556473591423128, 1434557.283102875342593 ], [ 410713.63831358338939, 1434557.572876692516729 ], [ 410713.70630568190245, 1434557.947572870645672 ], [ 410715.051378491742071, 1434562.666380535345525 ], [ 410715.140998961695004, 1434562.893489114707336 ], [ 410715.194072012789547, 1434563.081406784709543 ], [ 410725.977409715764225, 1434594.002875654958189 ], [ 410726.456656245340127, 1434595.161812107311562 ], [ 410727.049127634498291, 1434596.803048894973472 ], [ 410727.70217633806169, 1434598.17378725646995 ], [ 410728.137768835353199, 1434599.227157478686422 ], [ 410746.733574656886049, 1434637.854208300122991 ], [ 410749.688942804757971, 1434643.14611637336202 ], [ 410753.262925599934533, 1434648.041536572156474 ], [ 410755.124897663190495, 1434650.291723029920831 ], [ 410758.868756564857904, 1434654.339320103172213 ], [ 410763.035508918925188, 1434657.950095139676705 ], [ 410765.297185415169224, 1434659.701304495101795 ], [ 410769.245108563336544, 1434662.464483942603692 ], [ 410773.440693800745066, 1434664.834783999249339 ], [ 410777.844970420817845, 1434666.790188125567511 ], [ 410782.417029286385514, 1434668.312533543910831 ], [ 410785.109344539814629, 1434669.066977456677705 ], [ 410789.544422180973925, 1434670.094538850011304 ], [ 410794.054579396208283, 1434670.714440450072289 ], [ 410798.60242554609431, 1434670.921543075004593 ], [ 410803.150257537723519, 1434670.714129778090864 ], [ 410805.785133206984028, 1434670.473381656687707 ], [ 410810.625266330782324, 1434669.791222007479519 ], [ 410815.375663362909108, 1434668.639719302300364 ], [ 410819.244117305672262, 1434667.499155577970669 ], [ 410822.847739352611825, 1434666.285941162379459 ], [ 410826.348746214294806, 1434664.802387311123312 ], [ 410857.110264655959327, 1434650.363852945389226 ], [ 410890.790646937733982, 1434634.70415231375955 ], [ 410896.129562983987853, 1434663.467065403005108 ], [ 410876.672417587833479, 1434688.447951373644173 ], [ 410872.953678497928195, 1434692.995891853235662 ], [ 410856.417668605339713, 1434701.84661469864659 ], [ 410845.970574314123951, 1434705.274935589171946 ], [ 410841.954696686298121, 1434705.643610027385876 ], [ 410750.949339930375572, 1434702.273004869697616 ], [ 410746.0429297289229, 1434702.332212757784873 ], [ 410741.165948621463031, 1434702.872047840850428 ], [ 410736.365364602184854, 1434703.887311212019995 ], [ 410731.687409919453785, 1434705.368225330021232 ], [ 410727.17713583400473, 1434707.300528182182461 ], [ 410722.877978750912007, 1434709.665610636118799 ], [ 410718.831341903016437, 1434712.440695654833689 ], [ 410715.076196615293156, 1434715.599057652289048 ], [ 410711.648706989653874, 1434719.110279876040295 ], [ 410708.581881624821108, 1434722.940547336824238 ], [ 410705.905255725607276, 1434727.052972465055063 ], [ 410703.644606662506703, 1434731.407950358465314 ], [ 410701.821705721900798, 1434735.963540199445561 ], [ 410700.454108436300885, 1434740.675869167549536 ], [ 410699.55498551519122, 1434745.499554958660156 ], [ 410699.132996003783774, 1434750.388142841868103 ], [ 410699.192203891754616, 1434755.294553043320775 ], [ 410699.732038974820171, 1434760.171534150838852 ], [ 410700.747302345989738, 1434764.972118170000613 ], [ 410702.228216463990975, 1434769.650072852848098 ], [ 410704.160519316385034, 1434774.160346938297153 ], [ 410705.874465145287104, 1434777.275892587844282 ], [ 410692.009804961853661, 1434779.612298321211711 ], [ 410689.187877162534278, 1434776.645472077187151 ], [ 410685.473975020984653, 1434773.438713975716382 ], [ 410681.463639074529056, 1434770.61142335832119 ], [ 410677.195491050544661, 1434768.190828579245135 ], [ 410672.710635547759011, 1434766.200241289334372 ], [ 410668.052264176367316, 1434764.658831932581961 ], [ 410663.26523959916085, 1434763.58144512376748 ], [ 410658.395663479634095, 1434762.978456686483696 ], [ 410653.490432497870643, 1434762.855673729209229 ], [ 410648.596786709676962, 1434763.214278718922287 ], [ 410643.761854599113576, 1434764.050818093586713 ], [ 410639.032199205481447, 1434765.357235521543771 ], [ 410634.453369695693254, 1434767.120949489064515 ], [ 410630.069462700921576, 1434769.324974466348067 ], [ 410625.922697642119601, 1434771.948084488045424 ], [ 410622.053010133560747, 1434774.965017570648342 ], [ 410488.116117210593075, 1434890.38720378652215 ], [ 410483.096867304993793, 1434887.813316372456029 ], [ 410467.168129840982147, 1434877.713256204035133 ], [ 410466.827977300039493, 1434877.499484138330445 ], [ 410427.224550981307402, 1434852.831728152930737 ], [ 410423.543543871375732, 1434850.749647287651896 ], [ 410398.720313597819768, 1434838.06339492299594 ], [ 410364.709262219548691, 1434816.002977459458634 ], [ 410359.207293483777903, 1434812.909170268569142 ], [ 410283.294462410092819, 1434776.325106304138899 ], [ 410273.416567340667825, 1434771.165454384405166 ], [ 410335.990075791778509, 1434772.806770140770823 ], [ 410341.030622906226199, 1434772.684677049983293 ], [ 410346.03324557072483, 1434772.055559880798683 ], [ 410350.947073072078638, 1434770.925816005794331 ], [ 410355.722137638018467, 1434769.30693357437849 ], [ 410360.30988255009288, 1434767.215374692110345 ], [ 410364.663655907614157, 1434764.672408021753654 ], [ 410368.739185021840967, 1434761.703892504563555 ], [ 410372.495026616496034, 1434758.340014407644048 ], [ 410417.34144764195662, 1434713.900388654321432 ], [ 410421.105164978187531, 1434709.726076644845307 ], [ 410424.376606971083675, 1434705.155724773416296 ], [ 410427.114435092080384, 1434700.247084827395156 ], [ 410445.132060248521157, 1434663.188781556673348 ], [ 410471.605960788729135, 1434614.225699334871024 ], [ 410474.059511782310437, 1434608.983547574141994 ], [ 410493.642216037143953, 1434559.932722800178453 ], [ 410509.075512671435717, 1434543.451697445474565 ], [ 410512.873278891784139, 1434538.879222338553518 ], [ 410520.562031772802584, 1434528.413939882768318 ], [ 410522.355319976923056, 1434525.80367351975292 ], [ 410543.153098581766244, 1434493.376411308068782 ], [ 410548.241333212645259, 1434490.178271851269528 ], [ 410551.91141041618539, 1434487.636070667067543 ], [ 410569.850581392121967, 1434473.985638887621462 ], [ 410570.499086574593093, 1434473.483722328674048 ], [ 410576.438639304018579, 1434468.808367224875838 ], [ 410579.510000293608755, 1434466.182954749790952 ], [ 410582.359343666525092, 1434463.318117697257549 ], [ 410587.914810737536754, 1434457.261536090867594 ], [ 410588.037316342932172, 1434457.12387022934854 ], [ 410591.41222985915374, 1434454.990914004389197 ], [ 410594.499929122568574, 1434452.873664987972006 ], [ 410597.420549219648819, 1434450.531313949497417 ], [ 410599.107471439463552, 1434449.07132526836358 ], [ 410599.390067107975483, 1434448.940782975405455 ], [ 410603.513146266108379, 1434446.534677104325965 ], [ 410607.387969893810805, 1434443.746331885224208 ], [ 410610.979216451698449, 1434440.601164899533615 ], [ 410614.254149389860686, 1434437.127846391638741 ], [ 410618.338678613072261, 1434432.35895556025207 ], [ 410621.209739106299821, 1434428.671056780498475 ], [ 410623.723909903375898, 1434424.73119244677946 ], [ 410627.121408645703923, 1434418.814307600725442 ], [ 410629.842034160392359, 1434413.321731592761353 ], [ 410632.532989394036122, 1434406.931560466298833 ], [ 410634.233271118311677, 1434402.25620927545242 ], [ 410635.564276465331204, 1434397.938605678733438 ], [ 410636.723434378858656, 1434393.448462674859911 ], [ 410637.461607323319186, 1434388.870239005424082 ], [ 410637.772445525741205, 1434384.243316607782617 ], [ 410637.65327515208628, 1434379.607496325857937 ], [ 410637.10512130742427, 1434375.002655544085428 ], [ 410636.330839150585234, 1434370.349000925431028 ], [ 410635.145155076461378, 1434365.031305927084759 ], [ 410634.508745724684559, 1434362.766112549696118 ], [ 410633.405717465677299, 1434359.386900859186426 ], [ 410633.889701433654409, 1434357.350161498179659 ], [ 410634.543433643761091, 1434352.666721813147888 ], [ 410634.751792451599613, 1434347.942469523753971 ], [ 410634.739215816080105, 1434344.049477187218145 ], [ 410634.498699796851724, 1434339.310013780603185 ], [ 410633.809945504239295, 1434334.614699215861037 ], [ 410633.664953060913831, 1434334.023738600313663 ], [ 410584.720870200952049, 1434363.359692906728014 ], [ 410505.897819056874141, 1434421.818851846503094 ], [ 410433.184322034008801, 1434487.722524022683501 ], [ 410400.319662736961618, 1434523.983087767381221 ], [ 410382.262112368945964, 1434569.213701855391264 ], [ 410356.654102861473802, 1434616.575331591302529 ], [ 410355.669779880088754, 1434618.493557512760162 ], [ 410340.904427846719045, 1434648.862648267066106 ], [ 410317.271325445035473, 1434672.281378281768411 ], [ 410289.465834109927528, 1434671.552034631837159 ], [ 410258.369838872167747, 1434723.432568383170292 ], [ 410216.411570709256921, 1434812.14587284415029 ], [ 410203.730911055405159, 1434847.585942408302799 ], [ 410237.711160205653869, 1434865.335296550299972 ], [ 410239.153615542454645, 1434866.059364229207858 ], [ 410312.944695792219136, 1434901.62090977653861 ], [ 410346.463781202270184, 1434923.362225824734196 ], [ 410350.91875760036055, 1434925.936297318665311 ], [ 410376.151214818935841, 1434938.831690727500245 ], [ 410413.787697443913203, 1434962.274297992466018 ], [ 410431.474995620257687, 1434973.489422618644312 ], [ 410435.434812736988533, 1434975.753872272791341 ], [ 410450.148644532368053, 1434983.299172304105014 ], [ 410458.445575144607574, 1434988.034215725958347 ], [ 410464.631672149465885, 1434991.021266660187393 ], [ 410469.149542032973841, 1434992.831509182229638 ], [ 410473.409412541077472, 1434994.319047391647473 ], [ 410477.786039910337422, 1434995.416498776059598 ], [ 410482.243782171281055, 1434996.114926013397053 ], [ 410487.48436636722181, 1434996.695197693537921 ], [ 410491.566287938214373, 1434996.978726745117456 ], [ 410495.657724423275795, 1434996.927541560959071 ], [ 410499.399010344641283, 1434996.727421720279381 ], [ 410504.312412886880338, 1434996.220269777579233 ], [ 410505.584510522952769, 1434995.960171564947814 ], [ 410490.398494531924371, 1435001.775479944655672 ], [ 410464.491115205222741, 1435006.770668136421591 ], [ 410459.724472366040573, 1435007.934920120518655 ], [ 410455.094898865150753, 1435009.560778613435104 ], [ 410450.646980026038364, 1435011.632585708517581 ], [ 410446.42355173866963, 1435014.130388771416619 ], [ 410442.46528792619938, 1435017.030132592888549 ], [ 410438.810308833024465, 1435020.303891054820269 ], [ 410435.493813905690331, 1435023.920136073604226 ], [ 410432.547742803406436, 1435027.844041232950985 ], [ 410430.000467801408377, 1435032.03781718108803 ], [ 410427.876520550344139, 1435036.461075562983751 ], [ 410426.196355823369231, 1435041.071217982564121 ], [ 410424.976154525356833, 1435045.823846248211339 ], [ 410424.227667861676309, 1435050.673189951572567 ], [ 410423.958104168181308, 1435055.572547262068838 ], [ 410424.170059490541462, 1435060.47473469004035 ], [ 410424.861492583120707, 1435065.332541491137818 ], [ 410426.025744567334186, 1435070.099184330319986 ], [ 410427.651603060076013, 1435074.728757831268013 ], [ 410429.723410155333113, 1435079.176676670555025 ], [ 410432.221213218115736, 1435083.400104957865551 ], [ 410435.120957039587665, 1435087.358368770219386 ], [ 410438.394715501519386, 1435091.013347863452509 ], [ 410442.01096052036155, 1435094.329842790728435 ], [ 410445.934865679650102, 1435097.27591389301233 ], [ 410450.128641627787147, 1435099.823188895126805 ], [ 410454.551900009799283, 1435101.947136146016419 ], [ 410459.162042429437861, 1435103.62730087316595 ], [ 410463.914670695026871, 1435104.847502171061933 ], [ 410468.764014398388099, 1435105.595988834742457 ], [ 410473.663371708709747, 1435105.865552528295666 ], [ 410478.565559136855882, 1435105.653597205877304 ], [ 410483.423365938011557, 1435104.962164113298059 ], [ 410507.041407447424717, 1435100.408381942892447 ], [ 410506.721467442926951, 1435104.204524904023856 ], [ 410506.790617175051011, 1435109.110805058386177 ], [ 410507.340333482716233, 1435113.986682273913175 ], [ 410509.252869171614293, 1435125.736579939490184 ], [ 410511.454564844432753, 1435139.302824425511062 ], [ 410454.881582450761925, 1435147.815507765160874 ], [ 410449.856520032160915, 1435148.837560670217499 ], [ 410444.962568028015085, 1435150.368925496703014 ], [ 410440.251202678482514, 1435152.393494832329452 ], [ 410435.771979715791531, 1435154.889973572921008 ], [ 410224.82788339315448, 1435287.073083387687802 ], [ 410192.608957491174806, 1435301.883934679673985 ], [ 410187.587069000699557, 1435284.676266292342916 ], [ 410187.444477231532801, 1435284.196608926635236 ], [ 410178.16916367894737, 1435253.557997961062938 ], [ 410177.322762303054333, 1435251.010783878155053 ], [ 410165.258888966229279, 1435217.719151064986363 ], [ 410150.825678736786358, 1435176.793537239544094 ], [ 410149.756309841817711, 1435174.025996882002801 ], [ 410142.195568555907812, 1435156.063022731803358 ], [ 410140.291103220544755, 1435194.829305209219456 ], [ 410145.106376548355911, 1435292.846445538802072 ], [ 410159.505822817329317, 1435389.919627225259319 ], [ 410176.000830454344396, 1435455.771389027126133 ], [ 410181.353872506238986, 1435443.66900033550337 ], [ 410190.551569171599112, 1435426.923922290792689 ], [ 410191.667500736948568, 1435427.332218009512872 ], [ 410195.698740881576668, 1435428.435477054910734 ], [ 410265.349450294685084, 1435444.400934619363397 ], [ 410271.247497845382895, 1435445.3860475984402 ], [ 410277.220969377085567, 1435445.660000790609047 ], [ 410515.428299518767744, 1435442.324005733942613 ], [ 410532.765810553450137, 1435443.612106267362833 ], [ 410548.193563572131097, 1435448.807720895856619 ], [ 410610.147479494858999, 1435475.744606526568532 ], [ 410603.015441783762071, 1435490.090756209567189 ], [ 410601.170118396985345, 1435494.271827798336744 ], [ 410599.714269488700666, 1435498.603926826501265 ], [ 410598.660058139590546, 1435503.050860204035416 ], [ 410598.016291896696202, 1435507.575475442688912 ], [ 410597.732995092344936, 1435510.529346751747653 ], [ 410597.50495568884071, 1435515.118427271489054 ], [ 410597.699146654689685, 1435519.709064684342593 ], [ 410598.313928112271242, 1435524.262492595938966 ], [ 410599.344108438352123, 1435528.740258834091946 ], [ 410600.780988105281722, 1435533.104550163494423 ], [ 410602.612433146045078, 1435537.318511607358232 ], [ 410603.966251153033227, 1435540.079077446833253 ], [ 410606.227913522452582, 1435544.190713393734768 ], [ 410608.865076885442249, 1435548.072212618310004 ], [ 410611.854512403602712, 1435551.689385839970782 ], [ 410615.169888331613038, 1435555.010372032411397 ], [ 410617.671828751801513, 1435557.291658733971417 ], [ 410618.546065214090049, 1435558.013510376447812 ], [ 410619.380958721216302, 1435558.780525381444022 ], [ 410620.193566035770345, 1435559.39172735880129 ], [ 410618.602020980848465, 1435559.924444482196122 ], [ 410614.124050035083201, 1435561.93047111411579 ], [ 410609.86426673718961, 1435564.365756085840985 ], [ 410605.863695129053667, 1435567.206846272340044 ], [ 410602.16086290217936, 1435570.426380421733484 ], [ 410598.791430355107877, 1435573.993352659977973 ], [ 410595.787846965075005, 1435577.873411095002666 ], [ 410593.179038882197347, 1435582.029188642743975 ], [ 410590.990130354301073, 1435586.420662893448025 ], [ 410581.394342100655194, 1435608.299948033178225 ], [ 410531.102935424656607, 1435587.242024889215827 ], [ 410526.857965965406038, 1435585.686178797623143 ], [ 410522.489811172592454, 1435584.520140000386164 ], [ 410518.658487519482151, 1435583.680937389843166 ], [ 410513.524715512408875, 1435582.833604457089677 ], [ 410508.330683536478318, 1435582.524379697162658 ], [ 410503.132640024588909, 1435582.756611839402467 ], [ 410497.986876852402929, 1435583.527785941259935 ], [ 410494.453436578798573, 1435584.24704658659175 ], [ 410489.877918166166637, 1435585.405779774999246 ], [ 410485.432048059650697, 1435586.990794078446925 ], [ 410481.15544435265474, 1435588.987965097418055 ], [ 410477.086216769763269, 1435591.379495616769418 ], [ 410473.260627062816638, 1435594.144074199488387 ], [ 410469.712765874806792, 1435597.257065098499879 ], [ 410467.19353350030724, 1435599.687307180138305 ], [ 410463.557323433458805, 1435603.590464318869635 ], [ 410428.962606097047683, 1435644.944321791641414 ], [ 410427.375731577572878, 1435646.942727582063526 ], [ 410419.082076746970415, 1435657.95285784592852 ], [ 410351.308260766789317, 1435610.854446617187932 ], [ 410350.504968288820237, 1435610.30770847783424 ], [ 410189.82825035561109, 1435503.217334314715117 ], [ 410216.411570709256921, 1435577.512737574288622 ], [ 410258.369838872167747, 1435666.22604203526862 ], [ 410308.821490917995106, 1435750.399538228753954 ], [ 410367.280649857828394, 1435829.22258937289007 ], [ 410433.184322034008801, 1435901.93608639575541 ], [ 410505.897819056874141, 1435967.839758571935818 ], [ 410540.635725595522672, 1435993.603145932545885 ], [ 410543.575217977107968, 1435992.33582024439238 ], [ 410548.207944432913791, 1435989.723255437565967 ], [ 410552.536949994333554, 1435986.633375159464777 ], [ 410572.06322224799078, 1435971.064390936866403 ], [ 410575.580942587635946, 1435967.979621933307499 ], [ 410578.794924680783879, 1435964.579552037408575 ], [ 410580.328613034507725, 1435962.618288663914427 ], [ 410578.957365614420269, 1435965.281858092406765 ], [ 410577.149860033125151, 1435969.843578186118975 ], [ 410575.798184843792114, 1435974.560498878825456 ], [ 410574.915357417427003, 1435979.387193645816296 ], [ 410574.509879864752293, 1435984.27717877808027 ], [ 410574.585657156188972, 1435989.183361045550555 ], [ 410575.141959515050985, 1435994.058491230942309 ], [ 410576.173429445538204, 1435998.85561916558072 ], [ 410577.670133328298107, 1436003.528545885113999 ], [ 410579.61765708681196, 1436008.032268550712615 ], [ 410581.997245002654381, 1436012.32341385120526 ], [ 410584.785980343353003, 1436016.360655711498111 ], [ 410587.957006063079461, 1436020.105113285593688 ], [ 410591.479783450777177, 1436023.520725399954244 ], [ 410595.320386234379839, 1436026.574597842758521 ], [ 410599.441827309608925, 1436029.237320153275505 ], [ 410603.804414945945609, 1436031.483248859643936 ], [ 410608.366135039599612, 1436033.290754440939054 ], [ 410613.083055732306093, 1436034.64242963027209 ], [ 410617.909750499355141, 1436035.525257056578994 ], [ 410622.799735631560907, 1436035.930734609253705 ], [ 410627.705917898972984, 1436035.85495731793344 ], [ 410628.955802636221051, 1436035.712332649156451 ], [ 410631.756458376534283, 1436039.182729674968868 ], [ 410635.197427037055604, 1436042.680743585107848 ], [ 410638.96469181322027, 1436045.824639694299549 ], [ 410643.021971885929815, 1436048.58414056408219 ], [ 410647.33019343012711, 1436050.932670692913234 ], [ 410651.847865917254239, 1436052.8476124512963 ], [ 410655.622858663322404, 1436054.026718592271209 ], [ 410649.116003334347624, 1436064.895874953363091 ], [ 410668.894366394553799, 1436076.750569557538256 ], [ 410738.781095677928533, 1436109.804530810797587 ], [ 410745.99785559164593, 1436097.749538352014497 ], [ 410778.891360337554943, 1436126.324263587826863 ], [ 410850.006425966101233, 1436151.769640941405669 ], [ 410945.200781204388477, 1436175.614585612434894 ], [ 411042.273962890962139, 1436190.014031881466508 ], [ 411140.291103220544755, 1436194.829305209219456 ], [ 411238.308243550127372, 1436190.014031881466508 ], [ 411335.381425236701034, 1436175.614585612434894 ], [ 411397.478800035372842, 1436160.060002963291481 ], [ 411396.691841046616901, 1436158.376795821590349 ], [ 411394.187995661864989, 1436154.156946899136528 ], [ 411391.282589452981483, 1436150.202837467193604 ], [ 411388.003603070101235, 1436146.55254776077345 ], [ 411384.382614944479428, 1436143.241232065716758 ], [ 411380.454497171274852, 1436140.300780161982402 ], [ 411376.257079671835527, 1436137.759510208852589 ], [ 411371.83078587136697, 1436135.641896025044844 ], [ 411367.218243398761842, 1436133.968331393087283 ], [ 411362.463873559550848, 1436132.754933655029163 ], [ 411357.613463534216862, 1436132.013388494495302 ], [ 411352.713725422858261, 1436131.75083739659749 ], [ 411347.811846381926443, 1436131.969808872090653 ], [ 411247.075055490306113, 1436141.439477371750399 ], [ 411241.928730564657599, 1436142.195000406354666 ], [ 411236.88874337344896, 1436143.481081433827057 ], [ 411236.071233973372728, 1436143.783132932381704 ], [ 411297.481193096551578, 1436106.642334433970973 ], [ 411301.55013677343959, 1436103.900060925865546 ], [ 411305.330697567085735, 1436100.772165990900248 ], [ 411308.786466610385105, 1436097.288772966945544 ], [ 411311.88416295836214, 1436093.483428833540529 ], [ 411314.593954101786949, 1436089.392781134461984 ], [ 411316.889743270643521, 1436085.056225043255836 ], [ 411318.749420760257635, 1436080.515523965936154 ], [ 411320.155076859693509, 1436075.814407335827127 ], [ 411321.093174332403578, 1436070.998149476246908 ], [ 411321.554678786895238, 1436066.113133582985029 ], [ 411321.535145682981238, 1436061.206405029632151 ], [ 411321.03476313513238, 1436056.325218294281512 ], [ 411320.058350100764073, 1436051.516581873642281 ], [ 411318.676476533059031, 1436047.025592478225008 ], [ 411342.418227999936789, 1436069.265964014222845 ], [ 411345.33630627207458, 1436071.795179152162746 ], [ 411348.440873266139533, 1436074.091649007517844 ], [ 411351.299547616159543, 1436076.040059559978545 ], [ 411355.915768378821667, 1436078.834021496586502 ], [ 411360.806187642912846, 1436081.114266407676041 ], [ 411365.913850182318129, 1436082.854237906401977 ], [ 411371.179270693275612, 1436084.033671785611659 ], [ 411374.087492870516144, 1436084.522037382237613 ], [ 411379.545715098734945, 1436085.132738790940493 ], [ 411385.037989328033291, 1436085.141099036438391 ], [ 411390.498045456537511, 1436084.547017243457958 ], [ 411395.860002127941698, 1436083.357661637477577 ], [ 411398.135561955103185, 1436082.719961555674672 ], [ 411403.029381442116573, 1436081.071584180230275 ], [ 411407.727084224228747, 1436078.927241456927732 ], [ 411412.178561564884149, 1436076.309806332690641 ], [ 411421.99718024925096, 1436069.831866877619177 ], [ 411423.140223599097226, 1436070.461454035714269 ], [ 411426.419345008558594, 1436072.113667664350942 ], [ 411434.184183726669289, 1436075.674814515979961 ], [ 411434.559369873371907, 1436076.308806548593566 ], [ 411437.645151146745775, 1436080.918903332902119 ], [ 411445.010895180806983, 1436090.701880586566404 ], [ 411444.341560773958918, 1436091.198485577013344 ], [ 411440.508524519391358, 1436094.715355198364705 ], [ 411437.061630994139705, 1436098.611438345396891 ], [ 411435.711352252634242, 1436100.307903436943889 ], [ 411432.953596713836305, 1436104.129311393713579 ], [ 411430.567863586067688, 1436108.193379777483642 ], [ 411428.575346171215642, 1436112.464006047230214 ], [ 411426.993744698294904, 1436116.903252736199647 ], [ 411425.837109086394776, 1436121.471684463322163 ], [ 411425.115714134124573, 1436126.128718251828104 ], [ 411424.799803581729066, 1436129.082681569969282 ], [ 411424.517208044417202, 1436134.098953111795709 ], [ 411424.739460189070087, 1436139.118260275572538 ], [ 411425.464315905526746, 1436144.089922433253378 ], [ 411426.684456226939801, 1436148.963740035193041 ], [ 411427.703827155230101, 1436152.311577828135341 ], [ 411427.761663282231893, 1436152.474540602648631 ], [ 411430.575780474988278, 1436151.769640941405669 ], [ 411522.974535585613921, 1436118.708837720565498 ], [ 411611.687840046535712, 1436076.750569557538256 ], [ 411695.861336240137462, 1436026.298917511710897 ], [ 411774.68438738421537, 1435967.839758571935818 ], [ 411847.39788440708071, 1435901.93608639575541 ], [ 411913.301556583261117, 1435829.22258937289007 ], [ 411971.760715523094404, 1435750.399538228753954 ], [ 412022.212367568921763, 1435666.22604203526862 ], [ 412064.17063573183259, 1435577.512737574288622 ], [ 412097.231438952730969, 1435485.113982463721186 ], [ 412121.076383623760194, 1435389.919627225259319 ], [ 412135.4758298927336, 1435292.846445538802072 ], [ 412140.291103220544755, 1435194.829305209219456 ], [ 412135.4758298927336, 1435096.812164879636839 ], [ 412121.076383623760194, 1434999.738983193179592 ], [ 412097.231438952730969, 1434904.544627954717726 ], [ 412064.17063573183259, 1434812.14587284415029 ] ], [ [ 411063.489915459882468, 1436131.463290604064241 ], [ 411063.13959739432903, 1436131.675505318446085 ], [ 411061.747723163163755, 1436130.578898864798248 ], [ 411063.489915459882468, 1436131.463290604064241 ] ], [ [ 410960.708809657488018, 1435984.705499523784965 ], [ 410963.423551437910646, 1435995.8148457785137 ], [ 410964.707403140782844, 1436000.192077143350616 ], [ 410966.384841979248449, 1436004.434084752807394 ], [ 410968.441906006017234, 1436008.505560800433159 ], [ 410970.861473512253724, 1436012.372616876848042 ], [ 410973.623405537975486, 1436016.003066036617383 ], [ 410976.704713495913893, 1436019.366690701339394 ], [ 410980.079750514123589, 1436022.435494171921164 ], [ 410995.33338470075978, 1436035.08340553031303 ], [ 410995.134316672803834, 1436035.451846327865496 ], [ 410977.244732779450715, 1436063.997231613844633 ], [ 410913.963383271126077, 1436014.139277785550803 ], [ 410938.949282124172896, 1435971.705688871908933 ], [ 410955.54238891339628, 1435981.95547714876011 ], [ 410958.749046995828394, 1435983.776435953099281 ], [ 410960.708809657488018, 1435984.705499523784965 ] ], [ [ 410550.606470381666441, 1435344.8369150175713 ], [ 410546.457699722086545, 1435344.353741298429668 ], [ 410520.637995596101973, 1435342.435451262863353 ], [ 410516.233265907736495, 1435342.302926572272554 ], [ 410320.645879976160359, 1435345.042046952061355 ], [ 410480.052363901573699, 1435245.153758361702785 ], [ 410602.864822765928693, 1435226.673849256010726 ], [ 410607.138532964861952, 1435225.839023045264184 ], [ 410611.323400153429247, 1435224.635519708506763 ], [ 410618.582412907038815, 1435222.201031163334846 ], [ 410623.12047600839287, 1435220.428737082518637 ], [ 410627.464514487073757, 1435218.223204784560949 ], [ 410631.573285966936965, 1435215.605373631231487 ], [ 410635.407781700894702, 1435212.600097356596962 ], [ 410638.931596920476295, 1435209.235908105270937 ], [ 410642.111276463372633, 1435205.544745547696948 ], [ 410645.18965608131839, 1435201.597522744210437 ], [ 410647.00904390605865, 1435199.00498571828939 ], [ 410666.904151568131056, 1435195.503318528877571 ], [ 410658.095366104796994, 1435216.003653192427009 ], [ 410646.623308647947852, 1435241.748720014700666 ], [ 410645.362446980085224, 1435244.854303683154285 ], [ 410636.492400505580008, 1435268.993216110859066 ], [ 410635.157773813698441, 1435273.186779625946656 ], [ 410629.841623320942745, 1435292.846076775575057 ], [ 410628.520325397548731, 1435299.490334708476439 ], [ 410626.64738652628148, 1435313.984666159842163 ], [ 410626.258604849863332, 1435318.85955907125026 ], [ 410626.347913013945799, 1435323.749114893842489 ], [ 410626.894769510021433, 1435331.876270905137062 ], [ 410626.985564694507048, 1435332.59116454818286 ], [ 410627.034022247185931, 1435333.533711897674948 ], [ 410627.487735714297742, 1435336.545106288744137 ], [ 410627.639490183733869, 1435337.739974784199148 ], [ 410635.109854931943119, 1435377.554793349700049 ], [ 410586.110027162008919, 1435356.250203689560294 ], [ 410582.131375483120792, 1435354.718523188261315 ], [ 410558.711033831350505, 1435346.831239178776741 ], [ 410554.700438065570779, 1435345.664673093007877 ], [ 410550.606470381666441, 1435344.8369150175713 ] ], [ [ 410636.207793820707593, 1434894.775992698734626 ], [ 410637.969237903831527, 1434907.747463974868879 ], [ 410554.536326594825368, 1434968.458399532362819 ], [ 410542.030199792585336, 1434975.934988984372467 ], [ 410636.207793820707593, 1434894.775992698734626 ] ], [ [ 411656.586210153938737, 1435659.547772470861673 ], [ 411654.492919037176762, 1435700.823395670158789 ], [ 411650.989750471315347, 1435698.38574359822087 ], [ 411646.706809845811222, 1435695.991419844562188 ], [ 411642.209807982668281, 1435694.028427006676793 ], [ 411637.542053468176164, 1435692.515669778455049 ], [ 411632.748499330016784, 1435691.467716838931665 ], [ 411627.875310114875901, 1435690.89466054784134 ], [ 411622.969417298911139, 1435690.802019750699401 ], [ 411618.078067311784253, 1435691.190686628920957 ], [ 411615.532622995495331, 1435691.6472250551451 ], [ 411615.386070419743191, 1435691.485341042513028 ], [ 411611.752303001179826, 1435688.188054129481316 ], [ 411607.812842531886417, 1435685.262816045200452 ], [ 411603.605628169665579, 1435682.737798431655392 ], [ 411599.17117768881144, 1435680.637318588327616 ], [ 411596.770195976947434, 1435679.776666019344702 ], [ 411596.295457470114343, 1435676.817828788189217 ], [ 411590.076810597092845, 1435638.001696588238701 ], [ 411583.115005429368466, 1435594.576116212876514 ], [ 411582.35051657090662, 1435589.810103015042841 ], [ 411655.287724929279648, 1435583.34367491165176 ], [ 411656.586210153938737, 1435659.547772470861673 ] ], [ [ 411163.374502566352021, 1436014.580371770774946 ], [ 411165.317603959061671, 1436010.427344033960253 ], [ 411217.931087830336764, 1436031.235566904302686 ], [ 411222.776014864153694, 1436032.87052788073197 ], [ 411225.130794895172585, 1436033.533153119729832 ], [ 411202.16058073710883, 1436047.425559297669679 ], [ 411199.427483917388599, 1436045.968184650642797 ], [ 411194.892355000134557, 1436044.094959532609209 ], [ 411190.195455798937473, 1436042.675274872919545 ], [ 411185.38202002068283, 1436041.722803011070937 ], [ 411181.255793299642392, 1436041.320551968645304 ], [ 411180.356980156386271, 1436038.159946849336848 ], [ 411178.479434580018278, 1436033.441132978070527 ], [ 411176.132891537214164, 1436028.937121711438522 ], [ 411173.341560201661196, 1436024.694380720378831 ], [ 411170.134238606551662, 1436020.756682163104415 ], [ 411166.544016537198331, 1436017.164651089347899 ], [ 411163.374502566352021, 1436014.580371770774946 ] ], [ [ 411032.068689047067892, 1435790.677802826743573 ], [ 411069.823710036929697, 1435786.317167267203331 ], [ 411068.33985716936877, 1435790.283947634277865 ], [ 411067.079465162707493, 1435795.026075703790411 ], [ 411066.289952120510861, 1435799.868909150827676 ], [ 411065.978921485017054, 1435804.765808841679245 ], [ 411066.067495900089853, 1435807.314116143621504 ], [ 411032.068689047067892, 1435790.677802826743573 ] ], [ [ 411030.195440559647977, 1435622.402265713084489 ], [ 411028.671566482400522, 1435621.738081818912178 ], [ 411009.093170802982058, 1435613.589344814186916 ], [ 411018.216461285890546, 1435578.993631768040359 ], [ 411019.022614784131292, 1435575.309280838118866 ], [ 411057.098204323963728, 1435634.664021008880809 ], [ 411030.195440559647977, 1435622.402265713084489 ] ], [ [ 410992.925899989262689, 1435359.016570552019402 ], [ 410988.494656873692293, 1435361.134596303338185 ], [ 410969.904388812137768, 1435371.170313449809328 ], [ 410965.734908994461875, 1435373.690914023201913 ], [ 410950.117988910817076, 1435384.20370263652876 ], [ 410949.854727926431224, 1435384.400357810081914 ], [ 410949.575714461912867, 1435384.573940900620073 ], [ 410947.889740536105819, 1435385.86819755542092 ], [ 410946.186915886588395, 1435387.140202511800453 ], [ 410945.944198153272737, 1435387.361714825965464 ], [ 410945.68354233331047, 1435387.561810168204829 ], [ 410944.132546169508714, 1435389.015088965650648 ], [ 410942.562599373864941, 1435390.447874873643741 ], [ 410942.342762396670878, 1435390.692111043259501 ], [ 410942.102974478562828, 1435390.91679161018692 ], [ 410940.701893015997484, 1435392.515096683055162 ], [ 410939.27994352177484, 1435394.094865029444918 ], [ 410939.085104450350627, 1435394.359472927404568 ], [ 410938.868493723566644, 1435394.606574921635911 ], [ 410937.630820143967867, 1435396.3345137166325 ], [ 410936.370562100724783, 1435398.04605047008954 ], [ 410936.202597342431545, 1435398.32848177687265 ], [ 410936.011249886068981, 1435398.59562547178939 ], [ 410934.948903661337681, 1435400.436556996079162 ], [ 410933.862474044261035, 1435402.263379119802266 ], [ 410933.723001191276126, 1435402.560913867782801 ], [ 410933.558759786188602, 1435402.84552652342245 ], [ 410932.681971892132424, 1435404.781721598701552 ], [ 410931.77983361139195, 1435406.706235798308626 ], [ 410931.670195863523986, 1435407.016008565202355 ], [ 410931.534642244223505, 1435407.315349206095561 ], [ 410930.851856628200039, 1435409.328161214478314 ], [ 410930.142697767994832, 1435411.331833367235959 ], [ 410930.063950996496715, 1435411.650860872585326 ], [ 410929.958390618674457, 1435411.962046684231609 ], [ 410929.476182879356202, 1435414.032091144705191 ], [ 410928.966833027137909, 1435416.095624793320894 ], [ 410928.919735606643371, 1435416.420834627235308 ], [ 410928.845185074256733, 1435416.74086872045882 ], [ 410928.568199135130271, 1435418.848209976684302 ], [ 410928.263563609158155, 1435420.951732160756364 ], [ 410928.248569113551639, 1435421.279992374358699 ], [ 410928.20574638893595, 1435421.605792646529153 ], [ 410928.136649776482955, 1435423.730135848745704 ], [ 410928.039662382914685, 1435425.85338850133121 ], [ 410928.056915217370261, 1435426.181537770200521 ], [ 410928.046232706867158, 1435426.50996658555232 ], [ 410928.073105874296743, 1435426.918655061395839 ], [ 410822.749946430616546, 1435422.961743092862889 ], [ 410809.715922359842807, 1435373.225807026494294 ], [ 410808.263759238237981, 1435368.608678102958947 ], [ 410806.371975649090018, 1435364.15358976717107 ], [ 410804.058298858639318, 1435359.90228915004991 ], [ 410802.025302445690613, 1435356.900107122957706 ], [ 410808.692049394419882, 1435355.934775755973533 ], [ 410811.175660798384342, 1435355.511012869188562 ], [ 410836.355980355583597, 1435350.558737821877003 ], [ 410860.289803396910429, 1435346.288562400266528 ], [ 410865.544377703859936, 1435345.055143536999822 ], [ 410885.081367189064622, 1435339.340646041790023 ], [ 410887.469780009065289, 1435338.576525330310687 ], [ 410905.47571935551241, 1435332.313987211789936 ], [ 410909.92221227142727, 1435330.524234689306468 ], [ 410914.176899295998737, 1435328.316939587472007 ], [ 410918.200680683774408, 1435325.712386518949643 ], [ 410928.369780696579255, 1435318.415392163209617 ], [ 410993.62575960153481, 1435275.840963684488088 ], [ 410997.961441586783621, 1435272.667577575426549 ], [ 411042.432560794579331, 1435236.292730835732073 ], [ 411045.241718874545768, 1435233.813651237636805 ], [ 411047.857357164088171, 1435231.131182018667459 ], [ 411069.593234261148609, 1435207.101035698316991 ], [ 411104.77430689742323, 1435212.540887161623687 ], [ 411117.171564604796004, 1435215.907961256569251 ], [ 411114.755820828198921, 1435254.345687041757628 ], [ 411114.730946361378301, 1435254.770318481139839 ], [ 411112.242518187267706, 1435300.587775296997279 ], [ 411112.211695991456509, 1435301.231977862305939 ], [ 411110.739606273302343, 1435336.804132215911523 ], [ 411040.900318094645627, 1435344.404708949616179 ], [ 411034.903526195441373, 1435345.015269662952051 ], [ 411029.604348809574731, 1435345.843970556510612 ], [ 411024.424428963975515, 1435347.235536771826446 ], [ 411010.935360296163708, 1435351.647529649082571 ], [ 411007.158348397351801, 1435353.053813929436728 ], [ 410992.925899989262689, 1435359.016570552019402 ] ], [ [ 410749.227511018456426, 1434941.432654900476336 ], [ 410764.651214962592348, 1434938.738485286012292 ], [ 410753.970189084298909, 1434958.644312763120979 ], [ 410752.503874548710883, 1434951.769833646481857 ], [ 410750.473652032495011, 1434944.786767853656784 ], [ 410749.227511018456426, 1434941.432654900476336 ] ], [ [ 410860.914147976320237, 1435703.882510324241593 ], [ 410856.720618889608886, 1435701.334828939521685 ], [ 410852.297566347930115, 1435699.210453065810725 ], [ 410843.999166199471802, 1435695.714915019460022 ], [ 410895.159764624782838, 1435694.397432702127844 ], [ 410926.263044785126112, 1435694.111676467582583 ], [ 410928.143963422626257, 1435694.05898803495802 ], [ 410940.767966602230445, 1435693.467469247523695 ], [ 410957.6607157002436, 1435700.498411513632163 ], [ 410956.605246526072733, 1435700.896206036442891 ], [ 410952.205480706063099, 1435703.068400173215196 ], [ 410948.039813218580093, 1435705.661387065425515 ], [ 410944.148361718689557, 1435708.650194831658155 ], [ 410940.568603011663072, 1435712.00603961921297 ], [ 410937.33501213073032, 1435715.696602808544412 ], [ 410934.478730323782656, 1435719.686342258471996 ], [ 410932.027265145909041, 1435723.936834597028792 ], [ 410930.004225547017995, 1435728.407145259669051 ], [ 410928.82951741112629, 1435731.872863058233634 ], [ 410928.428051572584081, 1435731.656473155366257 ], [ 410923.901360056363046, 1435729.762949837138876 ], [ 410919.21086805628147, 1435728.322237709071487 ], [ 410914.401747574389447, 1435727.348211616277695 ], [ 410909.520313069864642, 1435726.850251962430775 ], [ 410904.613575425406452, 1435726.833154371241108 ], [ 410899.728789206885267, 1435727.297083501936868 ], [ 410894.912997575826012, 1435728.237571463221684 ], [ 410890.212579238286708, 1435729.645560842007399 ], [ 410885.672801792272367, 1435731.507491930853575 ], [ 410881.473080036463216, 1435733.733510009013116 ], [ 410880.820635454729199, 1435731.061169037595391 ], [ 410879.195225594914518, 1435726.431438005762175 ], [ 410877.123849531635642, 1435721.983318420592695 ], [ 410874.626455748686567, 1435717.75964810536243 ], [ 410871.727095513371751, 1435713.801103314151987 ], [ 410868.453691249829717, 1435710.145806996850297 ], [ 410864.837767630408052, 1435706.828961655730382 ], [ 410860.914147976320237, 1435703.882510324241593 ] ], [ [ 410804.516312931140419, 1435570.370253420900553 ], [ 410810.623446908546612, 1435570.638110450701788 ], [ 410811.388455114676617, 1435570.634089697152376 ], [ 410812.151988094847184, 1435570.681745897745714 ], [ 410904.108529790944885, 1435571.899977699387819 ], [ 410916.532597794546746, 1435572.414901760872453 ], [ 410910.774494017008692, 1435594.249754695687443 ], [ 410893.827099765534513, 1435594.405456073116511 ], [ 410892.999279116629623, 1435594.419916788814589 ], [ 410820.745552210370079, 1435596.280587119050324 ], [ 410783.592983249865938, 1435592.983339961851016 ], [ 410779.151024031045381, 1435563.628823910607025 ], [ 410780.819480396923609, 1435564.504972328897566 ], [ 410785.11228216800373, 1435566.272862732876092 ], [ 410789.550553472596221, 1435567.634968218626454 ], [ 410794.272452552104369, 1435568.847371249459684 ], [ 410799.354847351904027, 1435569.874752156203613 ], [ 410804.516312931140419, 1435570.370253420900553 ] ], [ [ 411164.304112581361551, 1435580.248881866922602 ], [ 411159.23951691063121, 1435580.206446077208966 ], [ 411154.196611534396652, 1435580.676590172341093 ], [ 411149.816903750761412, 1435581.310007205465809 ], [ 411144.952553136041388, 1435582.261749161174521 ], [ 411142.72061985428445, 1435582.933595181442797 ], [ 411120.978441877814475, 1435549.040454191854224 ], [ 411136.880605368933175, 1435546.409446450183168 ], [ 411139.710635817842558, 1435548.271543333306909 ], [ 411144.324221110844519, 1435550.661692573921755 ], [ 411149.160941702721175, 1435552.560143670300022 ], [ 411154.168564914027229, 1435553.946394882164896 ], [ 411177.279889217112213, 1435559.068013220792636 ], [ 411177.857725342793856, 1435581.050128757720813 ], [ 411164.304112581361551, 1435580.248881866922602 ] ], [ [ 411250.305270679644309, 1435877.483313203090802 ], [ 411266.997087401046883, 1435901.186096257530153 ], [ 411267.918998582928907, 1435902.367523876251653 ], [ 411268.795076028094627, 1435903.583328030770645 ], [ 411269.221363639517222, 1435904.066846904112026 ], [ 411269.611554769740906, 1435904.579938035691157 ], [ 411269.823808710614685, 1435904.808534830110148 ], [ 411270.01571483258158, 1435905.054462200496346 ], [ 411271.048986915033311, 1435906.13983782264404 ], [ 411272.040015456033871, 1435907.263916943920776 ], [ 411273.593821789952926, 1435908.861002595862374 ], [ 411149.893427341652568, 1435848.331863194936886 ], [ 411152.676200618734583, 1435846.993307997705415 ], [ 411158.620085214613937, 1435843.733696428826079 ], [ 411162.360123766353354, 1435841.464404568076134 ], [ 411165.887490130437072, 1435838.876884432509542 ], [ 411168.317428731243126, 1435836.743880812777206 ], [ 411171.156582370051183, 1435839.062255226075649 ], [ 411175.243100646184757, 1435841.778269772650674 ], [ 411179.576157198811416, 1435844.080657131737098 ], [ 411184.114022324618418, 1435845.947244054172188 ], [ 411188.812993901839945, 1435847.360054287360981 ], [ 411193.627818265464157, 1435848.305481696734205 ], [ 411198.51212602481246, 1435848.774421299574897 ], [ 411203.418878626136575, 1435848.762356950668618 ], [ 411208.300821359560359, 1435848.269404836930335 ], [ 411214.14389353984734, 1435847.387978983810171 ], [ 411218.529812610242516, 1435846.524280920857564 ], [ 411222.821063517068978, 1435845.272312035318464 ], [ 411226.983346703113057, 1435843.642079194542021 ], [ 411227.977702140284237, 1435843.146034248871729 ], [ 411233.059955101227388, 1435850.973979801870883 ], [ 411249.242917428957298, 1435875.912277673603967 ], [ 411250.305270679644309, 1435877.483313203090802 ] ], [ [ 411480.175147192319855, 1434914.713880344992504 ], [ 411477.25918641325552, 1434910.767547949915752 ], [ 411476.71172967745224, 1434910.161364546976984 ], [ 411495.192620836896822, 1434911.57578849978745 ], [ 411506.490834500815254, 1434932.888708617305383 ], [ 411506.796083361143246, 1434933.466412576846778 ], [ 411488.42469591635745, 1434945.015307897701859 ], [ 411488.552367449505255, 1434942.50729897711426 ], [ 411488.320299479470123, 1434937.606022500898689 ], [ 411487.608939875965007, 1434932.751093649305403 ], [ 411486.425139420840424, 1434927.989268041215837 ], [ 411484.780298759636935, 1434923.366404660278931 ], [ 411482.69025860709371, 1434918.927024208242074 ], [ 411480.175147192319855, 1434914.713880344992504 ] ], [ [ 411924.485188523831312, 1435548.295389055041596 ], [ 411943.614125027379487, 1435547.387761978898197 ], [ 411943.76866772712674, 1435551.051739868940786 ], [ 411943.308242165367119, 1435564.459299072157592 ], [ 411943.293116807064507, 1435567.372350451769307 ], [ 411943.536118246673141, 1435577.519659292185679 ], [ 411943.348631065571681, 1435579.168808153364807 ], [ 411941.157326644577552, 1435584.239271982340142 ], [ 411940.8977450269158, 1435584.922460269648582 ], [ 411940.630095358996186, 1435585.506735327187926 ], [ 411940.192360895278398, 1435586.778948340797797 ], [ 411939.565947775554378, 1435588.427593996748328 ], [ 411939.304942907474469, 1435589.358102613827214 ], [ 411939.033663292357232, 1435590.146538264350966 ], [ 411938.756540627276991, 1435591.313211922999471 ], [ 411938.355893485248089, 1435592.741559297544882 ], [ 411938.134777602390386, 1435593.930805626092479 ], [ 411937.899698698078282, 1435594.920476987957954 ], [ 411937.761114932654891, 1435595.940507291583344 ], [ 411937.536880281288177, 1435597.146527557633817 ], [ 411937.399067720514722, 1435598.605315298773348 ], [ 411937.239122275088448, 1435599.7825758587569 ], [ 411937.207920566026587, 1435600.628665885655209 ], [ 411937.115484684996773, 1435601.607127713738009 ], [ 411936.648240340233315, 1435611.063294159248471 ], [ 411936.279386608221103, 1435613.818062984151766 ], [ 411929.220700065372512, 1435613.712442367570475 ], [ 411928.613564851111732, 1435605.614185833605006 ], [ 411928.365143534203526, 1435603.132602230645716 ], [ 411923.479606787848752, 1435564.162625286728144 ], [ 411923.271393939096015, 1435562.681608725804836 ], [ 411921.054298594244756, 1435548.457884218310937 ], [ 411924.485188523831312, 1435548.295389055041596 ] ], [ [ 411820.588158030179329, 1435553.214249727316201 ], [ 411824.349333836173173, 1435577.343987139640376 ], [ 411828.720029418589547, 1435612.207281577633694 ], [ 411820.612972555973101, 1435612.085767742944881 ], [ 411818.116194740170613, 1435553.331222529755905 ], [ 411820.588158030179329, 1435553.214249727316201 ] ] ], [ [ [ 413504.374071797996294, 1436180.196655869716778 ], [ 413453.922419752168935, 1436096.023159676231444 ], [ 413395.463260812335648, 1436017.200108532095328 ], [ 413329.55958863615524, 1435944.486611509229988 ], [ 413256.8460916132899, 1435878.58293933304958 ], [ 413178.023040469211992, 1435820.123780393274501 ], [ 413093.849544275610242, 1435769.672128347447142 ], [ 413005.136239814688452, 1435727.7138601844199 ], [ 412912.737484704062808, 1435694.653056963579729 ], [ 412885.436820260831155, 1435687.814596516080201 ], [ 412885.721523230429739, 1435694.289457827107981 ], [ 412886.573304332850967, 1435701.537340780021623 ], [ 412889.959587944031227, 1435719.142309839604422 ], [ 412890.211258525785524, 1435733.187651303829625 ], [ 412890.519385677180253, 1435737.905717318411916 ], [ 412891.490018905897159, 1435746.496050915447995 ], [ 412891.855789325549267, 1435749.111861809389666 ], [ 412899.737559445202351, 1435796.3451600917615 ], [ 412900.173827505146619, 1435798.63067012000829 ], [ 412900.455610484292265, 1435799.940593630773947 ], [ 412912.594606892846059, 1435857.186304897535592 ], [ 412912.917596058978233, 1435858.607127479743212 ], [ 412920.423924811766483, 1435889.535332602681592 ], [ 412916.148482547025196, 1435888.997629922814667 ], [ 412911.243494760012254, 1435888.865488147828728 ], [ 412906.349173671042081, 1435889.214755548164248 ], [ 412901.512654267600738, 1435890.042068487266079 ], [ 412896.780514875543304, 1435891.339459489565343 ], [ 412892.198328583966941, 1435893.094433970283717 ], [ 412887.810224351822399, 1435895.290090566268191 ], [ 412883.912288977066055, 1435897.745398411760107 ], [ 412881.696633801562712, 1435895.912776201032102 ], [ 412877.62730202783132, 1435893.171078633051366 ], [ 412877.113937410642393, 1435892.894140222109854 ], [ 412876.995711808325723, 1435891.664343461161479 ], [ 412876.049688864150085, 1435886.849636073457077 ], [ 412874.636297429329716, 1435882.150839281734079 ], [ 412872.769149236090016, 1435877.613205067347735 ], [ 412870.46622594218934, 1435873.280433328356594 ], [ 412867.749705957889091, 1435869.194251025328413 ], [ 412864.645750855561346, 1435865.394010327523574 ], [ 412861.184253419691231, 1435861.916309630032629 ], [ 412857.398549762787297, 1435858.794641092186794 ], [ 412853.325098280620296, 1435856.059068087954074 ], [ 412849.003128537675366, 1435853.73593568103388 ], [ 412844.474263465264812, 1435851.847616906277835 ], [ 412839.782118509639986, 1435850.41229730611667 ], [ 412834.971881591831334, 1435849.443799792556092 ], [ 412831.183563679631334, 1435849.061749330721796 ], [ 412842.666789303300902, 1435819.025441445177421 ], [ 412849.752782940922771, 1435801.148798935813829 ], [ 412851.659681306860875, 1435795.316146786790341 ], [ 412857.827860998222604, 1435771.612807733239606 ], [ 412868.022188249393366, 1435736.036770361009985 ], [ 412869.420787423790898, 1435729.563989679794759 ], [ 412873.689617230207659, 1435700.640458084642887 ], [ 412874.104286506946664, 1435696.818786251591519 ], [ 412874.22412944259122, 1435692.976552021456882 ], [ 412874.166079240327235, 1435684.99142285855487 ], [ 412817.543129465775564, 1435670.808112292550504 ], [ 412720.469947779201902, 1435656.40866602351889 ], [ 412622.452807449619286, 1435651.593392695765942 ], [ 412524.435667120036669, 1435656.40866602351889 ], [ 412427.362485433463007, 1435670.808112292550504 ], [ 412332.168130195175763, 1435694.653056963579729 ], [ 412239.76937508455012, 1435727.7138601844199 ], [ 412151.056070623628329, 1435769.672128347447142 ], [ 412066.88257443002658, 1435820.123780393274501 ], [ 411988.059523285948671, 1435878.58293933304958 ], [ 411915.346026263083331, 1435944.486611509229988 ], [ 411849.442354086902924, 1436017.200108532095328 ], [ 411790.983195147069637, 1436096.023159676231444 ], [ 411740.531543101242278, 1436180.196655869716778 ], [ 411698.573274938331451, 1436268.909960330696777 ], [ 411665.512471717433073, 1436361.308715441264212 ], [ 411641.667527046403848, 1436456.503070679726079 ], [ 411627.268080777430441, 1436553.576252366183326 ], [ 411622.452807449619286, 1436651.593392695765942 ], [ 411625.428397790063173, 1436712.162925536045805 ], [ 411626.251713969337288, 1436712.878510399023071 ], [ 411643.703245782584418, 1436726.81329491105862 ], [ 411647.082091348129325, 1436729.286858868552372 ], [ 411650.656066258612555, 1436731.469018200179562 ], [ 411654.400102487998083, 1436733.34446713863872 ], [ 411693.630289910943247, 1436750.981037969235331 ], [ 411697.99199393944582, 1436752.700896712951362 ], [ 411702.49561690504197, 1436754.004643741529435 ], [ 411707.101558674068656, 1436754.880815271986648 ], [ 411711.769319428771269, 1436755.32170717138797 ], [ 411746.441863331594504, 1436756.961994855199009 ], [ 411759.662232529663015, 1436760.765446310630068 ], [ 411996.353556316928007, 1436881.52294491790235 ], [ 412032.522826859843917, 1436909.998697683447972 ], [ 411989.582975831755903, 1437027.132341700373217 ], [ 411928.796240675204899, 1437060.435302125755697 ], [ 411916.177763004961889, 1437059.945817325031385 ], [ 411811.128734051249921, 1437024.194689094554633 ], [ 411679.528045525483321, 1436975.778583104955032 ], [ 411677.406547178514302, 1436975.119783965870738 ], [ 411698.573274938331451, 1437034.276825060835108 ], [ 411730.101420629653148, 1437100.93748838827014 ], [ 411777.17599597631488, 1437118.25630073575303 ], [ 411778.330746939114761, 1437118.66514611011371 ], [ 411890.85371495137224, 1437156.959865236654878 ], [ 411895.485418513533659, 1437158.290840918431059 ], [ 411900.223742866539396, 1437159.169735951349139 ], [ 411905.024670542392414, 1437159.588385690934956 ], [ 411938.746871494862717, 1437160.896507418714464 ], [ 411943.245055127656087, 1437160.868500385433435 ], [ 411947.722518000809941, 1437160.436335361562669 ], [ 411952.143020532093942, 1437159.603510194458067 ], [ 411956.470784163509961, 1437158.376765584107488 ], [ 411960.6707809449872, 1437156.766030527185649 ], [ 411964.709017042710911, 1437154.784341952297837 ], [ 412054.091826310672332, 1437105.814576556906104 ], [ 412058.456738934211899, 1437103.123362872982398 ], [ 412062.523055415600538, 1437099.999236823059618 ], [ 412066.248006086447276, 1437096.475058081559837 ], [ 412069.592411776597146, 1437092.587894091848284 ], [ 412072.521095902076922, 1437088.37863018992357 ], [ 412075.003254454000853, 1437083.891539570409805 ], [ 412077.012779996148311, 1437079.17381762037985 ], [ 412123.807107468543109, 1436951.525724650360644 ], [ 412168.063561198941898, 1436989.934830766636878 ], [ 412168.864040205662604, 1436990.614938310347497 ], [ 412310.119424062664621, 1437108.096825613174587 ], [ 412310.068818052415736, 1437113.131570673547685 ], [ 412310.393765728571452, 1437118.681062422227114 ], [ 412239.749892886320595, 1437231.071911789244041 ], [ 412238.727631424495485, 1437231.083306973567232 ], [ 412233.850155573920347, 1437231.618653558427468 ], [ 412229.048639244108927, 1437232.629498538328335 ], [ 412224.369323662016541, 1437234.106106923194602 ], [ 412219.857273194706067, 1437236.034258167026564 ], [ 412215.555941354716197, 1437238.39538311958313 ], [ 412211.506752318993676, 1437241.166742856614292 ], [ 412207.748701991513371, 1437244.321647668955848 ], [ 412204.317982451233547, 1437247.829714098712429 ], [ 412201.247633402817883, 1437251.657157548237592 ], [ 412198.567223985970486, 1437255.767117645125836 ], [ 412196.302568008599337, 1437260.120013226522133 ], [ 412194.475475345854647, 1437264.673923528753221 ], [ 412193.103541898832191, 1437269.384991906117648 ], [ 412192.199980136530939, 1437274.207848194753751 ], [ 412191.773491852800362, 1437279.096045652171597 ], [ 412191.775407418201212, 1437279.267890935763717 ], [ 412191.519883837783709, 1437279.351014814339578 ], [ 412144.74158775433898, 1437295.001985049573705 ], [ 412120.659670444263611, 1437302.971976238070056 ], [ 412120.071460946113802, 1437303.199238000903279 ], [ 412119.468248636345379, 1437303.383012956473976 ], [ 412112.657991199695971, 1437305.829004978761077 ], [ 412098.357164632179774, 1437300.920616169692948 ], [ 412092.977702450705692, 1437299.40451373718679 ], [ 412081.06123699125601, 1437296.754934431053698 ], [ 412076.71394398866687, 1437295.98796184710227 ], [ 412072.315945358481258, 1437295.60742085846141 ], [ 412067.901522978267167, 1437295.616277736844495 ], [ 412063.505086746765301, 1437296.014463444007561 ], [ 412051.450416128791403, 1437297.645447972696275 ], [ 412046.739533316751476, 1437298.514391196891665 ], [ 412042.133426397806033, 1437299.830164067214355 ], [ 412037.674374788999557, 1437301.580689115915447 ], [ 411929.409864084387664, 1437350.190351939760149 ], [ 411913.931918173155282, 1437357.139946037670597 ], [ 411915.346026263083331, 1437358.700173882301897 ], [ 411988.059523285948671, 1437424.603846058482304 ], [ 412013.466394050803501, 1437443.446865640347824 ], [ 412013.885602708964143, 1437439.711112002609298 ], [ 412014.188191475579515, 1437435.098405825439841 ], [ 412014.063487161300145, 1437430.477467925753444 ], [ 412013.512555669818539, 1437425.88779552676715 ], [ 412012.758748724998441, 1437422.384696851251647 ], [ 412051.514839692914393, 1437404.98360666888766 ], [ 412071.606530866352841, 1437446.196329756407067 ], [ 412039.221696022665128, 1437462.548299417132512 ], [ 412066.88257443002658, 1437483.063004998257384 ], [ 412151.056070623628329, 1437533.514657044084743 ], [ 412239.76937508455012, 1437575.472925207111984 ], [ 412332.168130195175763, 1437608.533728427952155 ], [ 412427.362485433463007, 1437632.37867309898138 ], [ 412524.435667120036669, 1437646.778119368012995 ], [ 412622.452807449619286, 1437651.593392695765942 ], [ 412720.469947779201902, 1437646.778119368012995 ], [ 412817.543129465775564, 1437632.37867309898138 ], [ 412902.741990393085871, 1437611.037469413597137 ], [ 412906.55587027448928, 1437601.837993188994005 ], [ 412906.579415193118621, 1437601.781101397937164 ], [ 412924.595844930736348, 1437558.171873006271198 ], [ 412943.563602567650378, 1437557.648776564281434 ], [ 412943.626690878183581, 1437557.646992672700435 ], [ 412943.626776059507392, 1437557.646994397975504 ], [ 412943.626859062816948, 1437557.646987917134538 ], [ 412955.483695100236218, 1437557.311722783837467 ], [ 412960.557806049415376, 1437556.909050469053909 ], [ 413045.009376723843161, 1437545.858211196493357 ], [ 413072.512832493055612, 1437543.606170150684193 ], [ 413093.849544275610242, 1437533.514657044084743 ], [ 413178.023040469211992, 1437483.063004998257384 ], [ 413256.8460916132899, 1437424.603846058482304 ], [ 413329.55958863615524, 1437358.700173882301897 ], [ 413395.463260812335648, 1437285.986676859436557 ], [ 413453.922419752168935, 1437207.163625715300441 ], [ 413504.374071797996294, 1437122.990129521815106 ], [ 413546.33233996090712, 1437034.276825060835108 ], [ 413579.393143181805499, 1436941.878069950267673 ], [ 413603.238087852834724, 1436846.683714711805806 ], [ 413617.63753412180813, 1436749.610533025348559 ], [ 413622.452807449619286, 1436651.593392695765942 ], [ 413617.63753412180813, 1436553.576252366183326 ], [ 413603.238087852834724, 1436456.503070679726079 ], [ 413579.393143181805499, 1436361.308715441264212 ], [ 413546.33233996090712, 1436268.909960330696777 ], [ 413504.374071797996294, 1436180.196655869716778 ] ], [ [ 412358.944128373812418, 1437258.17635375354439 ], [ 412360.455876429623459, 1437253.508272300241515 ], [ 412361.502793010440655, 1437248.714491713792086 ], [ 412362.07479573728051, 1437243.841178721748292 ], [ 412362.166375911270734, 1437238.935265992069617 ], [ 412361.776651565218344, 1437234.044000146444887 ], [ 412360.909375957620796, 1437229.214486748445779 ], [ 412360.32610084861517, 1437227.154000296490267 ], [ 412391.596457812469453, 1437177.404434795957059 ], [ 412394.329517028410919, 1437176.755903760669753 ], [ 412396.647402407601476, 1437176.079504246124998 ], [ 412423.801226827548817, 1437195.689530530478805 ], [ 412423.392348818713799, 1437196.426212885417044 ], [ 412421.443131724197883, 1437200.929202931700274 ], [ 412419.944670850003604, 1437205.601566535653546 ], [ 412418.911397193558514, 1437210.39830628153868 ], [ 412418.353261745010968, 1437215.273226943565533 ], [ 412418.277815684559755, 1437220.04184296913445 ], [ 412415.297478634747677, 1437220.647116415435448 ], [ 412410.60775068012299, 1437222.090313682099804 ], [ 412406.082063116424251, 1437223.986235282383859 ], [ 412401.764000788913108, 1437226.316622455138713 ], [ 412397.695148998231161, 1437229.059032297693193 ], [ 412393.914693011494819, 1437232.18705390417017 ], [ 412390.459040686371736, 1437235.670562716666609 ], [ 412387.361471843789332, 1437239.476010641083121 ], [ 412384.651817765145097, 1437243.566749133402482 ], [ 412382.356173900305294, 1437247.903382146032527 ], [ 412380.496648554690182, 1437252.44414553209208 ], [ 412379.561395773373079, 1437255.57241368573159 ], [ 412375.658552711072844, 1437257.211463351966813 ], [ 412371.233215076790657, 1437259.331074981950223 ], [ 412367.036944923340343, 1437261.874239042401314 ], [ 412363.110154626192525, 1437264.816463473252952 ], [ 412359.490661322604865, 1437268.12941304477863 ], [ 412356.213322711642832, 1437271.781182241858914 ], [ 412353.719019869866315, 1437275.179013727931306 ], [ 412350.689648339990526, 1437273.195361197693273 ], [ 412354.588710048526991, 1437266.95723805972375 ], [ 412356.982107803225517, 1437262.673779897624627 ], [ 412358.944128373812418, 1437258.17635375354439 ] ], [ [ 412400.352147235826124, 1436953.201895056758076 ], [ 412400.071439863822889, 1436952.242912611458451 ], [ 412399.598003213643096, 1436951.076474756468087 ], [ 412401.732220460369717, 1436951.568211049074307 ], [ 412400.352147235826124, 1436953.201895056758076 ] ], [ [ 412374.275577425782103, 1436841.290337015641853 ], [ 412388.763491255580448, 1436841.419203449273482 ], [ 412389.371564687113278, 1436845.295778312953189 ], [ 412374.275577425782103, 1436841.290337015641853 ] ], [ [ 412350.67624956544023, 1436741.07647103862837 ], [ 412333.957502575183753, 1436740.92776189208962 ], [ 412334.041524883359671, 1436727.903365190140903 ], [ 412343.964935603435151, 1436726.468683537561446 ], [ 412350.67624956544023, 1436741.07647103862837 ] ], [ [ 412416.865236741723493, 1436646.253104228293523 ], [ 412416.778148872544989, 1436646.088721437845379 ], [ 412415.525193312496413, 1436644.198513281531632 ], [ 412414.286322962259874, 1436642.299043644918129 ], [ 412414.169914360682014, 1436642.153940105577931 ], [ 412414.067133512406144, 1436641.998884967295453 ], [ 412412.634938472532667, 1436640.240589794469997 ], [ 412411.21585304493783, 1436638.471697158878669 ], [ 412411.085782349517103, 1436638.338702372042462 ], [ 412410.968298356921878, 1436638.194468150148168 ], [ 412409.37065666372655, 1436636.585019312333316 ], [ 412407.785022721916903, 1436634.96373907267116 ], [ 412407.642542582645547, 1436634.844133848790079 ], [ 412407.511486882751342, 1436634.712109600193799 ], [ 412405.763784700247925, 1436633.267006969777867 ], [ 412404.026872764574364, 1436631.808952940860763 ], [ 412403.873355345043819, 1436631.703889145283028 ], [ 412403.729990073945373, 1436631.585346333682537 ], [ 412401.84905871731462, 1436630.31850703060627 ], [ 412399.977596211538184, 1436629.037721078377217 ], [ 412399.814519968174864, 1436628.94821053231135 ], [ 412399.660225811996497, 1436628.84429079038091 ], [ 412397.664179698098451, 1436627.767915182979777 ], [ 412395.676189809513744, 1436626.676731962710619 ], [ 412395.505125252704602, 1436626.60363670042716 ], [ 412395.341388151515275, 1436626.51534083369188 ], [ 412393.249450288247317, 1436625.639795001596212 ], [ 412391.164078453555703, 1436624.74872321006842 ], [ 412390.986673033097759, 1436624.692747180815786 ], [ 412390.815069860080257, 1436624.620925524272025 ], [ 412388.647386749915313, 1436623.954641451826319 ], [ 412386.484716242644936, 1436623.272262598387897 ], [ 412386.302678464970086, 1436623.233944880543277 ], [ 412386.124861857213546, 1436623.179289117921144 ], [ 412383.902309474884532, 1436622.728683484951034 ], [ 412381.683167992741801, 1436622.261569250840694 ], [ 412381.498250986100174, 1436622.241278866073117 ], [ 412381.315933409845456, 1436622.204315360635519 ], [ 412379.059916148427874, 1436621.97372774570249 ], [ 412376.805675238429103, 1436621.726376696256921 ], [ 412376.619659849966411, 1436621.724309051409364 ], [ 412376.43459712783806, 1436621.705393783049658 ], [ 412374.166841668018606, 1436621.697044871049002 ], [ 412371.899210901116021, 1436621.671839132206514 ], [ 412371.713888564903755, 1436621.688014139886945 ], [ 412371.527862947899848, 1436621.687329272506759 ], [ 412369.27020900399657, 1436621.901299468707293 ], [ 412367.011026914580725, 1436622.098481784574687 ], [ 412366.828182383964304, 1436622.132743670605123 ], [ 412366.64298540254822, 1436622.150295800063759 ], [ 412360.88571850140579, 1436622.982655300758779 ], [ 412361.083002707804553, 1436622.261149428086355 ], [ 412361.907022521190811, 1436617.424067871412262 ], [ 412362.252957552263979, 1436612.529510118998587 ], [ 412362.117476257495582, 1436607.624613437335938 ], [ 412361.501883395889308, 1436602.756614662706852 ], [ 412360.386972761887591, 1436596.446331107057631 ], [ 412364.935232139250729, 1436594.835480574984103 ], [ 412369.491107570647728, 1436592.964607390807942 ], [ 412373.840821953199338, 1436590.654596090316772 ], [ 412377.942172326787841, 1436587.927859482122585 ], [ 412381.755365474906284, 1436584.810853637987748 ], [ 412385.24340401700465, 1436581.333821204025298 ], [ 412388.372445374378003, 1436577.530497972620651 ], [ 412391.112130126566626, 1436573.437785561894998 ], [ 412393.43587657273747, 1436569.095393378986046 ], [ 412395.321138639876153, 1436564.54545334004797 ], [ 412396.749624634918291, 1436559.832111088559031 ], [ 412397.707474719733, 1436555.001097671920434 ], [ 412398.185395385546144, 1436550.099285837961361 ], [ 412398.178749622835312, 1436545.174235254293308 ], [ 412397.687601911951788, 1436540.273731061490253 ], [ 412396.716717597271781, 1436535.445320239523426 ], [ 412395.275516651803628, 1436530.735850285040215 ], [ 412387.285247064952273, 1436508.588423406006768 ], [ 412409.987917288206518, 1436501.519325574859977 ], [ 412414.595601635111962, 1436499.832431506365538 ], [ 412419.015754189866129, 1436497.702028250554577 ], [ 412423.205806467041839, 1436495.148632755735889 ], [ 412427.125405972648878, 1436492.196835615905002 ], [ 412430.73680482088821, 1436488.875064251245931 ], [ 412434.005223266547546, 1436485.215309136081487 ], [ 412436.899184653360862, 1436481.25281571270898 ], [ 412439.390818551182747, 1436477.025744958780706 ], [ 412441.456129163445439, 1436472.574805876705796 ], [ 412443.075226420012768, 1436467.942863442469388 ], [ 412444.232517529162578, 1436463.174525794340298 ], [ 412444.916857144911774, 1436458.315714630065486 ], [ 412445.121654702641536, 1436453.413222957635298 ], [ 412444.844937889894936, 1436448.514264451572672 ], [ 412444.089371640933678, 1436443.666018760297447 ], [ 412442.862232471699826, 1436438.915177140152082 ], [ 412442.81285288563231, 1436438.780298756202683 ], [ 412462.452751682023518, 1436445.696812249720097 ], [ 412468.720113426272292, 1436448.092081254348159 ], [ 412469.50131053745281, 1436452.715466506779194 ], [ 412470.789091313898098, 1436457.450230208458379 ], [ 412471.665277944819536, 1436459.751907604979351 ], [ 412471.24570484313881, 1436460.539596134098247 ], [ 412469.374486994522158, 1436465.075553629780188 ], [ 412467.9568811536883, 1436469.773080672835931 ], [ 412467.006539639784023, 1436474.586937509709969 ], [ 412464.564459070039447, 1436491.214812965132296 ], [ 412460.600998393609188, 1436503.505072846775874 ], [ 412459.580781426280737, 1436507.130904056597501 ], [ 412458.83640871924581, 1436510.823248013388366 ], [ 412455.455399583734106, 1436531.607738006860018 ], [ 412449.964171031082515, 1436562.663138415198773 ], [ 412449.236945029930212, 1436569.457741469843313 ], [ 412447.804601969604846, 1436606.899434063583612 ], [ 412447.771316095255315, 1436609.381817773217335 ], [ 412448.386569408525247, 1436663.251774245640263 ], [ 412448.401807641261257, 1436663.951388731598854 ], [ 412447.670579270168673, 1436664.061717262491584 ], [ 412446.360668190114666, 1436664.393300539581105 ], [ 412445.037403757276479, 1436664.666770377196372 ], [ 412443.983719345065765, 1436664.994987554382533 ], [ 412442.913844207592774, 1436665.265809528063983 ], [ 412427.993395302735735, 1436669.832469436572865 ], [ 412419.231655610434245, 1436650.761743154143915 ], [ 412419.14579206390772, 1436650.596717547625303 ], [ 412419.075235877477098, 1436650.424590200884268 ], [ 412418.013586437446065, 1436648.420672789681703 ], [ 412416.966862170083914, 1436646.408919092500582 ], [ 412416.865236741723493, 1436646.253104228293523 ] ], [ [ 411711.028419492940884, 1436456.399671550607309 ], [ 411712.245823159522843, 1436451.646325891837478 ], [ 411712.991455346229486, 1436446.796542465686798 ], [ 411713.258135207521264, 1436441.897027337457985 ], [ 411713.043294470466208, 1436436.99496551649645 ], [ 411712.349002168921288, 1436432.137566537829116 ], [ 411701.471236336801667, 1436375.898479967843741 ], [ 411730.337531281576958, 1436371.0538648548536 ], [ 411747.387181323370896, 1436368.850133890751749 ], [ 411752.216743233497255, 1436367.983128472464159 ], [ 411756.93806809122907, 1436366.646918074926361 ], [ 411761.505686957272701, 1436364.854371134424582 ], [ 411765.875611164956354, 1436362.622750858077779 ], [ 411769.397145546798129, 1436360.363930402556434 ], [ 411813.203370915318374, 1436433.131406128406525 ], [ 411809.5860642058542, 1436435.429731186712161 ], [ 411805.722412940696813, 1436438.454390760976821 ], [ 411802.173834694374818, 1436441.84318982088007 ], [ 411798.974504215293564, 1436445.563492379151285 ], [ 411796.155232804827392, 1436449.579469888238236 ], [ 411793.743171587819234, 1436453.852446289267391 ], [ 411791.76155003241729, 1436458.341270484030247 ], [ 411790.229452237428632, 1436463.002712641144171 ], [ 411789.693580092687625, 1436465.406098829582334 ], [ 411787.943497394851875, 1436464.617393645690754 ], [ 411783.376494354219176, 1436462.823278302326798 ], [ 411778.655628626118414, 1436461.485446692444384 ], [ 411773.826364728214685, 1436460.6167828659527 ], [ 411768.935211111791432, 1436460.225652530556545 ], [ 411764.029272259911522, 1436460.315822484903038 ], [ 411759.155795045604464, 1436460.886424343334511 ], [ 411754.361713718564715, 1436461.931962897768244 ], [ 411749.693197902641259, 1436463.442369040334597 ], [ 411745.19520795729477, 1436465.403096734546125 ], [ 411740.911061984486878, 1436467.795263100415468 ], [ 411736.882018651929684, 1436470.595830268692225 ], [ 411733.146879849373363, 1436473.777827246114612 ], [ 411729.741617005318403, 1436477.310609662672505 ], [ 411726.699024662491865, 1436481.160154892131686 ], [ 411724.048404648434371, 1436485.289389709942043 ], [ 411721.815283882780932, 1436489.658547327155247 ], [ 411720.021168539242353, 1436494.225550367729738 ], [ 411718.683336929418147, 1436498.9464160958305 ], [ 411717.814673103042878, 1436503.775679993908852 ], [ 411717.423542767588515, 1436508.666833610273898 ], [ 411717.479568772716448, 1436511.71507908590138 ], [ 411715.53708968043793, 1436509.853473382070661 ], [ 411713.48411016294267, 1436508.256963127292693 ], [ 411702.764622335904278, 1436472.796304679010063 ], [ 411702.659036769822706, 1436472.332057066028938 ], [ 411704.684819193731528, 1436469.630584466271102 ], [ 411707.229625277570449, 1436465.435309906257316 ], [ 411709.350968609272968, 1436461.010802124626935 ], [ 411711.028419492940884, 1436456.399671550607309 ] ], [ [ 411846.771861827815883, 1436289.396040354622528 ], [ 411845.612295836559497, 1436293.076773764099926 ], [ 411827.751546134066302, 1436263.407892832299694 ], [ 411804.42877858056454, 1436214.892628761474043 ], [ 411849.420563852472696, 1436234.897082826355472 ], [ 411852.490420521527994, 1436236.141922040609643 ], [ 411886.63197810575366, 1436248.686250171856955 ], [ 411882.87108275142964, 1436249.722762174671516 ], [ 411878.291244639549404, 1436251.483855445403606 ], [ 411873.906077026273124, 1436253.685371205443516 ], [ 411869.757811472867616, 1436256.306107654934749 ], [ 411865.886398044181988, 1436259.320825668750331 ], [ 411862.32912056799978, 1436262.700491864932701 ], [ 411859.120237570954487, 1436266.412558209849522 ], [ 411856.290652350522578, 1436270.421275475993752 ], [ 411853.867615359078627, 1436274.688037524232641 ], [ 411848.942278971197084, 1436284.447364043910056 ], [ 411846.771861827815883, 1436289.396040354622528 ] ], [ [ 412207.577982453571167, 1436534.492664984893054 ], [ 412207.6995175575139, 1436535.503260532161221 ], [ 412208.804084231087472, 1436540.427477529505268 ], [ 412210.570386334555224, 1436546.781212320085615 ], [ 412210.616933549812529, 1436546.947538007050753 ], [ 412224.934270292811561, 1436597.768844747915864 ], [ 412223.270255516399629, 1436599.922636448405683 ], [ 412220.43812726525357, 1436603.990163283888251 ], [ 412218.022622471908107, 1436608.318102929973975 ], [ 412216.047476587060373, 1436612.863927796948701 ], [ 412214.532097966817673, 1436617.582969291368499 ], [ 412213.491377161117271, 1436622.428856742801145 ], [ 412212.935540594276972, 1436627.353973055956885 ], [ 412212.870050077617634, 1436632.309922609711066 ], [ 412213.295549140020739, 1436637.248006806708872 ], [ 412213.889187109365594, 1436641.600996063090861 ], [ 412207.337973706191406, 1436642.428043476771563 ], [ 412186.688943745568395, 1436559.027731834677979 ], [ 412186.994948049192317, 1436558.68141304445453 ], [ 412190.406150228169281, 1436554.363488036440685 ], [ 412193.322200363501906, 1436549.696858815150335 ], [ 412195.70777835015906, 1436544.738049043575302 ], [ 412196.525771379529033, 1436542.766816734336317 ], [ 412197.866613075719215, 1436539.063431703485548 ], [ 412207.577982453571167, 1436534.492664984893054 ] ], [ [ 413097.000447132566478, 1437303.388525992631912 ], [ 413094.774793589836918, 1437299.015559843042865 ], [ 413092.131231540523004, 1437294.881802916061133 ], [ 413089.095219932205509, 1437291.027065551141277 ], [ 413088.902589004777838, 1437290.826536544365808 ], [ 413091.766868747596163, 1437290.032469599507749 ], [ 413096.305185379926115, 1437288.537380303256214 ], [ 413100.680063786392566, 1437286.615909828105941 ], [ 413104.851549760205671, 1437284.285606279503554 ], [ 413108.781546605343465, 1437281.567751490045339 ], [ 413112.434163059806451, 1437278.487166660139337 ], [ 413115.77604107814841, 1437275.071985673625022 ], [ 413118.776660478324629, 1437271.35339816310443 ], [ 413121.40861767163733, 1437267.36536466376856 ], [ 413123.647875930299051, 1437263.144306465983391 ], [ 413125.473984905867837, 1437258.728772991104051 ], [ 413127.49514989729505, 1437253.093019018881023 ], [ 413127.927505061612464, 1437251.653188758762553 ], [ 413129.397617321228608, 1437252.242858238751069 ], [ 413133.869829774776008, 1437253.568343883380294 ], [ 413138.446101373585407, 1437254.47130272956565 ], [ 413141.712047810608055, 1437254.958719991147518 ], [ 413148.994033542170655, 1437255.506322089349851 ], [ 413169.917093114985619, 1437255.547493714373559 ], [ 413169.833210588432848, 1437258.238256178796291 ], [ 413170.156789811386261, 1437263.059802660951391 ], [ 413166.772338116541505, 1437263.801477821078151 ], [ 413163.018111353507265, 1437265.020250751869753 ], [ 413159.984555369475856, 1437265.321633217390627 ], [ 413155.172885359963402, 1437266.282985576661304 ], [ 413150.478613865794614, 1437267.71133489604108 ], [ 413145.946949287666939, 1437269.592925390927121 ], [ 413141.621534032630734, 1437271.909636315889657 ], [ 413137.544024214148521, 1437274.639156478689983 ], [ 413133.753688480821438, 1437277.75519910803996 ], [ 413130.287029837665614, 1437281.227755009895191 ], [ 413127.177434102573898, 1437285.02338157244958 ], [ 413124.454848382330965, 1437289.105524837505072 ], [ 413122.145492665702477, 1437293.434871533187106 ], [ 413120.271607310685795, 1437297.969727684743702 ], [ 413118.851238857605495, 1437302.666420148219913 ], [ 413117.898066231166013, 1437307.479717207839713 ], [ 413117.42126900475705, 1437312.363264181418344 ], [ 413115.771778692025691, 1437346.531895735999569 ], [ 413115.762549047416542, 1437346.731352898525074 ], [ 413115.134734496416058, 1437360.911875868448988 ], [ 413113.949826269468758, 1437387.921391470823437 ], [ 413113.901940870448016, 1437389.98651629826054 ], [ 413113.815637646999676, 1437424.162817933596671 ], [ 413104.34536611934891, 1437425.32424696162343 ], [ 413101.359709407843184, 1437322.404287083307281 ], [ 413100.976935349055566, 1437317.512472424190491 ], [ 413100.116522768046707, 1437312.681731608463451 ], [ 413098.786757908412255, 1437307.958587310742587 ], [ 413097.000447132566478, 1437303.388525992631912 ] ], [ [ 413270.023744697158691, 1436780.523323302157223 ], [ 413266.334620661276858, 1436778.615385804092512 ], [ 413262.499876196030527, 1436777.020206649322063 ], [ 413244.220677555655129, 1436770.292592776240781 ], [ 413235.153024369850755, 1436766.056049031438306 ], [ 413231.140213300124742, 1436764.389590729027987 ], [ 413227.452539904625155, 1436763.042864868417382 ], [ 413235.423127055924851, 1436741.811386408517137 ], [ 413249.274803645035718, 1436743.502910018432885 ], [ 413252.298102787230164, 1436747.063712884439155 ], [ 413256.268136143102311, 1436750.818300147773698 ], [ 413260.624169445945881, 1436754.117249105824158 ], [ 413272.568569132592529, 1436762.175469220848754 ], [ 413277.001515330630355, 1436764.843230441678315 ], [ 413281.686407631321345, 1436767.038622447056696 ], [ 413286.573084027098957, 1436768.738138769287616 ], [ 413291.609221970837098, 1436769.923582372721285 ], [ 413296.740898603165988, 1436770.582260494120419 ], [ 413315.876774635689799, 1436772.037400992820039 ], [ 413318.059762109420262, 1436772.145074739586562 ], [ 413312.429159187537152, 1436800.745296460110694 ], [ 413310.237909135932568, 1436811.816694064298645 ], [ 413309.021040922962129, 1436810.490680337650701 ], [ 413296.008964718435891, 1436797.425780037883669 ], [ 413292.71244094078429, 1436794.399639569455758 ], [ 413289.158558167808224, 1436791.680354298092425 ], [ 413285.375782424991485, 1436789.289705258328468 ], [ 413270.023744697158691, 1436780.523323302157223 ] ], [ [ 413135.764406768721528, 1436681.663042717380449 ], [ 413140.085619690536987, 1436683.987582569243386 ], [ 413144.613869539927691, 1436685.87737619318068 ], [ 413145.266930636193138, 1436686.077379145193845 ], [ 413145.586290297389496, 1436687.726934546139091 ], [ 413146.986627968028188, 1436692.429638135479763 ], [ 413147.07024114363594, 1436692.634453362319618 ], [ 413133.516564863442909, 1436728.737764264224097 ], [ 413103.459804394922685, 1436717.761136925779283 ], [ 413121.462926629988942, 1436668.668768850155175 ], [ 413124.44679497461766, 1436672.324414091184735 ], [ 413127.907159618102014, 1436675.803241935791448 ], [ 413131.691846417088527, 1436678.926143226912245 ], [ 413135.764406768721528, 1436681.663042717380449 ] ], [ [ 412819.516963693313301, 1437244.896056668134406 ], [ 412820.264825488440692, 1437245.581550598377362 ], [ 412820.971977813635021, 1437246.308967104181647 ], [ 412822.072345841326751, 1437247.238332959357649 ], [ 412823.134118560003117, 1437248.211559240706265 ], [ 412823.94556935003493, 1437248.820449055172503 ], [ 412824.720615830097813, 1437249.475049803731963 ], [ 412825.906779068463948, 1437250.292085580760613 ], [ 412827.05883191828616, 1437251.156553586246446 ], [ 412827.926056989701465, 1437251.682975343894213 ], [ 412828.76153350219829, 1437252.258456171257421 ], [ 412830.022068551334087, 1437252.955293369479477 ], [ 412831.25330663297791, 1437253.702677798923105 ], [ 412832.167954133008607, 1437254.141561770113185 ], [ 412833.055814583727624, 1437254.632380481809378 ], [ 412834.378581802244298, 1437255.202308177947998 ], [ 412835.677147619775496, 1437255.825411310885102 ], [ 412840.254810402810108, 1437257.751660954440013 ], [ 412842.829098781046923, 1437259.528792715631425 ], [ 412846.970657468191348, 1437262.099163171369582 ], [ 412851.342816017975565, 1437264.254051162861288 ], [ 412855.904022637521848, 1437265.972977226832882 ], [ 412860.610928873240482, 1437267.23960516252555 ], [ 412868.782992206106428, 1437269.016561396420002 ], [ 412874.466596301586833, 1437269.913603148190305 ], [ 412883.319075697334483, 1437270.792578728636727 ], [ 412888.59004724083934, 1437271.03614740842022 ], [ 412893.857335877022706, 1437270.72287893272005 ], [ 412899.062279882375151, 1437269.856262169079855 ], [ 412906.312678289425094, 1437268.251856704941019 ], [ 412911.989956410601735, 1437266.6387984091416 ], [ 412932.795624298683833, 1437259.375275009544566 ], [ 412934.711467213986907, 1437260.129871908109635 ], [ 412939.69433889730135, 1437261.518118337960914 ], [ 412940.024746638548095, 1437261.574227899312973 ], [ 412941.271574214857537, 1437264.519854123238474 ], [ 412943.59246186359087, 1437268.791695238556713 ], [ 412947.015595273755025, 1437274.421365457819775 ], [ 412949.651511133066379, 1437278.328778227092698 ], [ 412952.643647973309271, 1437281.970624475274235 ], [ 412955.965416557097342, 1437285.314541406231001 ], [ 412959.58729841717286, 1437288.330813734326512 ], [ 412963.477108168415725, 1437290.992637745337561 ], [ 412967.600279518985189, 1437293.276359484065324 ], [ 412971.920172439538874, 1437295.161684952443466 ], [ 412976.398398759716656, 1437296.631860448978841 ], [ 412980.995163300132845, 1437297.673821449512616 ], [ 412985.669617506500799, 1437298.278308701934293 ], [ 412990.887507950712461, 1437298.704259932972491 ], [ 412994.606740861374419, 1437298.868812742875889 ], [ 412998.327907914004754, 1437298.756176879396662 ], [ 413008.587681608623825, 1437298.062618942465633 ], [ 413006.619752844213508, 1437301.572893657255918 ], [ 413004.651343958685175, 1437306.067527468781918 ], [ 413003.132964652904775, 1437310.733456199755892 ], [ 413002.079237749741878, 1437315.525744406040758 ], [ 413001.500311215233523, 1437320.398239732487127 ], [ 413001.401760428387206, 1437325.304017385700718 ], [ 413003.850600018980913, 1437409.719103390350938 ], [ 413001.250121467455756, 1437408.84615921927616 ], [ 412996.467791817791294, 1437407.748120166594163 ], [ 412991.600863744621165, 1437407.124118748586625 ], [ 412986.69620842585573, 1437406.980164440115914 ], [ 412981.801060373312794, 1437407.317643599351868 ], [ 412976.96256253879983, 1437408.133306117728353 ], [ 412972.227312301343773, 1437409.419296719599515 ], [ 412967.640912709350232, 1437411.163230612175539 ], [ 412963.247533298039343, 1437413.34831275860779 ], [ 412959.089484712807462, 1437415.953499623807147 ], [ 412955.206811234646011, 1437418.953701833728701 ], [ 412951.636905131454114, 1437422.320025801192969 ], [ 412950.038162051932886, 1437424.155531349824741 ], [ 412950.302330633800011, 1437421.929140652762726 ], [ 412950.400098141224589, 1437417.023347327020019 ], [ 412950.016543038596865, 1437412.131593845784664 ], [ 412949.155359171214513, 1437407.30099046882242 ], [ 412947.824840210436378, 1437402.578058547340333 ], [ 412946.037799781188369, 1437398.008282497758046 ], [ 412936.644956567906775, 1437377.079742778791115 ], [ 412936.060168107564095, 1437375.823639757698402 ], [ 412932.697879486891907, 1437368.855563294142485 ], [ 412930.403598508972209, 1437364.632373623317108 ], [ 412927.714440324343741, 1437360.64897250640206 ], [ 412924.655251739313826, 1437356.942165065789595 ], [ 412921.254298501648009, 1437353.54620080278255 ], [ 412917.543004135193769, 1437350.492457145359367 ], [ 412913.555659598903731, 1437347.809149531647563 ], [ 412909.719994223676622, 1437345.487648151349276 ], [ 412905.40660991409095, 1437343.157930836081505 ], [ 412900.885811855841894, 1437341.261815890204161 ], [ 412896.201059144281317, 1437339.817530945176259 ], [ 412891.39738699485315, 1437338.83896012394689 ], [ 412886.520973813021556, 1437338.335510571720079 ], [ 412881.618697274592705, 1437338.312022022902966 ], [ 412876.240247491397895, 1437338.550182867562398 ], [ 412871.794985698361415, 1437338.94639010890387 ], [ 412867.402760759112425, 1437339.737397485878319 ], [ 412863.098565235733986, 1437340.916903095552698 ], [ 412858.916690365702379, 1437342.475509895943105 ], [ 412848.57341011299286, 1437346.865670061437413 ], [ 412845.45510584540898, 1437348.31776176718995 ], [ 412814.272729257529136, 1437364.165626268833876 ], [ 412698.457485851482488, 1437270.581108633428812 ], [ 412748.166433462523855, 1437224.309028835501522 ], [ 412749.518917289271485, 1437223.001715534366667 ], [ 412776.374100772722159, 1437196.048042152542621 ], [ 412817.551720886025578, 1437242.790699179749936 ], [ 412818.555696557334159, 1437243.823444811394438 ], [ 412819.516963693313301, 1437244.896056668134406 ] ], [ [ 412798.339422348653898, 1437080.516402495792136 ], [ 412793.864384578890167, 1437078.956387653481215 ], [ 412789.261751363810617, 1437077.827061821240932 ], [ 412784.572872040909715, 1437077.138570685405284 ], [ 412779.839870769472327, 1437076.897099543130025 ], [ 412775.105268093233462, 1437077.104817733168602 ], [ 412770.411598942824639, 1437077.759859147947282 ], [ 412769.425519366399385, 1437077.945488473400474 ], [ 412768.136736391112208, 1437076.799628406995907 ], [ 412764.167852137761656, 1437073.914437872124836 ], [ 412759.935281021345872, 1437071.432159003103152 ], [ 412755.479785015515517, 1437069.376697502331808 ], [ 412750.844272982445545, 1437067.767848587827757 ], [ 412746.073387436917983, 1437066.621106354054064 ], [ 412741.213074614934158, 1437065.947514555417001 ], [ 412736.310141985712107, 1437065.753560249460861 ], [ 412731.411807470838539, 1437066.041111321887001 ], [ 412726.565244709316175, 1437066.807398498989642 ], [ 412721.817128749971744, 1437068.045042016310617 ], [ 412717.213186545064673, 1437069.742122689727694 ], [ 412713.526948597456794, 1437071.528854836709797 ], [ 412617.658572237065528, 1436996.82379507063888 ], [ 412614.758852065599058, 1436994.726559037342668 ], [ 412598.671418890939094, 1436983.946527538122609 ], [ 412605.782865725341253, 1436984.616863877745345 ], [ 412608.219171342032496, 1436984.786605574423447 ], [ 412651.980718430306297, 1436986.763116992078722 ], [ 412686.695823529094923, 1436989.21638772985898 ], [ 412720.38758081040578, 1436991.602643343154341 ], [ 412756.703236933390144, 1436995.620467419270426 ], [ 412792.007282211154234, 1436999.561204991536215 ], [ 412824.788625705696177, 1437003.782139671500772 ], [ 412829.054811353911646, 1437004.146609609015286 ], [ 412866.183359568589367, 1437005.721617257921025 ], [ 412867.292753985500894, 1437005.75529410969466 ], [ 412867.314261237333994, 1437005.756777291186154 ], [ 412867.328172395820729, 1437005.756369273178279 ], [ 412867.387598531262483, 1437005.758173217065632 ], [ 412884.914668702054769, 1437006.078928460832685 ], [ 412905.491091216972563, 1437006.445875418605283 ], [ 412906.426818257779814, 1437006.453804465010762 ], [ 412935.433544538158458, 1437006.42815464688465 ], [ 412966.339204231102485, 1437006.714706442318857 ], [ 412966.857692053134087, 1437006.716825312934816 ], [ 413009.956767409807071, 1437006.669488177867606 ], [ 413021.837803272239398, 1437006.671957105398178 ], [ 413021.177374805498403, 1437007.721974084619433 ], [ 413018.984642416238785, 1437012.111540271202102 ], [ 413017.232721357664559, 1437016.694894855376333 ], [ 413015.938483587291557, 1437021.427897626766935 ], [ 413015.114393322379328, 1437026.264967181021348 ], [ 413014.768387002579402, 1437031.159519894747064 ], [ 413014.903796857979614, 1437036.064418548950925 ], [ 413026.667720073659439, 1437189.164497826015577 ], [ 413025.315920638153329, 1437187.015128997387365 ], [ 413022.13950680923881, 1437182.960052761016414 ], [ 413018.562746213225182, 1437179.253297881921753 ], [ 413014.623600080667529, 1437175.934205258730799 ], [ 413010.363875748240389, 1437173.038001414854079 ], [ 413005.828782944823615, 1437170.595424628118053 ], [ 413000.148247802222613, 1437167.90369119332172 ], [ 412995.182093799579889, 1437165.869186891941354 ], [ 412990.026488335453905, 1437164.378675023792312 ], [ 412984.740827889298089, 1437163.44932741462253 ], [ 412979.386007272463758, 1437163.09185085259378 ], [ 412961.751756871584803, 1437162.863195897545666 ], [ 412959.503736523387488, 1437161.840460937935859 ], [ 412954.632736074330751, 1437159.925363628659397 ], [ 412949.588227364991326, 1437158.529951517470181 ], [ 412944.425486594438553, 1437157.669515107758343 ], [ 412939.201085512933787, 1437157.35348280146718 ], [ 412933.972271525824908, 1437157.585317584685981 ], [ 412921.948583691264503, 1437158.751310231629759 ], [ 412916.044871991092805, 1437159.682709334651008 ], [ 412910.294473374786321, 1437161.311890688026324 ], [ 412887.381091639341321, 1437169.311243811156601 ], [ 412885.133534054097254, 1437168.226160231046379 ], [ 412822.798176376265474, 1437097.466358266072348 ], [ 412819.601462375896517, 1437094.157808623276651 ], [ 412816.114176722592674, 1437091.15708872419782 ], [ 412812.365843447856605, 1437088.489603241439909 ], [ 412806.747406867274549, 1437084.868696156190708 ], [ 412802.646661632985342, 1437082.493091417942196 ], [ 412798.339422348653898, 1437080.516402495792136 ] ], [ [ 412951.611734910868108, 1436641.237776516703889 ], [ 412956.478022976662032, 1436641.71277110138908 ], [ 412959.26573501387611, 1436641.847766431281343 ], [ 412964.001797338714823, 1436641.852544953115284 ], [ 412968.717065514996648, 1436641.409199483925477 ], [ 412973.369233573495876, 1436640.521707774139941 ], [ 412977.916561686957721, 1436639.198032508837059 ], [ 412980.533086702635046, 1436638.158967656083405 ], [ 412980.787409865821246, 1436638.557837547035888 ], [ 412983.641743786458392, 1436642.230471157003194 ], [ 412985.612029134528711, 1436644.535748454742134 ], [ 412988.850863915809896, 1436647.981097481446341 ], [ 412992.400689358706586, 1436651.105072510195896 ], [ 412996.22975514200516, 1436653.879732107976452 ], [ 413000.303813365055248, 1436656.280259185703471 ], [ 413004.586424867913593, 1436658.285182967782021 ], [ 413016.899679508467671, 1436663.354434474837035 ], [ 413009.527536313398741, 1436683.457390090683475 ], [ 412961.810535503260326, 1436666.031302666757256 ], [ 412957.15952541452134, 1436664.585321456193924 ], [ 412903.611116704065353, 1436650.758181437849998 ], [ 412902.669590916251764, 1436649.787653744220734 ], [ 412898.718842985457741, 1436646.477284136693925 ], [ 412896.468488452606834, 1436644.78118468564935 ], [ 412892.098072146007326, 1436641.835058558499441 ], [ 412888.411484605108853, 1436639.879682715283707 ], [ 412889.612081031547859, 1436619.425052338745445 ], [ 412917.136436563334428, 1436629.967429557582363 ], [ 412917.704933557950426, 1436630.153741038637236 ], [ 412918.258040819724556, 1436630.381717267213389 ], [ 412942.134008052933495, 1436638.87777541577816 ], [ 412946.81510726956185, 1436640.289756123442203 ], [ 412951.611734910868108, 1436641.237776516703889 ] ], [ [ 412686.17568567401031, 1437574.819224319420755 ], [ 412689.174431979190558, 1437574.41100922669284 ], [ 412696.877183793927543, 1437580.089282327098772 ], [ 412688.462215754378121, 1437589.649138969834894 ], [ 412687.601715225260705, 1437590.653177904663607 ], [ 412684.25242994481232, 1437594.66738414671272 ], [ 412683.41079043893842, 1437595.703939268598333 ], [ 412682.213814954389818, 1437597.219023274956271 ], [ 412663.475544129032642, 1437583.667852089041844 ], [ 412659.209256417118013, 1437580.581721897237003 ], [ 412661.99083818931831, 1437570.731549224583432 ], [ 412665.472969302674755, 1437572.164419322274625 ], [ 412670.514955191873014, 1437573.642911596223712 ], [ 412675.684255615691654, 1437574.58413114445284 ], [ 412680.923785863327794, 1437574.977684057084844 ], [ 412686.17568567401031, 1437574.819224319420755 ] ], [ [ 412695.944045485113747, 1437455.324798393528908 ], [ 412695.892536508967169, 1437457.071904056938365 ], [ 412690.486601531330962, 1437453.886259755818173 ], [ 412689.698797592660412, 1437453.431620521936566 ], [ 412681.387422166648321, 1437448.73540498316288 ], [ 412680.307445440907031, 1437448.142613432602957 ], [ 412674.593274721933994, 1437445.097143611405045 ], [ 412672.398450848122593, 1437444.004603192210197 ], [ 412672.248290967487264, 1437443.925217372598127 ], [ 412672.196099587308709, 1437443.903876690194011 ], [ 412672.104665852966718, 1437443.858362764585763 ], [ 412665.066701349802315, 1437440.595887133153155 ], [ 412664.130112888291478, 1437440.173364297254011 ], [ 412659.851191129535437, 1437438.295687358826399 ], [ 412657.584254480258096, 1437437.301518216030672 ], [ 412662.371753490297124, 1437431.003455925034359 ], [ 412665.145888925006147, 1437426.956168039469048 ], [ 412667.509962554671802, 1437422.656456128926948 ], [ 412669.441207057971042, 1437418.145728769944981 ], [ 412670.921023494563997, 1437413.467426732648164 ], [ 412671.935160423221532, 1437408.666604622965679 ], [ 412672.473851151007693, 1437403.789496982237324 ], [ 412672.531907791621052, 1437398.883073023287579 ], [ 412672.470510510669556, 1437398.173751395661384 ], [ 412707.540660197439138, 1437427.127115539740771 ], [ 412706.524646619160194, 1437428.29328311723657 ], [ 412703.679545553633943, 1437432.291003288235515 ], [ 412701.23998952639522, 1437436.548342014430091 ], [ 412699.229472795559559, 1437441.02429879643023 ], [ 412697.667357736325357, 1437445.675767723470926 ], [ 412696.568688370694872, 1437450.457952607423067 ], [ 412695.944045485113747, 1437455.324798393528908 ] ], [ [ 412632.753951669263188, 1437167.729794535785913 ], [ 412627.853808111627586, 1437167.984666570322588 ], [ 412623.002241912588943, 1437168.718609384959564 ], [ 412618.245976306672674, 1437169.924554709345102 ], [ 412613.630816731776576, 1437171.590888630598783 ], [ 412609.201209697523154, 1437173.701563442358747 ], [ 412604.999814741022419, 1437176.236252192175016 ], [ 412601.067093592544552, 1437179.170544442022219 ], [ 412597.440920506487601, 1437182.47618135320954 ], [ 412594.156217512034345, 1437186.121327835367993 ], [ 412594.069509413093328, 1437186.227604411775246 ], [ 412555.318961244367529, 1437154.916375912260264 ], [ 412594.937657361966558, 1437105.89496891037561 ], [ 412667.698450661788229, 1437162.593534365063533 ], [ 412656.055159908428323, 1437173.431810062611476 ], [ 412651.89900137623772, 1437171.480715644080192 ], [ 412647.274323732068297, 1437169.840982944471762 ], [ 412642.511193264625035, 1437168.662443683482707 ], [ 412637.655481524241623, 1437167.956447838805616 ], [ 412632.753951669263188, 1437167.729794535785913 ] ], [ [ 412602.385518935217988, 1436517.050463375402614 ], [ 412600.89447163278237, 1436521.725198082393035 ], [ 412599.868808258441277, 1436526.523570856777951 ], [ 412599.318406511156354, 1436531.399370745522901 ], [ 412599.248567060625646, 1436536.305641130544245 ], [ 412599.659962498990353, 1436541.195131945656613 ], [ 412600.548630863253493, 1436546.020754721714184 ], [ 412601.906013791216537, 1436550.736036073416471 ], [ 412603.719038943352643, 1436555.295565263833851 ], [ 412605.970245896314736, 1436559.655431533930823 ], [ 412608.637954296485987, 1436563.773646988673136 ], [ 412611.69647265371168, 1436567.610550961457193 ], [ 412612.777863527589943, 1436568.723173024365678 ], [ 412612.718994778464548, 1436568.824712981237099 ], [ 412610.68587341759121, 1436573.290447430452332 ], [ 412609.100260611972772, 1436577.933958889450878 ], [ 412607.977426679688506, 1436582.710527804447338 ], [ 412607.328185125312302, 1436587.574153205612674 ], [ 412607.15878849994624, 1436592.477995721623302 ], [ 412607.470868185686413, 1436597.374828668311238 ], [ 412608.261418684502132, 1436602.217492867726833 ], [ 412609.522826563043054, 1436606.959350816207007 ], [ 412611.242943773802835, 1436611.554735829355195 ], [ 412613.40520464774454, 1436615.959391837706789 ], [ 412615.988785430672579, 1436620.13089959602803 ], [ 412618.968804827309214, 1436624.029085204005241 ], [ 412622.316563621745445, 1436627.61640700371936 ], [ 412625.999821066798177, 1436630.858317124657333 ], [ 412629.983105379797053, 1436633.723594200331718 ], [ 412634.2280553553137, 1436636.184644046239555 ], [ 412638.693789804528933, 1436638.2177654071711 ], [ 412643.337301263527479, 1436639.803378212964162 ], [ 412654.010294275300112, 1436642.872060427907854 ], [ 412653.465628219302744, 1436647.242637244518846 ], [ 412653.339012698677834, 1436652.147770795039833 ], [ 412653.693794029997662, 1436657.041695278137922 ], [ 412654.347813775995746, 1436660.839382599340752 ], [ 412651.826293569174595, 1436664.736019875388592 ], [ 412649.57717904628953, 1436669.096965931355953 ], [ 412648.843811765138526, 1436670.943872779607773 ], [ 412648.607990862277802, 1436670.962192204548046 ], [ 412644.256952431635, 1436671.690220511285588 ], [ 412639.987021379580256, 1436672.79893573676236 ], [ 412636.205639809544664, 1436673.961100469809026 ], [ 412634.41391353571089, 1436674.609853248344734 ], [ 412633.813357085105963, 1436674.265946110710502 ], [ 412629.219996651518159, 1436672.217784439446405 ], [ 412624.444117089384235, 1436670.641427654307336 ], [ 412619.534038697020151, 1436669.552824656711891 ], [ 412614.539439538842998, 1436668.962989464169368 ], [ 412612.50006374635268, 1436668.825663281138986 ], [ 412608.041295054368675, 1436668.724779969314113 ], [ 412578.9997509814566, 1436669.363562654703856 ], [ 412578.998615691205487, 1436669.004936154233292 ], [ 412582.591792872990482, 1436533.068132635904476 ], [ 412582.608471825486049, 1436531.467837349278852 ], [ 412582.41534835123457, 1436496.873511424520984 ], [ 412608.606923518236727, 1436505.485440079355612 ], [ 412606.701983311097138, 1436508.25036489428021 ], [ 412604.327590565138962, 1436512.544386986410245 ], [ 412602.385518935217988, 1436517.050463375402614 ] ], [ [ 413487.085671694891062, 1436780.005028844578192 ], [ 413510.43094804714201, 1436777.130728261079639 ], [ 413526.706830891605932, 1436775.354716188739985 ], [ 413527.564352157816757, 1436779.73313264362514 ], [ 413532.86987873504404, 1436816.87736526876688 ], [ 413533.515914757503197, 1436821.408887174911797 ], [ 413518.834504314232618, 1436816.996507645351812 ], [ 413513.305081019469071, 1436815.672250539530069 ], [ 413507.6610636835685, 1436814.984320916468278 ], [ 413452.8701135070296, 1436811.450914478395134 ], [ 413452.100130680482835, 1436811.407219339627773 ], [ 413429.831194663362112, 1436810.31572299846448 ], [ 413429.073149462928995, 1436810.284331032540649 ], [ 413412.580496211070567, 1436809.726649415446445 ], [ 413419.036505305964965, 1436776.933839461766183 ], [ 413438.258792201522738, 1436778.554139585001394 ], [ 413440.337806295254268, 1436778.685835143784061 ], [ 413452.213080213172361, 1436779.189974162029102 ], [ 413478.82926323794527, 1436780.33365030772984 ], [ 413482.964267546718474, 1436780.340187335154042 ], [ 413487.085671694891062, 1436780.005028844578192 ] ], [ [ 413440.645852548594121, 1436581.991583896102384 ], [ 413435.803790547011886, 1436582.785814474336803 ], [ 413431.062892607413232, 1436584.050825685961172 ], [ 413426.468816168664489, 1436585.774434781400487 ], [ 413425.650913377059624, 1436586.176717759808525 ], [ 413425.789146866591182, 1436579.658276620320976 ], [ 413430.043555327283684, 1436578.439715777756646 ], [ 413434.605502085527405, 1436576.6327823495958 ], [ 413438.968371375754941, 1436574.387400824110955 ], [ 413441.626844630634878, 1436572.67032462079078 ], [ 413443.403562634135596, 1436581.813728078035638 ], [ 413440.645852548594121, 1436581.991583896102384 ] ], [ [ 413519.563286883698311, 1436950.52657138928771 ], [ 413520.673844424425624, 1436958.73321788222529 ], [ 413500.577805589302443, 1436963.550551464315504 ], [ 413490.004022497043479, 1436914.053363257087767 ], [ 413495.523857679392677, 1436914.409331188071519 ], [ 413521.776423156843521, 1436922.299328062450513 ], [ 413519.662693712045439, 1436936.418825305299833 ], [ 413519.185170379467309, 1436941.111280357697979 ], [ 413519.151936187816318, 1436945.827853100607172 ], [ 413519.563286883698311, 1436950.52657138928771 ] ] ], [ [ [ 416855.945072772621643, 1438471.811324743088335 ], [ 416805.493420726794284, 1438387.637828549603 ], [ 416747.034261786960997, 1438308.814777405466884 ], [ 416681.130589610780589, 1438236.101280382601544 ], [ 416608.417092587915249, 1438170.197608206421137 ], [ 416600.607619588961825, 1438164.405708290636539 ], [ 416387.750427744118497, 1438207.752232213038951 ], [ 416388.92417432111688, 1438203.292089673224837 ], [ 416449.006354782904964, 1438063.436048743315041 ], [ 416445.420545250235591, 1438061.286797220818698 ], [ 416356.707240789313801, 1438019.328529057791457 ], [ 416280.760907159943599, 1437992.154496372444555 ], [ 416248.402254730812274, 1437999.04009999264963 ], [ 416233.771064191299956, 1437978.61849995655939 ], [ 416169.114130440400913, 1437962.422781165922061 ], [ 416072.040948753827251, 1437948.023334896890447 ], [ 415974.023808424244635, 1437943.208061569137499 ], [ 415876.006668094662018, 1437948.023334896890447 ], [ 415778.933486408088356, 1437962.422781165922061 ], [ 415683.739131169801112, 1437986.267725836951286 ], [ 415591.340376059175469, 1438019.328529057791457 ], [ 415502.627071598253679, 1438061.286797220818698 ], [ 415418.453575404651929, 1438111.738449266646057 ], [ 415339.63052426057402, 1438170.197608206421137 ], [ 415323.928528475458734, 1438184.429067634278908 ], [ 415336.136152449063957, 1438185.569826500955969 ], [ 415336.224891456193291, 1438185.573843887075782 ], [ 415336.310726927651558, 1438185.585831199772656 ], [ 415360.338598564208951, 1438187.746196913532913 ], [ 415365.195094285358209, 1438187.945642141392455 ], [ 415370.04800825525308, 1438187.672594363102689 ], [ 415374.851479798031505, 1438186.929633915890008 ], [ 415379.560115475323983, 1438185.723781874170527 ], [ 415384.129418060241733, 1438184.06643369840458 ], [ 415388.516207041742746, 1438181.973251546733081 ], [ 415392.67902668658644, 1438179.464016266167164 ], [ 415396.578537801105995, 1438176.562440460547805 ], [ 415397.99563335365383, 1438175.396830763202161 ], [ 415401.832190830085892, 1438171.891438918421045 ], [ 415405.284180025162641, 1438168.006761859403923 ], [ 415408.314309865527321, 1438163.784764890559018 ], [ 415410.889846530859359, 1438159.271057307953015 ], [ 415412.982967070187442, 1438154.514399693347514 ], [ 415414.016894623695407, 1438151.292860433226451 ], [ 415415.828423791273963, 1438152.631324126617983 ], [ 415420.041641698451713, 1438155.146311503369361 ], [ 415424.481083680526353, 1438157.236220957711339 ], [ 415429.10399548424175, 1438158.880925518926233 ], [ 415433.865855941839982, 1438160.06458578328602 ], [ 415438.720805734046735, 1438160.775802455144003 ], [ 415443.62208904029103, 1438161.007726129377261 ], [ 415448.522503823100124, 1438160.758123253937811 ], [ 415453.374856409267522, 1438160.029397641075775 ], [ 415458.132415990810841, 1438158.828567316988483 ], [ 415462.749364668154158, 1438157.167196934111416 ], [ 415467.181238701741677, 1438155.061286397278309 ], [ 415495.68641716032289, 1438139.758783635450527 ], [ 415523.12264415359823, 1438190.685131807113066 ], [ 415475.862780690018553, 1438213.825258082943037 ], [ 415471.567101784807164, 1438216.19665205758065 ], [ 415467.524545003660023, 1438218.97767728404142 ], [ 415463.774042378296144, 1438222.141550969332457 ], [ 415460.351713299110997, 1438225.65780328004621 ], [ 415457.290516666078474, 1438229.492570784408599 ], [ 415454.6199334760895, 1438233.608922575134784 ], [ 415452.36568290530704, 1438237.967215934069827 ], [ 415450.549474618863314, 1438242.525478113908321 ], [ 415449.188799695519265, 1438247.239810557803139 ], [ 415448.296762178535573, 1438252.06481166719459 ], [ 415447.881952876865398, 1438256.954014044255018 ], [ 415447.94836663082242, 1438261.860331996809691 ], [ 415448.495363839669153, 1438266.736515001161024 ], [ 415449.517676621268038, 1438271.535602749558166 ], [ 415450.151748816017061, 1438273.528352262917906 ], [ 415412.739907027746085, 1438289.320704781915992 ], [ 415410.097473442263436, 1438285.241131861926988 ], [ 415406.894639832316898, 1438281.256583172827959 ], [ 415403.301682378631085, 1438277.619905000785366 ], [ 415399.356161529954989, 1438274.369114847388119 ], [ 415395.099323400412686, 1438271.53819617535919 ], [ 415390.575668586534448, 1438269.156743149505928 ], [ 415386.492252589087002, 1438267.267002996988595 ], [ 415382.052495803160127, 1438265.46532114292495 ], [ 415377.460670946806204, 1438264.096875926712528 ], [ 415372.758944743545726, 1438263.174233779544011 ], [ 415367.990493141172919, 1438262.705867323791608 ], [ 415363.199104826489929, 1438262.696077567758039 ], [ 415358.428779114212375, 1438263.144954411080107 ], [ 415353.723321901226882, 1438264.04837581794709 ], [ 415330.267854889039882, 1438269.7291498654522 ], [ 415329.357741940184496, 1438269.547729925252497 ], [ 415315.439396555477288, 1438262.441640373785049 ], [ 415307.148687605222221, 1438257.242300159297884 ], [ 415286.625158410170116, 1438218.238871487788856 ], [ 415266.91702723770868, 1438236.101280382601544 ], [ 415201.013355061528273, 1438308.814777405466884 ], [ 415173.864358939405065, 1438345.420961084077135 ], [ 415175.310197257960681, 1438346.542065235087648 ], [ 415180.017888762871735, 1438349.422694266308099 ], [ 415185.158966195594985, 1438352.190715307602659 ], [ 415181.533394063531887, 1438354.99723045877181 ], [ 415177.839744647790212, 1438358.155079531250522 ], [ 415174.470091185241472, 1438361.656578112393618 ], [ 415171.456263499101624, 1438365.468650967115536 ], [ 415168.826730274129659, 1438369.555289168609306 ], [ 415166.606330140843056, 1438373.877890239702538 ], [ 415158.59214477520436, 1438391.542684923158959 ], [ 415156.75478726811707, 1438396.199079119600356 ], [ 415153.779555507935584, 1438405.007092180196196 ], [ 415140.857736273610499, 1438402.360997365787625 ], [ 415136.00821149215335, 1438401.613684825599194 ], [ 415134.235589484800585, 1438401.516585254110396 ], [ 415092.102544075867627, 1438471.811324743088335 ], [ 415050.1442759129568, 1438560.524629204068333 ], [ 415017.083472692058422, 1438652.923384314635769 ], [ 414993.238528021029197, 1438748.117739553097636 ], [ 414978.83908175205579, 1438845.190921239554882 ], [ 414974.023808424244635, 1438943.208061569137499 ], [ 414978.83908175205579, 1439041.225201898720115 ], [ 414993.238528021029197, 1439138.298383585177362 ], [ 415008.860383526771329, 1439200.664326681988314 ], [ 415024.013018424389884, 1439195.305411134380847 ], [ 415042.234712018573191, 1439188.923682820284739 ], [ 415048.043194017023779, 1439187.199422431876883 ], [ 415050.276790495787282, 1439186.945586588233709 ], [ 415054.55583370878594, 1439186.270428648917004 ], [ 415058.760376275691669, 1439185.227418167516589 ], [ 415062.858857135812286, 1439183.824384418549016 ], [ 415064.678070491005201, 1439183.112158752745017 ], [ 415132.555530430283397, 1439226.882480428321287 ], [ 415126.898456541879568, 1439228.806387472199276 ], [ 415124.663996418588795, 1439227.39876793930307 ], [ 415120.275986489257775, 1439225.202922885771841 ], [ 415115.693875574332196, 1439223.447751611471176 ], [ 415110.961791906796861, 1439222.150157375028357 ], [ 415106.125308039132506, 1439221.322636718396097 ], [ 415101.231001954933163, 1439220.973159117856994 ], [ 415096.326008497271687, 1439221.105090233730152 ], [ 415091.457565434509888, 1439221.71715949755162 ], [ 415086.672558534657583, 1439222.803472347091883 ], [ 415082.017070029920433, 1439224.353566996287555 ], [ 415077.535934819607064, 1439226.352515186183155 ], [ 415073.272308685351163, 1439228.781065952731296 ], [ 415069.26725267758593, 1439231.615831024944782 ], [ 415065.559337675047573, 1439234.829510065028444 ], [ 415062.184272926184349, 1439238.391153587261215 ], [ 415059.174562149564736, 1439242.266461017774418 ], [ 415057.803152830339968, 1439244.443440922303125 ], [ 415055.015780338144396, 1439244.313764681341127 ], [ 415050.115565403189976, 1439244.567260697716847 ], [ 415045.263793297111988, 1439245.299841116648167 ], [ 415040.507189237570856, 1439246.50445078779012 ], [ 415035.891561921918765, 1439248.169488661689684 ], [ 415031.461362364236265, 1439250.278919513337314 ], [ 415027.259255808137823, 1439252.812428370816633 ], [ 415024.683426602219697, 1439254.733187082223594 ], [ 415050.1442759129568, 1439325.891493934206665 ], [ 415092.102544075867627, 1439414.604798395186663 ], [ 415142.554196121694986, 1439498.778294588671997 ], [ 415201.013355061528273, 1439577.601345732808113 ], [ 415266.91702723770868, 1439650.314842755673453 ], [ 415339.63052426057402, 1439716.218514931853861 ], [ 415418.453575404651929, 1439774.67767387162894 ], [ 415502.627071598253679, 1439825.129325917456299 ], [ 415591.340376059175469, 1439867.087594080483541 ], [ 415683.739131169801112, 1439900.148397301323712 ], [ 415778.933486408088356, 1439923.993341972352937 ], [ 415876.006668094662018, 1439938.392788241384551 ], [ 415974.023808424244635, 1439943.208061569137499 ], [ 416072.040948753827251, 1439938.392788241384551 ], [ 416169.114130440400913, 1439923.993341972352937 ], [ 416264.308485678688157, 1439900.148397301323712 ], [ 416353.219326220627408, 1439868.335589868715033 ], [ 416326.380797571386211, 1439844.970648186048493 ], [ 416328.536174136621412, 1439841.9713994495105 ], [ 416330.995302772207651, 1439837.725336214760318 ], [ 416333.026403055293486, 1439833.258682178566232 ], [ 416334.609914379892871, 1439828.614453661022708 ], [ 416335.730586666322779, 1439823.837377121206373 ], [ 416336.377627227862831, 1439818.973458418156952 ], [ 416336.544804710138123, 1439814.069539747433737 ], [ 416336.230509102635551, 1439809.172848526854068 ], [ 416335.437767243885901, 1439804.330542569514364 ], [ 416334.174213671300095, 1439799.589255928993225 ], [ 416332.452017096569762, 1439794.994649787433445 ], [ 416330.287763214088045, 1439790.590972713427618 ], [ 416327.702294971910305, 1439786.42063452466391 ], [ 416324.720511842577253, 1439782.523797857807949 ], [ 416250.842627209261991, 1439695.209401242202148 ], [ 416240.072262767585926, 1439663.224069213261828 ], [ 416254.018196881341282, 1439668.854397527407855 ], [ 416258.744389187137131, 1439670.49265204090625 ], [ 416263.610619227227289, 1439671.650484826182947 ], [ 416268.568184269533958, 1439672.316307935863733 ], [ 416273.567467473156285, 1439672.48345760628581 ], [ 416278.558434468810447, 1439672.150260952068493 ], [ 416295.886216463812161, 1439670.118831727188081 ], [ 416301.349898508749902, 1439672.140696256887168 ], [ 416305.991153457027394, 1439673.605645427247509 ], [ 416310.752848688804079, 1439674.612413566559553 ], [ 416315.589867477770895, 1439675.1514616177883 ], [ 416320.456379412382375, 1439675.217682138551027 ], [ 416325.306274635368027, 1439674.810447694268078 ], [ 416330.093600731808692, 1439673.933616802562028 ], [ 416334.772998124826699, 1439672.595497373957187 ], [ 416365.777164412720595, 1439662.072168687125668 ], [ 416366.011394675297197, 1439661.992019830737263 ], [ 416386.485607599955983, 1439654.929488848894835 ], [ 416400.769908274640329, 1439700.039359867805615 ], [ 416396.310200093488675, 1439700.828161958605051 ], [ 416392.170557587698568, 1439701.758664638269693 ], [ 416385.37486539571546, 1439703.80233547417447 ], [ 416369.268182044557761, 1439709.922926206840202 ], [ 416364.772470350959338, 1439711.888872036943212 ], [ 416360.491103126259986, 1439714.286008104449138 ], [ 416356.465312277257908, 1439717.091248678509146 ], [ 416352.733868370589335, 1439720.277577759232372 ], [ 416349.332707250898238, 1439723.814309255685657 ], [ 416346.294583958981093, 1439727.667382509680465 ], [ 416343.648757282993756, 1439731.799690320156515 ], [ 416341.420707980170846, 1439736.171436303528026 ], [ 416339.631893383222632, 1439740.740518156206235 ], [ 416338.299540754698683, 1439745.462933122413233 ], [ 416337.436481378623284, 1439750.293201764114201 ], [ 416337.051026988658123, 1439755.184805954340845 ], [ 416337.146889721276239, 1439760.090636870125309 ], [ 416337.723146365897264, 1439764.963448678376153 ], [ 416338.774247256165836, 1439769.75631353748031 ], [ 416340.290069715760183, 1439774.423073538811877 ], [ 416342.256015545863193, 1439778.918785232584924 ], [ 416344.653151613369118, 1439783.200152457226068 ], [ 416347.458392187603749, 1439787.225943306228146 ], [ 416350.644721268268768, 1439790.95738721289672 ], [ 416351.302787686465308, 1439791.59022855758667 ], [ 416351.270509600406513, 1439791.770677788415924 ], [ 416350.884112076601014, 1439796.662207568995655 ], [ 416350.979028923378792, 1439801.568056876771152 ], [ 416351.554346039600205, 1439806.440979701466858 ], [ 416352.604522806999739, 1439811.234047132078558 ], [ 416354.119445449206978, 1439815.901099309558049 ], [ 416356.08452443301212, 1439820.397189970128238 ], [ 416366.547893370618112, 1439841.456215969985351 ], [ 416372.71352729445789, 1439853.84860894526355 ], [ 416374.033363142167218, 1439856.324626207817346 ], [ 416375.185873795999214, 1439858.347851561615244 ], [ 416445.420545250235591, 1439825.129325917456299 ], [ 416529.594041443837341, 1439774.67767387162894 ], [ 416608.417092587915249, 1439716.218514931853861 ], [ 416681.130589610780589, 1439650.314842755673453 ], [ 416747.034261786960997, 1439577.601345732808113 ], [ 416780.551263122120872, 1439532.408900984097272 ], [ 416776.155918091593776, 1439520.161385125946254 ], [ 416781.829373474465683, 1439518.176404123660177 ], [ 416786.889454913092777, 1439523.862838660366833 ], [ 416805.493420726794284, 1439498.778294588671997 ], [ 416855.945072772621643, 1439414.604798395186663 ], [ 416897.903340935532469, 1439325.891493934206665 ], [ 416930.849549666570965, 1439233.813008967554197 ], [ 416926.411325716588181, 1439231.575981217436492 ], [ 416921.534346545464359, 1439229.726310072466731 ], [ 416916.491210747044533, 1439228.394773178966716 ], [ 416911.336800164368469, 1439227.595860965084285 ], [ 416909.861519563535694, 1439227.445470986422151 ], [ 416904.514819587697275, 1439227.188446408836171 ], [ 416899.171282736526337, 1439227.504478346789256 ], [ 416897.104156777262688, 1439227.851196549832821 ], [ 416898.666231643350329, 1439224.897618272341788 ], [ 416900.524034553207457, 1439220.356149898841977 ], [ 416901.92774989141617, 1439215.654453408438712 ], [ 416902.863859111908823, 1439210.837808708427474 ], [ 416903.323346971126739, 1439205.952602720353752 ], [ 416903.30178834986873, 1439201.045882648322731 ], [ 416902.799390869389754, 1439196.164902889169753 ], [ 416901.820992892084178, 1439191.356669945875183 ], [ 416900.376016925321892, 1439186.667489730054513 ], [ 416898.478378877567593, 1439182.142521611182019 ], [ 416896.146354040596634, 1439177.825343505013734 ], [ 416893.402401088387705, 1439173.757532197516412 ], [ 416890.272945787815843, 1439169.978262934600934 ], [ 416886.788126504223328, 1439166.523932145675644 ], [ 416882.981503952294588, 1439163.427806924330071 ], [ 416878.88973798812367, 1439160.719704648945481 ], [ 416874.552234554721508, 1439158.42570582497865 ], [ 416870.010766181279905, 1439156.567902915179729 ], [ 416865.309069690818433, 1439155.164187577087432 ], [ 416860.492424990807194, 1439154.228078356478363 ], [ 416831.920356979651842, 1439150.118028020719066 ], [ 416826.14140630181646, 1439141.101997544756159 ], [ 416823.251638050482143, 1439137.052203067578375 ], [ 416819.973711628117599, 1439133.309637874597684 ], [ 416816.340080598602071, 1439129.911355750635266 ], [ 416812.386720228765626, 1439126.891001857351512 ], [ 416811.165578792802989, 1439126.137506902916357 ], [ 416815.919778382405639, 1439123.226724418113008 ], [ 416816.934826942742802, 1439122.588397214422002 ], [ 416823.1347380708321, 1439118.58496073866263 ], [ 416830.727809793897904, 1439115.090850745327771 ], [ 416848.405755803047214, 1439107.753114667721093 ], [ 416864.085299136757385, 1439101.579731606179848 ], [ 416869.988295693765394, 1439098.797936350340024 ], [ 416887.382380885654129, 1439089.16663764230907 ], [ 416895.91401801048778, 1439085.153234664117917 ], [ 416897.926889078808017, 1439084.478616969659925 ], [ 416904.51302230451256, 1439083.397695725550875 ], [ 416906.483020488230977, 1439083.368206927087158 ], [ 416912.298936145671178, 1439084.116994052892551 ], [ 416920.439222196931951, 1439086.440538348630071 ], [ 416926.205629345611669, 1439088.559299102518708 ], [ 416956.160050252627116, 1439102.452026497805491 ], [ 416956.581202217261307, 1439102.644989293301478 ], [ 416959.876538868353236, 1439104.136410317616537 ], [ 416969.208535096433479, 1439041.225201898720115 ], [ 416971.271682424063329, 1438999.228873264975846 ], [ 416966.416056625486817, 1438996.976855582557619 ], [ 416962.623161195719149, 1438995.403591831913218 ], [ 416953.188929345924407, 1438991.937156030209735 ], [ 416949.668311563378666, 1438990.789647486060858 ], [ 416936.133693299314473, 1438986.926357564283535 ], [ 416932.492506162729114, 1438986.033199262106791 ], [ 416928.79463086638134, 1438985.415385528467596 ], [ 416915.700344039360061, 1438983.729523151181638 ], [ 416908.567282807838637, 1438983.325804873602465 ], [ 416899.317413367971312, 1438983.464265679009259 ], [ 416895.630653636704665, 1438983.655756518943235 ], [ 416891.968072185758501, 1438984.118750225752592 ], [ 416877.75806996494066, 1438986.450906705576926 ], [ 416873.823613260407001, 1438987.26013939990662 ], [ 416869.966811197227798, 1438988.382585371378809 ], [ 416861.375866349204443, 1438991.261857420438901 ], [ 416855.981425860896707, 1438993.426124576013535 ], [ 416843.322253307502251, 1438999.38117869803682 ], [ 416840.385185511608142, 1439000.883076845202595 ], [ 416824.407891872688197, 1439009.729882290121168 ], [ 416811.343833722057752, 1439014.873490977101028 ], [ 416810.493047586409375, 1439015.217515459051356 ], [ 416791.51740136690205, 1439023.093899049796164 ], [ 416789.783978866704274, 1439023.852163998410106 ], [ 416778.099085915950127, 1439029.229210695484653 ], [ 416771.877714774920605, 1439032.646741105942056 ], [ 416763.192413998243865, 1439038.255055356537923 ], [ 416758.491261650051456, 1439041.133359402418137 ], [ 416751.998741543386132, 1439043.3623635484837 ], [ 416740.171213586174417, 1439045.873773999279365 ], [ 416724.085742655908689, 1439046.990892801433802 ], [ 416707.194094727339689, 1439047.780294646974653 ], [ 416702.289278819516767, 1439048.252580429892987 ], [ 416690.712580305058509, 1439049.94648588495329 ], [ 416689.469083000323735, 1439050.144458335125819 ], [ 416673.774559931480326, 1439052.846174269681796 ], [ 416668.412377997359727, 1439054.076356195379049 ], [ 416649.212826784758363, 1439059.608878703555092 ], [ 416643.822713633766398, 1439061.501729752169922 ], [ 416616.282804638845846, 1439072.97946150531061 ], [ 416587.887126325047575, 1439084.747452150797471 ], [ 416583.819865108991507, 1439086.651350318919867 ], [ 416550.623602225154173, 1439104.049014969030395 ], [ 416547.683838413562626, 1439105.718749657738954 ], [ 416541.41657564335037, 1439109.564342560479417 ], [ 416536.813034749007784, 1439112.876275141024962 ], [ 416539.081904215039685, 1439110.103967708535492 ], [ 416541.704552908136975, 1439106.202201554086059 ], [ 416543.949147893581539, 1439102.071359189460054 ], [ 416544.962185238720849, 1439099.978020131587982 ], [ 416546.807969548273832, 1439095.657071582973003 ], [ 416548.239997896191198, 1439091.18193908338435 ], [ 416549.245624030940235, 1439086.592142556793988 ], [ 416549.815967261616606, 1439081.928214526036754 ], [ 416549.945990883628838, 1439077.231342169223353 ], [ 416549.634546657383908, 1439072.543003596598282 ], [ 416549.381401265331078, 1439070.318994355387986 ], [ 416550.085649827087764, 1439069.751269963569939 ], [ 416554.757914665329736, 1439065.611883663805202 ], [ 416558.242534055490978, 1439062.207636937964708 ], [ 416561.379332760232501, 1439058.480444703483954 ], [ 416564.138534444151446, 1439054.465687658172101 ], [ 416566.493947144597769, 1439050.201476233545691 ], [ 416568.423211901157629, 1439045.728288827929646 ], [ 416569.90801499976078, 1439041.088587563484907 ], [ 416571.087536973296665, 1439036.672221144894138 ], [ 416572.19650816230569, 1439031.391744374064729 ], [ 416572.730018115369603, 1439026.02251545782201 ], [ 416572.68185394856846, 1439020.627060681814328 ], [ 416572.052576548128854, 1439015.268211740301922 ], [ 416562.990357327682432, 1438962.751282072626054 ], [ 416562.542964637454133, 1438960.73912652512081 ], [ 416563.931656596774701, 1438960.56589756347239 ], [ 416568.431555984949227, 1438959.764893235173076 ], [ 416570.084179404424503, 1438961.581814368255436 ], [ 416571.110361186612863, 1438963.753650567959994 ], [ 416573.631327661103569, 1438967.963293625507504 ], [ 416576.552772167255171, 1438971.905568176647648 ], [ 416579.846559597586747, 1438975.542507962090895 ], [ 416583.48096897843061, 1438978.839087263680995 ], [ 416587.420998960733414, 1438981.763558220583946 ], [ 416591.628704901901074, 1438984.287756578763947 ], [ 416596.06356429355219, 1438986.387372928205878 ], [ 416600.682867015479133, 1438988.042186815757304 ], [ 416605.442126657231711, 1438989.236261479090899 ], [ 416610.295508946815971, 1438989.958097326103598 ], [ 416615.196273159643169, 1438990.200742683606222 ], [ 416620.097222257289104, 1438989.961860743584111 ], [ 416624.951157420815434, 1438989.24375207000412 ], [ 416679.997155057440978, 1438978.316392114153132 ], [ 416680.700814745854586, 1438978.168460039654747 ], [ 416680.760234953369945, 1438978.158720655366778 ], [ 416680.808979403984267, 1438978.145720322383568 ], [ 416681.097986745706294, 1438978.084961611544713 ], [ 416709.78404702123953, 1438971.716451418120414 ], [ 416714.367450074409135, 1438970.467740185325965 ], [ 416718.811661425628699, 1438968.789691093144938 ], [ 416723.076564310933463, 1438966.697451462969184 ], [ 416821.933078934554942, 1438912.229032186325639 ], [ 416826.109314026543871, 1438909.653099909424782 ], [ 416830.012953889614437, 1438906.68022882938385 ], [ 416833.6064043379738, 1438903.33904931996949 ], [ 416836.855058479355648, 1438899.661738766124472 ], [ 416839.727629998524208, 1438895.683711678953841 ], [ 416842.196454461431131, 1438891.443278633756563 ], [ 416844.237755738897249, 1438886.981277319137007 ], [ 416845.831874983734451, 1438882.340679246466607 ], [ 416846.96345995622687, 1438877.566175912041217 ], [ 416847.62161287444178, 1438872.703748393338174 ], [ 416847.799995366018265, 1438867.8002245251555 ], [ 416847.521556045627221, 1438863.30137452064082 ], [ 416899.586178925470449, 1438853.692776732379571 ], [ 416944.256275786785409, 1438851.760241247946396 ], [ 416942.902360082254745, 1438852.780552921118215 ], [ 416939.101031058351509, 1438856.319923337548971 ], [ 416935.687382780713961, 1438860.234543463680893 ], [ 416919.94738963060081, 1438880.299848420778289 ], [ 416916.948273413581774, 1438884.563364673405886 ], [ 416908.303289818344638, 1438898.325449611525983 ], [ 416905.94497340527596, 1438902.514075254788622 ], [ 416903.999775547767058, 1438906.909805726259947 ], [ 416902.4856747299782, 1438911.472013503080234 ], [ 416901.416665023367386, 1438916.15853239572607 ], [ 416900.802626746357419, 1438920.926047270186245 ], [ 416900.649235145538114, 1438925.730494387215003 ], [ 416900.957907942181919, 1438930.527468661312014 ], [ 416901.72579222911736, 1438935.272634075256065 ], [ 416902.945790838508401, 1438939.922133454587311 ], [ 416904.606627937580924, 1438944.432993817375973 ], [ 416906.692953245365061, 1438948.763523553265259 ], [ 416909.185483907698654, 1438952.873697756556794 ], [ 416912.06118271878222, 1438956.725528156850487 ], [ 416915.293471042590681, 1438960.28341422509402 ], [ 416918.852474465849809, 1438963.514472212409601 ], [ 416922.705298912071157, 1438966.388839076505974 ], [ 416926.816334665170871, 1438968.87994849216193 ], [ 416960.488469894975424, 1438987.131115228869021 ], [ 416971.494210006378125, 1438994.699220268055797 ], [ 416974.023808424244635, 1438943.208061569137499 ], [ 416969.208535096433479, 1438845.190921239554882 ], [ 416954.809088827460073, 1438748.117739553097636 ], [ 416930.964144156430848, 1438652.923384314635769 ], [ 416897.903340935532469, 1438560.524629204068333 ], [ 416855.945072772621643, 1438471.811324743088335 ] ], [ [ 415237.548800329561345, 1439176.390552583383396 ], [ 415231.016356407548301, 1439171.522260059602559 ], [ 415228.235323782195337, 1439169.592596126254648 ], [ 415170.785095789236948, 1439132.546204557642341 ], [ 415182.280506486131344, 1439131.040124342544004 ], [ 415184.788993811467662, 1439130.646447004750371 ], [ 415192.77684940607287, 1439129.184126307023689 ], [ 415195.547030992049258, 1439128.595457446761429 ], [ 415208.908272689383011, 1439125.358130440814421 ], [ 415212.832652606710326, 1439124.235860109096393 ], [ 415268.207872751052491, 1439105.92393138515763 ], [ 415300.508299509121571, 1439095.479003639658913 ], [ 415301.946890435647219, 1439094.989540766691789 ], [ 415341.038467592792585, 1439081.022797784535214 ], [ 415366.517245140857995, 1439072.786807391559705 ], [ 415381.271839371416718, 1439068.402042976114899 ], [ 415391.629032997123431, 1439066.534518484724686 ], [ 415398.129967114364263, 1439065.989862638991326 ], [ 415413.789545386855025, 1439066.256274511571974 ], [ 415417.574334714503493, 1439066.177334681851789 ], [ 415427.30006175104063, 1439065.605589771643281 ], [ 415431.824932520859875, 1439065.132244382984936 ], [ 415436.288045989873353, 1439064.249561255564913 ], [ 415440.652450236084405, 1439062.964848479954526 ], [ 415447.065596356173046, 1439060.755372082348913 ], [ 415451.620744181913324, 1439058.931366894859821 ], [ 415455.975173953454942, 1439056.669662227155641 ], [ 415460.086950131633785, 1439053.992039531702176 ], [ 415463.916474064113572, 1439050.924285778542981 ], [ 415467.426865342073143, 1439047.495945113711059 ], [ 415470.584316978522111, 1439043.740034331567585 ], [ 415473.35842098807916, 1439039.692724906373769 ], [ 415475.722461232740898, 1439035.392994640395045 ], [ 415477.653670712548774, 1439030.882252286421135 ], [ 415479.133450824650936, 1439026.203938759164885 ], [ 415480.147550477471668, 1439021.403108775382861 ], [ 415480.686203337099869, 1439016.525996952317655 ], [ 415480.744221881963313, 1439011.619572542607784 ], [ 415480.32104736182373, 1439006.73108709580265 ], [ 415479.420755178609397, 1439001.907619398785755 ], [ 415478.052015638211742, 1438997.195622082334012 ], [ 415476.228010450606234, 1438992.640474256593734 ], [ 415473.966305782902054, 1438988.286044485168532 ], [ 415471.288683087332174, 1438984.174268306931481 ], [ 415468.220929334289394, 1438980.34474437427707 ], [ 415464.792588669399265, 1438976.8343530963175 ], [ 415461.036677887372207, 1438973.676901459926739 ], [ 415456.98936846217839, 1438970.902797450311482 ], [ 415452.689638196141459, 1438968.538757205707952 ], [ 415448.178895842167549, 1438966.607547726016492 ], [ 415443.500582314969506, 1438965.127767613856122 ], [ 415438.699752331187483, 1438964.113667960977182 ], [ 415433.822640508005861, 1438963.575015101348981 ], [ 415428.916216098354198, 1438963.51699655666016 ], [ 415424.027730651432648, 1438963.940171076683328 ], [ 415419.204262954473961, 1438964.840463259955868 ], [ 415414.592953496030532, 1438966.179955022176728 ], [ 415413.596680380112957, 1438966.238522785948589 ], [ 415397.314307435241062, 1438965.961515487870201 ], [ 415392.289361787494272, 1438966.128844899823889 ], [ 415380.916445846436545, 1438967.08168106735684 ], [ 415376.218367221474182, 1438967.700628678780049 ], [ 415360.806071002443787, 1438970.479647947708145 ], [ 415355.435252429742832, 1438971.757778282277286 ], [ 415337.460686098143924, 1438977.09945271955803 ], [ 415336.325077786692418, 1438977.451680087950081 ], [ 415309.554985365830362, 1438986.105086774332449 ], [ 415308.111266036401503, 1438986.596207703929394 ], [ 415269.017150514700916, 1439000.563857599860057 ], [ 415237.282437741174363, 1439010.825851486995816 ], [ 415236.968175936955959, 1439010.928622691426426 ], [ 415236.523194075911306, 1439011.075772916665301 ], [ 415236.55773169209715, 1439010.024508371250704 ], [ 415236.237384975131135, 1439005.128209297312424 ], [ 415234.833419819071423, 1438992.911586804315448 ], [ 415234.00080865964992, 1438987.914486399851739 ], [ 415232.666816078824922, 1438983.027287039207295 ], [ 415230.324153479363304, 1438975.889940982917324 ], [ 415228.71223906672094, 1438971.641134143341333 ], [ 415227.877784895710647, 1438969.929107713978738 ], [ 415230.505041432625148, 1438961.858817363390699 ], [ 415231.901922052260488, 1438956.617442351067439 ], [ 415232.722801362164319, 1438951.255591491004452 ], [ 415232.95801817526808, 1438945.836370095377788 ], [ 415232.604804150760174, 1438940.423558687325567 ], [ 415231.484735915146302, 1438931.089952281210572 ], [ 415235.605734561337158, 1438930.505221677478403 ], [ 415240.372883535106666, 1438929.343043850967661 ], [ 415245.003164036490489, 1438927.719199918210506 ], [ 415249.451983933104202, 1438925.649328384315595 ], [ 415253.676498657267075, 1438923.153363243443891 ], [ 415257.636023822939023, 1438920.255342004587874 ], [ 415261.292427038191818, 1438916.983174196211621 ], [ 415264.610495141299907, 1438913.368372583063319 ], [ 415267.558273322647437, 1438909.445749680744484 ], [ 415270.107372866827063, 1438905.253082492388785 ], [ 415272.233244551811367, 1438900.830748694716021 ], [ 415273.915415071183816, 1438896.221337779890746 ], [ 415275.137684203160461, 1438891.469240894541144 ], [ 415275.888280827959534, 1438886.620223329402506 ], [ 415276.159976289724, 1438881.720983774634078 ], [ 415275.950154012651183, 1438876.818704585311934 ], [ 415275.701201692514587, 1438875.0641663975548 ], [ 415279.623267194430809, 1438874.501830301480368 ], [ 415288.82452131138416, 1438872.62660782574676 ], [ 415294.197601396823302, 1438871.216647098539397 ], [ 415299.38111636065878, 1438869.219361071009189 ], [ 415317.964634447125718, 1438860.845428045839071 ], [ 415322.333897174219601, 1438858.612512942170724 ], [ 415326.463256754039321, 1438855.962087297113612 ], [ 415330.312945196405053, 1438852.919676158577204 ], [ 415333.845887897186913, 1438849.514579609036446 ], [ 415337.02806068683276, 1438845.779590589692816 ], [ 415339.8288175019552, 1438841.750679086195305 ], [ 415342.221185523201711, 1438837.466645719250664 ], [ 415344.18212493887404, 1438832.968748071696609 ], [ 415345.692750830377918, 1438828.300303356954828 ], [ 415346.738515044562519, 1438823.506271249614656 ], [ 415347.30934630043339, 1438818.63282089936547 ], [ 415347.399747180868872, 1438813.726886297343299 ], [ 415347.008847076038364, 1438808.835714275483042 ], [ 415346.140410567633808, 1438804.006409494206309 ], [ 415344.802801173937041, 1438799.285480798687786 ], [ 415343.00890080461977, 1438794.718393312767148 ], [ 415340.775985700951423, 1438790.34913058555685 ], [ 415338.125560055894312, 1438786.219771005678922 ], [ 415335.083148917416111, 1438782.370082563487813 ], [ 415331.678052367817145, 1438778.837139862589538 ], [ 415330.199054363765754, 1438777.577048553153872 ], [ 415330.524373151478358, 1438772.114491272484884 ], [ 415330.224810989224352, 1438766.490503489272669 ], [ 415328.094019438140094, 1438747.12050592340529 ], [ 415327.199953542265575, 1438741.726729737361893 ], [ 415325.722319131833501, 1438736.46281751152128 ], [ 415320.885423568077385, 1438722.265995731344447 ], [ 415318.737506831123028, 1438716.973293262068182 ], [ 415315.999961075314786, 1438711.960101766511798 ], [ 415312.708512636774685, 1438707.291845891624689 ], [ 415298.642938386357855, 1438689.584273719694465 ], [ 415298.173033962084446, 1438689.048893695464358 ], [ 415297.741554646287113, 1438688.482089022407308 ], [ 415297.30554584832862, 1438688.012972358381376 ], [ 415296.904700068407692, 1438687.513475836720318 ], [ 415296.13356763869524, 1438686.725251965457574 ], [ 415295.406168465618975, 1438685.896498357877135 ], [ 415294.886050340777729, 1438685.409755022963509 ], [ 415294.401092142506968, 1438684.887972037773579 ], [ 415293.921201373217627, 1438684.463850635103881 ], [ 415293.473326553590596, 1438684.006049081683159 ], [ 415263.980947302421555, 1438656.681011938257143 ], [ 415264.544713467592373, 1438656.191958707058802 ], [ 415267.918217578087933, 1438652.628836950054392 ], [ 415270.926230338925961, 1438648.752211372368038 ], [ 415273.539782942913007, 1438644.599415997508913 ], [ 415273.691248335118871, 1438644.296407443238422 ], [ 415273.817756905045826, 1438644.387658165069297 ], [ 415278.059502410702407, 1438646.854226977098733 ], [ 415282.522588773746975, 1438648.893154821591452 ], [ 415287.164034032728523, 1438650.484805708751082 ], [ 415291.939138532499783, 1438651.61385117075406 ], [ 415296.801915406424087, 1438652.269417882431298 ], [ 415301.705533454951365, 1438652.445192377781495 ], [ 415306.602768155687954, 1438652.139481852762401 ], [ 415311.446456461271737, 1438651.355230466229841 ], [ 415316.189951005624607, 1438650.09999098838307 ], [ 415317.302489617432002, 1438649.685201068408787 ], [ 415317.47455305774929, 1438683.051137977046892 ], [ 415317.740586240426637, 1438687.950688260840252 ], [ 415318.485578308347613, 1438692.800570059334859 ], [ 415319.702354580629617, 1438697.554076359141618 ], [ 415321.379196836613119, 1438702.165428296197206 ], [ 415323.499956168758217, 1438706.590216030366719 ], [ 415326.044208505307324, 1438710.785826437408105 ], [ 415328.987451305496506, 1438714.711853495100513 ], [ 415332.301339532190468, 1438718.330487417057157 ], [ 415335.953958630212583, 1438721.606878780061379 ], [ 415339.910131880897097, 1438724.50947414431721 ], [ 415344.131759173236787, 1438727.010319930035621 ], [ 415348.578183928562794, 1438729.085331625072286 ], [ 415353.206584645842668, 1438730.714525732211769 ], [ 415357.972387296031229, 1438731.882212222088128 ], [ 415362.829694594431203, 1438732.577145634917542 ], [ 415367.731728016340639, 1438732.792633382603526 ], [ 415372.631278300250415, 1438732.526600199984387 ], [ 415377.481160098570399, 1438731.781608131946996 ], [ 415382.234666398377158, 1438730.564831859664991 ], [ 415386.846018335432746, 1438728.88798960368149 ], [ 415388.042248213954736, 1438728.314647823106498 ], [ 415389.719836765492801, 1438818.671199908945709 ], [ 415390.051534141181037, 1438823.566743136150762 ], [ 415390.861481450789142, 1438828.406200956553221 ], [ 415392.141878459078725, 1438833.142966745654121 ], [ 415393.88039424282033, 1438837.731422859476879 ], [ 415396.060285944666248, 1438842.127379957353696 ], [ 415398.660560015938245, 1438846.288502569543198 ], [ 415401.656174395815469, 1438850.174716810462996 ], [ 415405.018279680225533, 1438853.748596312478185 ], [ 415408.714496957487427, 1438856.975722662406042 ], [ 415412.709229634550866, 1438859.825016869464889 ], [ 415416.964006252004765, 1438862.269038672558963 ], [ 415421.437850985152181, 1438864.284250806085765 ], [ 415426.087678263604175, 1438865.851245675235987 ], [ 415430.868707708723377, 1438866.954932262888178 ], [ 415435.734895393426996, 1438867.584681463893503 ], [ 415440.639377270184923, 1438867.734428449301049 ], [ 415445.534920497448184, 1438867.402731073554605 ], [ 415450.374378317734227, 1438866.592783764004707 ], [ 415455.111144106776919, 1438865.312386755598709 ], [ 415459.699600220657885, 1438863.573870972031727 ], [ 415464.09555731859291, 1438861.393979270011187 ], [ 415468.256679930782411, 1438858.793705198913813 ], [ 415472.142894171644002, 1438855.798090819036588 ], [ 415475.716773673717398, 1438852.435985534451902 ], [ 415478.424261291627772, 1438849.334941005799919 ], [ 415482.761490554141346, 1438879.130779204424471 ], [ 415483.705696135584731, 1438883.945843322435394 ], [ 415485.117313924420159, 1438888.645173259312287 ], [ 415486.982749269634951, 1438893.183511899551377 ], [ 415489.284037009172607, 1438897.517152560409158 ], [ 415491.999014483997598, 1438901.604359913850203 ], [ 415495.101534976973198, 1438905.405771918594837 ], [ 415498.561719519668259, 1438908.884778899140656 ], [ 415502.346244643384125, 1438912.007876116083935 ], [ 415506.418663302436471, 1438914.744986436096951 ], [ 415510.739755878923461, 1438917.069749990710989 ], [ 415515.267907889094204, 1438918.959778035990894 ], [ 415519.959510753804352, 1438920.396868568612263 ], [ 415524.769381772784982, 1438921.367181621026248 ], [ 415529.651199258747511, 1438921.861372548388317 ], [ 415534.557948640664108, 1438921.874682021792978 ], [ 415539.442375239683315, 1438921.406981863547117 ], [ 415544.257439357519615, 1438920.462776282103732 ], [ 415548.956769294571131, 1438919.051158493384719 ], [ 415553.495107934635598, 1438917.185723148053512 ], [ 415557.828748595668003, 1438914.884435408515856 ], [ 415561.915955949109048, 1438912.169457933632657 ], [ 415565.717367953853682, 1438909.066937440773472 ], [ 415569.196374934224878, 1438905.606752898078412 ], [ 415572.319472151226364, 1438901.822227774420753 ], [ 415574.674489982542582, 1438898.318306690547615 ], [ 415591.263195803388953, 1438971.775628262199461 ], [ 415592.577609649801161, 1438976.50306761986576 ], [ 415594.349064321140759, 1438981.078907978255302 ], [ 415596.560499740648083, 1438985.459081493550912 ], [ 415599.190618576249108, 1438989.601404700428247 ], [ 415602.214091345842462, 1438993.465984761714935 ], [ 415605.601800353790168, 1438997.015603658976033 ], [ 415609.321120110515039, 1439000.216076622018591 ], [ 415613.336231533554383, 1439003.036581346299499 ], [ 415617.608466905017849, 1439005.449954829644412 ], [ 415622.096682262839749, 1439007.432954965857789 ], [ 415626.75765363953542, 1439008.966484380187467 ], [ 415631.546493332949467, 1439010.035774345509708 ], [ 415636.417082198837306, 1439010.630527015309781 ], [ 415641.322513804014307, 1439010.745014596031979 ], [ 415646.215546160470694, 1439010.378134509548545 ], [ 415651.049056691816077, 1439009.533420012099668 ], [ 415655.77649604936596, 1439008.219006165629253 ], [ 415660.352336407871917, 1439006.447551494231448 ], [ 415664.732509923225734, 1439004.236116074956954 ], [ 415668.874833129986655, 1439001.605997239239514 ], [ 415672.73941319133155, 1438998.582524469587952 ], [ 415676.289032088650856, 1438995.194815461756662 ], [ 415679.489505051576998, 1438991.475495704915375 ], [ 415681.573469951108564, 1438988.508880828740075 ], [ 415681.804078229877632, 1438988.903057664399967 ], [ 415684.632112947176211, 1438992.815150522394106 ], [ 415687.824219700996764, 1438996.436297490727156 ], [ 415691.350645182363223, 1438999.732746218796819 ], [ 415695.178519930690527, 1439002.673770836787298 ], [ 415731.628153614292387, 1439027.97753572720103 ], [ 415735.828097220743075, 1439030.595047257374972 ], [ 415740.266223570331931, 1439032.784551176708192 ], [ 415744.899055192363448, 1439034.524598322575912 ], [ 415749.681207213434391, 1439035.798142571933568 ], [ 415754.565831964428071, 1439036.592707830248401 ], [ 415759.50507791666314, 1439036.900510252686217 ], [ 415764.450558452692349, 1439036.718534496380016 ], [ 415769.35382587875938, 1439036.048563261283562 ], [ 415774.166846035979688, 1439034.897159824613482 ], [ 415778.842468859860674, 1439033.275603745831177 ], [ 415783.334890279220417, 1439031.199780367314816 ], [ 415787.600100929266773, 1439028.690025196177885 ], [ 415793.974697930621915, 1439024.501067634904757 ], [ 415798.035889711230993, 1439021.529292054707184 ], [ 415801.777789375802968, 1439018.164338016416878 ], [ 415805.162491886643693, 1439014.440292139770463 ], [ 415819.081041922036093, 1438997.484985513845459 ], [ 415821.019618035643362, 1439001.309767009224743 ], [ 415823.656238898052834, 1439005.447954664006829 ], [ 415826.685777030419558, 1439009.307781777111813 ], [ 415830.079056324437261, 1439012.852076103445143 ], [ 415833.803397645533551, 1439016.046704151201993 ], [ 415837.822933550865855, 1439018.86089990567416 ], [ 415842.098953712324146, 1439021.2675611237064 ], [ 415846.590277718263678, 1439023.243510341737419 ], [ 415851.253651663369965, 1439024.769718088908121 ], [ 415856.044164707185701, 1439025.831486150156707 ], [ 415860.91568159032613, 1439026.418589118868113 ], [ 415863.531197442905977, 1439026.47552288742736 ], [ 415863.131848471413832, 1439027.557124938583001 ], [ 415861.748511303856503, 1439031.904740113765001 ], [ 415860.767230075318366, 1439036.36035079928115 ], [ 415860.196175082179252, 1439040.886858904501423 ], [ 415860.040101015008986, 1439045.446576035581529 ], [ 415860.300307370198425, 1439050.001537295989692 ], [ 415860.974627630144823, 1439054.513817386701703 ], [ 415863.089577706588898, 1439065.279475167859346 ], [ 415864.181263706588652, 1439069.741702571045607 ], [ 415865.677883329102769, 1439074.084902016911656 ], [ 415867.566803157853428, 1439078.272411252837628 ], [ 415872.858128109248355, 1439088.696596836205572 ], [ 415874.881453744135797, 1439092.304604079574347 ], [ 415877.196097984618973, 1439095.733012592885643 ], [ 415879.786217958491761, 1439098.958356204675511 ], [ 415883.73653000901686, 1439103.480773843592033 ], [ 415886.601332027465105, 1439106.49739166512154 ], [ 415902.361439627013169, 1439121.766980372834951 ], [ 415906.25360246130731, 1439125.166188501520082 ], [ 415910.47582039918052, 1439128.145521164406091 ], [ 415914.982994161779061, 1439130.67315486096777 ], [ 415919.726980737817939, 1439132.722090876894072 ], [ 415924.758704404579476, 1439134.593121571931988 ], [ 415907.156009928381536, 1439180.428856826620176 ], [ 415881.060140749497805, 1439171.342526459367946 ], [ 415878.418988994730171, 1439170.504208867670968 ], [ 415860.203579185181297, 1439165.273494315333664 ], [ 415859.013717310677748, 1439164.482096895575523 ], [ 415858.840627613011748, 1439163.653546103974804 ], [ 415850.342828290245961, 1439129.505137631902471 ], [ 415849.853684685367625, 1439127.883651711978018 ], [ 415849.954117756453343, 1439126.394256549188867 ], [ 415849.802794569812249, 1439121.489823051728308 ], [ 415849.171481499273796, 1439116.623838007915765 ], [ 415848.066258434904739, 1439111.843163514044136 ], [ 415846.497769278881606, 1439107.193840078543872 ], [ 415844.48111943929689, 1439102.720643228152767 ], [ 415842.035730356466956, 1439098.466652293456718 ], [ 415839.185152464080602, 1439094.472835532622412 ], [ 415835.956838385434821, 1439090.777655584504828 ], [ 415832.381878549989779, 1439087.416699052089825 ], [ 415830.816213338228408, 1439086.083259747363627 ], [ 415825.479991018772125, 1439082.118984991684556 ], [ 415816.039141457702499, 1439076.035469425842166 ], [ 415812.667007103096694, 1439073.574824929935858 ], [ 415812.521504992386326, 1439073.478037910303101 ], [ 415812.401803472544998, 1439073.382633921224624 ], [ 415811.500715852889698, 1439072.799015881726518 ], [ 415809.054603820666671, 1439071.171878709224984 ], [ 415808.631093476666138, 1439070.940413734177127 ], [ 415808.283398535277229, 1439070.715218053432181 ], [ 415807.122065112052951, 1439070.115670684725046 ], [ 415805.247487243439537, 1439069.091140527278185 ], [ 415804.515972243214492, 1439068.770255069481209 ], [ 415803.923372367979027, 1439068.464320797007531 ], [ 415802.804695284634363, 1439068.019588452763855 ], [ 415801.274322839395609, 1439067.348277184180915 ], [ 415800.205186856910586, 1439066.986148602794856 ], [ 415799.363714406150393, 1439066.651619522599503 ], [ 415798.391340307076462, 1439066.371778037399054 ], [ 415797.165026324277278, 1439065.956411470193416 ], [ 415792.313263136369642, 1439064.544529406121001 ], [ 415788.923282498435583, 1439063.685405593598261 ], [ 415782.878948386060074, 1439062.376702948007733 ], [ 415779.000144737889059, 1439061.695559432264417 ], [ 415746.374595890229102, 1439057.282682001823559 ], [ 415713.10634052666137, 1439052.236746677197516 ], [ 415712.758549753110856, 1439052.185246042208746 ], [ 415706.946280803531408, 1439051.345441285520792 ], [ 415700.293900841614231, 1439050.168006542837247 ], [ 415696.764591474377085, 1439049.67232955317013 ], [ 415689.771225006959867, 1439048.943190287332982 ], [ 415682.125730707892217, 1439048.013221739558503 ], [ 415681.658837617665995, 1439047.965255173621699 ], [ 415681.523064983484801, 1439047.943623422877863 ], [ 415681.343736617651302, 1439047.932883067056537 ], [ 415680.269104842387605, 1439047.8224800711032 ], [ 415672.893006320809945, 1439047.203570070443675 ], [ 415669.234297142655123, 1439047.031206983374432 ], [ 415661.859855156217236, 1439046.954217338934541 ], [ 415652.794135155214462, 1439046.860288743628189 ], [ 415647.105096184764989, 1439046.800329252844676 ], [ 415642.20197395858122, 1439046.989429950714111 ], [ 415637.340996715764049, 1439047.658210096647963 ], [ 415632.568978324357886, 1439048.800228971755132 ], [ 415628.140614626230672, 1439050.332272737985477 ], [ 415624.844566801388282, 1439049.763508745469153 ], [ 415619.950761154701468, 1439049.407091951230541 ], [ 415615.04558556486154, 1439049.532068236032501 ], [ 415610.176279554259963, 1439050.137234009802341 ], [ 415605.389737201563548, 1439051.216761195799336 ], [ 415600.732055526284967, 1439052.760253356769681 ], [ 415596.248090549081098, 1439054.752845819341019 ], [ 415591.981025303830393, 1439057.175348829012364 ], [ 415587.971953961532563, 1439060.00443235761486 ], [ 415584.259486070775893, 1439063.212850783951581 ], [ 415580.879374726733658, 1439066.769705284852535 ], [ 415577.864172249450348, 1439070.640741407172754 ], [ 415575.242916687042452, 1439074.788678956916556 ], [ 415573.04085216356907, 1439079.173571027815342 ], [ 415571.279185764025897, 1439083.753188712056726 ], [ 415569.97488329897169, 1439088.48342778836377 ], [ 415569.14050591411069, 1439093.318733468418941 ], [ 415568.784089119813871, 1439098.212539115222171 ], [ 415568.909065404615831, 1439103.117714704945683 ], [ 415574.513268973154482, 1439178.141724087996408 ], [ 415574.259394510707352, 1439198.124855633359402 ], [ 415565.814932836510707, 1439182.81195112504065 ], [ 415564.592457388876937, 1439180.716987958177924 ], [ 415548.89856532565318, 1439155.261469112941995 ], [ 415546.12165329331765, 1439151.216085793217644 ], [ 415542.961595946864691, 1439147.462367076193914 ], [ 415539.448826366045978, 1439144.036463325144723 ], [ 415535.617174442159012, 1439140.971367866033688 ], [ 415531.503541077836417, 1439138.29659924376756 ], [ 415527.147542811115272, 1439136.037916942266747 ], [ 415522.59113028657157, 1439134.217073306674138 ], [ 415517.878184247587342, 1439132.851604056544602 ], [ 415513.054092940874398, 1439131.954659407492727 ], [ 415512.248932467540726, 1439131.88552314019762 ], [ 415511.592738960986026, 1439128.333364631514996 ], [ 415510.232735448691528, 1439123.618838453199714 ], [ 415508.41717635106761, 1439119.060317662311718 ], [ 415506.163546494673938, 1439114.701703305589035 ], [ 415503.493549566948786, 1439110.584971222328022 ], [ 415500.432899097970221, 1439106.74976779287681 ], [ 415497.011070824752096, 1439103.233028122689575 ], [ 415493.261018824239727, 1439100.068620337406173 ], [ 415489.218858147156425, 1439097.287019413430244 ], [ 415484.92351701046573, 1439094.915013688616455 ], [ 415480.416361897368915, 1439092.975446874741465 ], [ 415475.740799175517168, 1439091.486998060485348 ], [ 415470.941857069788966, 1439090.464001821354032 ], [ 415466.065752016089391, 1439089.916310170665383 ], [ 415461.159443571639713, 1439089.849197678267956 ], [ 415456.270182168751489, 1439090.26331067411229 ], [ 415451.445054067531601, 1439091.154661023756489 ], [ 415446.730527889274526, 1439092.514664535876364 ], [ 415442.172007098270115, 1439094.330223633674905 ], [ 415437.813392741663847, 1439096.583853489952162 ], [ 415437.512294976855628, 1439096.779137052362785 ], [ 415437.500282605353277, 1439096.77950823539868 ], [ 415432.900799721712247, 1439097.351012849481776 ], [ 415385.161453687876929, 1439105.545091666979715 ], [ 415364.450714259874076, 1439102.407909563509747 ], [ 415359.30031140812207, 1439101.898662030231208 ], [ 415354.12485853000544, 1439101.924548163777217 ], [ 415348.97980746178655, 1439102.485290609998628 ], [ 415325.291297031450085, 1439106.316311299102381 ], [ 415310.909777512657456, 1439107.358309314353392 ], [ 415307.200526986503974, 1439107.766677267150953 ], [ 415303.532063546590507, 1439108.450548483757302 ], [ 415284.274878551485017, 1439112.78977425955236 ], [ 415279.708921051642392, 1439114.048572289058939 ], [ 415275.282555847312324, 1439115.733752234140411 ], [ 415271.035500784986652, 1439117.830192947993055 ], [ 415267.005864758277312, 1439120.319083034293726 ], [ 415263.229805756360292, 1439123.178089642198756 ], [ 415259.74120641767513, 1439126.381558859022334 ], [ 415256.571370000310708, 1439129.900745903840289 ], [ 415253.748739497677889, 1439133.70407305448316 ], [ 415251.298642418871168, 1439137.75741299521178 ], [ 415249.24306352448184, 1439142.024395040934905 ], [ 415247.600447557226289, 1439146.466731492895633 ], [ 415246.385533736669458, 1439151.044561194721609 ], [ 415245.609223504085094, 1439155.71680720616132 ], [ 415245.123054370982572, 1439159.843557937303558 ], [ 415244.780898391036317, 1439165.340203221421689 ], [ 415245.045330864435527, 1439170.841135466005653 ], [ 415245.91314367740415, 1439176.27961696498096 ], [ 415247.37380846234737, 1439181.589667669031769 ], [ 415248.773423968581483, 1439185.763642558595166 ], [ 415245.854161435854621, 1439183.14959923690185 ], [ 415239.439749013574328, 1439177.871734492247924 ], [ 415237.548800329561345, 1439176.390552583383396 ] ], [ [ 415286.001517820754088, 1438475.8053262187168 ], [ 415286.029189191758633, 1438475.731644835555926 ], [ 415286.107545957667753, 1438475.838965846924111 ], [ 415286.001517820754088, 1438475.8053262187168 ] ], [ [ 415353.001857888768427, 1438486.930371316848323 ], [ 415356.964771562954411, 1438484.036985437152907 ], [ 415360.625001314852852, 1438480.769098535412923 ], [ 415363.947297131002415, 1438477.158182149054483 ], [ 415366.899663486576173, 1438473.239011376863346 ], [ 415369.453667479683645, 1438469.049329975852743 ], [ 415371.584712655574549, 1438464.629486868157983 ], [ 415373.272275884402916, 1438460.022047559032217 ], [ 415374.500105009705294, 1438455.27138420753181 ], [ 415375.256375365774147, 1438450.423248298931867 ], [ 415375.533803655649535, 1438445.524330032290891 ], [ 415375.329718093329575, 1438440.621808668598533 ], [ 415374.646084134292323, 1438435.76289816852659 ], [ 415373.489485547237564, 1438430.994392496068031 ], [ 415370.015003310167231, 1438419.224217863054946 ], [ 415376.192025533644482, 1438417.420949110528454 ], [ 415380.011478243686724, 1438426.168911578366533 ], [ 415380.906166552565992, 1438428.3350584062282 ], [ 415380.924556487880182, 1438428.517762828385457 ], [ 415382.029148008208722, 1438438.62290982156992 ], [ 415382.316355586634018, 1438440.804707325063646 ], [ 415383.544540438335389, 1438448.774960659211501 ], [ 415384.572250987228472, 1438453.749836469767615 ], [ 415386.099444159423001, 1438458.594757451443002 ], [ 415389.021323135937564, 1438466.448314507957548 ], [ 415389.518480754748452, 1438467.804285204503685 ], [ 415380.788508760277182, 1438502.838665525428951 ], [ 415380.230843412398826, 1438505.701536643318832 ], [ 415340.088585546531249, 1438492.965571692446247 ], [ 415344.323186335037462, 1438491.486055463785306 ], [ 415348.774425317242276, 1438489.421391287120059 ], [ 415353.001857888768427, 1438486.930371316848323 ] ], [ [ 415128.261577753524762, 1438543.18473980971612 ], [ 415151.548061685694847, 1438554.023359243525192 ], [ 415156.921227537444793, 1438556.155680024297908 ], [ 415158.012302144605201, 1438556.517183254472911 ], [ 415155.812042271136306, 1438558.798882013186812 ], [ 415153.210709473001771, 1438562.088721656007692 ], [ 415128.261577753524762, 1438543.18473980971612 ] ], [ [ 415095.528916516632307, 1438805.349665028508753 ], [ 415087.708704388060141, 1438806.448270669672638 ], [ 415083.182737186376471, 1438805.461475180694833 ], [ 415085.005445139540825, 1438794.358909661183134 ], [ 415085.123946575506125, 1438793.60073863225989 ], [ 415091.509677218040451, 1438750.583845248445868 ], [ 415092.979593198979273, 1438742.593749671010301 ], [ 415105.563292889040895, 1438745.257817764766514 ], [ 415095.528916516632307, 1438805.349665028508753 ] ], [ [ 415063.840618326154072, 1438635.823997547850013 ], [ 415058.727960098243784, 1438636.046459594741464 ], [ 415060.098054656409658, 1438622.8880560323596 ], [ 415060.362977998913266, 1438618.337040092097595 ], [ 415060.324457605136558, 1438617.172288616187871 ], [ 415090.163046423811466, 1438639.781016955617815 ], [ 415076.370022945513483, 1438636.860925514250994 ], [ 415072.227560445142444, 1438636.164297502720729 ], [ 415068.041243069572374, 1438635.817839734256268 ], [ 415063.840618326154072, 1438635.823997547850013 ] ], [ [ 416149.698327176156454, 1439424.894696342293173 ], [ 416145.406161451188382, 1439422.516949503682554 ], [ 416140.90160373179242, 1439420.571357976412401 ], [ 416136.228035371284932, 1439419.076658869860694 ], [ 416131.430465387762524, 1439418.047246954170987 ], [ 416126.555097002827097, 1439417.493036028463393 ], [ 416121.648882679117378, 1439417.419363446999341 ], [ 416116.759071942709852, 1439417.826938716927543 ], [ 416111.932756343914662, 1439418.711836665868759 ], [ 416107.216415940318257, 1439420.065535242436454 ], [ 416102.655471668171231, 1439421.874997589504346 ], [ 416098.446624518313911, 1439424.044062869623303 ], [ 416087.628423885151278, 1439409.878287914674729 ], [ 416084.786257535568438, 1439406.480008331127465 ], [ 416081.654445345979184, 1439403.346644947072491 ], [ 416078.257573562499601, 1439400.50279618636705 ], [ 416074.62230927759083, 1439397.970787642523646 ], [ 416070.777191080909688, 1439395.770496811717749 ], [ 416051.150814586959314, 1439385.666429490316659 ], [ 416044.770732485980261, 1439382.924237070837989 ], [ 416030.788404914841522, 1439378.034210730111226 ], [ 416026.082817871065345, 1439376.64359316509217 ], [ 416021.263585158041678, 1439375.720899989129975 ], [ 416016.377118621312547, 1439375.275017242180184 ], [ 416011.470477604714688, 1439375.31023901863955 ], [ 416006.590915743610822, 1439375.826226113829762 ], [ 416001.785425886046141, 1439376.818009289680049 ], [ 415997.100287526380271, 1439378.276037132367492 ], [ 415992.580621108121704, 1439380.186268036486581 ], [ 415988.269953489652835, 1439382.530305434018373 ], [ 415984.209798756521195, 1439385.285574964014813 ], [ 415980.439258418336976, 1439388.425541874021292 ], [ 415976.99464483972406, 1439391.919966566842049 ], [ 415973.909131532476749, 1439395.73519582208246 ], [ 415971.212433676468208, 1439399.834486896404997 ], [ 415968.930521946167573, 1439404.178361376048997 ], [ 415967.085372399014886, 1439408.724985374836251 ], [ 415965.694754833821207, 1439413.430572418728843 ], [ 415965.682277265470475, 1439413.495742842787877 ], [ 415964.613026688573882, 1439411.412878280039877 ], [ 415961.323713745514397, 1439403.721890414366499 ], [ 415958.950403540860862, 1439395.080719413468614 ], [ 415956.938219437550288, 1439384.317943923175335 ], [ 415956.262710160925053, 1439377.350162268616259 ], [ 415956.270728202478494, 1439375.230953248683363 ], [ 415956.433045795420185, 1439372.993182871956378 ], [ 415957.028389233048074, 1439367.28322888026014 ], [ 415957.571272930130363, 1439364.230364790884778 ], [ 415957.722258166060783, 1439363.699117698473856 ], [ 415959.789952314808033, 1439358.273638448677957 ], [ 416017.957719788595568, 1439210.279735283460468 ], [ 416033.250465599470772, 1439221.043789188377559 ], [ 416069.105463772779331, 1439250.633015214232728 ], [ 416069.996349042921793, 1439251.351236997870728 ], [ 416114.226794783200603, 1439286.181796551682055 ], [ 416147.986910588864703, 1439313.815360247390345 ], [ 416152.342944303760305, 1439317.00426715076901 ], [ 416157.017393711372279, 1439319.70494849095121 ], [ 416166.629466892918572, 1439324.586222033482045 ], [ 416171.109417759755161, 1439326.5910868877545 ], [ 416175.764349070144817, 1439328.147061613854021 ], [ 416194.0960565287387, 1439333.289395547471941 ], [ 416200.194924179522786, 1439334.596169234020635 ], [ 416241.812714885920286, 1439340.829054594272748 ], [ 416246.65496178297326, 1439341.314779213629663 ], [ 416294.659445103898179, 1439343.779120865277946 ], [ 416296.61400927969953, 1439343.84116763365455 ], [ 416315.516371582285501, 1439344.071356164524332 ], [ 416319.646844268369023, 1439343.950890264008194 ], [ 416323.753263778518885, 1439343.489766147686169 ], [ 416327.807582747307606, 1439342.69113335153088 ], [ 416340.020236490061507, 1439339.756451148772612 ], [ 416344.612706102314405, 1439338.417538899695501 ], [ 416349.056205855449662, 1439336.64588061044924 ], [ 416353.310062684293371, 1439334.457692951662466 ], [ 416370.43584325152915, 1439324.58477379870601 ], [ 416374.556786809698679, 1439321.931811503134668 ], [ 416378.398199022456538, 1439318.888139877468348 ], [ 416381.923171010101214, 1439315.48300298769027 ], [ 416399.607352259103209, 1439296.639028181089088 ], [ 416403.05365652916953, 1439292.548643135232851 ], [ 416406.043306250823662, 1439288.113526734756306 ], [ 416424.536881731939502, 1439257.234215826028958 ], [ 416424.629645074834116, 1439257.060520780039951 ], [ 416424.744524865061976, 1439256.88428508490324 ], [ 416431.023558130080346, 1439246.203750155633315 ], [ 416432.97030099935364, 1439242.554882162250578 ], [ 416434.608829914126545, 1439238.757610980654135 ], [ 416435.927934685198124, 1439234.837916090153158 ], [ 416437.387565633805934, 1439229.823471547337249 ], [ 416438.562491172167938, 1439224.854164356598631 ], [ 416439.22445460234303, 1439219.790937283542007 ], [ 416439.366551787825301, 1439214.686598700936884 ], [ 416438.987300685315859, 1439209.594385765725747 ], [ 416438.502145020000171, 1439206.874391548102722 ], [ 416442.0843156996998, 1439204.607663175789639 ], [ 416445.953544508724008, 1439201.590141831664369 ], [ 416449.508373110438697, 1439198.207899934379384 ], [ 416452.714566562150139, 1439194.493510322412476 ], [ 416455.541247468208894, 1439190.48274459829554 ], [ 416457.961193346243817, 1439186.214228628436103 ], [ 416459.951098794641439, 1439181.729070554720238 ], [ 416461.491799936105963, 1439177.07046490162611 ], [ 416462.568458976398688, 1439172.283276587957516 ], [ 416463.170707100420259, 1439167.413608854170889 ], [ 416463.292744329490233, 1439162.508359262952581 ], [ 416462.933395378408022, 1439157.614768048748374 ], [ 416462.096120973990764, 1439152.779963170643896 ], [ 416460.788984526472632, 1439148.050506442086771 ], [ 416459.024574474431574, 1439143.471945116994902 ], [ 416457.767673453839961, 1439140.63389362511225 ], [ 416507.127676315198187, 1439130.95323394285515 ], [ 416511.596249806520063, 1439129.861203313805163 ], [ 416515.945549610478338, 1439128.363114144653082 ], [ 416520.138762070506345, 1439126.471646670252085 ], [ 416523.457566159777343, 1439124.589959239587188 ], [ 416517.859839029144496, 1439130.17941156658344 ], [ 416515.868126017914619, 1439132.138051688671112 ], [ 416512.638693397399038, 1439134.585364191560075 ], [ 416499.818536181235686, 1439144.262667224509642 ], [ 416489.6380938704242, 1439151.634638020768762 ], [ 416486.512003710959107, 1439154.093647517729551 ], [ 416483.591255130886566, 1439156.79335030191578 ], [ 416479.612584078044165, 1439160.775804767152295 ], [ 416477.665210781735368, 1439162.838909283047542 ], [ 416468.835346129664686, 1439172.741899027954787 ], [ 416464.701238209323492, 1439178.060261783655733 ], [ 416460.71755256887991, 1439183.967111462727189 ], [ 416458.468375431082677, 1439187.63290994707495 ], [ 416456.542544374882709, 1439191.478433457203209 ], [ 416454.954308143991511, 1439195.475229924311861 ], [ 416452.728866606892552, 1439201.863381485221907 ], [ 416451.120256788039114, 1439207.538600443396717 ], [ 416450.191214267397299, 1439213.363771322416142 ], [ 416449.5387259828276, 1439219.924115238012746 ], [ 416449.517446243320592, 1439220.593783056596294 ], [ 416449.397777327976655, 1439221.641157551202923 ], [ 416449.321293759043328, 1439226.547328859101981 ], [ 416449.32632976421155, 1439226.608168508857489 ], [ 416449.32492482860107, 1439226.65238146437332 ], [ 416449.635395022807643, 1439235.369353819638491 ], [ 416449.053710529406089, 1439236.929022297263145 ], [ 416447.813812798121944, 1439240.705729424254969 ], [ 416446.086240538570564, 1439246.7716448539868 ], [ 416444.870936464401893, 1439252.148124545579776 ], [ 416443.059898421750404, 1439262.881462596124038 ], [ 416442.523377211124171, 1439267.198849879438058 ], [ 416442.364195511385333, 1439271.546533072832972 ], [ 416442.583558499172796, 1439275.891595540102571 ], [ 416443.491108334099408, 1439285.521797449328005 ], [ 416444.244823885092046, 1439290.652930092997849 ], [ 416445.525989726418629, 1439295.678387627005577 ], [ 416449.56688910810044, 1439308.672293832758442 ], [ 416450.264049318386242, 1439310.578675894299522 ], [ 416450.928776582237333, 1439312.496607744367793 ], [ 416454.900848573073745, 1439322.363475562306121 ], [ 416422.799378568131942, 1439334.756619714898989 ], [ 416384.791306136641651, 1439349.328147609950975 ], [ 416384.240935119625647, 1439349.542886667419225 ], [ 416366.505168586154468, 1439356.583887785440311 ], [ 416350.268811463029124, 1439362.91132432455197 ], [ 416331.404945212707389, 1439370.177649074466899 ], [ 416330.486977609049063, 1439370.54169885837473 ], [ 416314.366230754065327, 1439377.119870140450075 ], [ 416298.890682114113588, 1439383.421315782703459 ], [ 416282.455514955392573, 1439388.902226576581597 ], [ 416281.277194229071029, 1439389.373690302250907 ], [ 416279.365693124593236, 1439390.047097040107474 ], [ 416277.998701394768432, 1439390.685464262962341 ], [ 416277.00714326731395, 1439391.082201482728124 ], [ 416266.514013017935213, 1439396.013478071894497 ], [ 416260.3852667423198, 1439399.438329215627164 ], [ 416253.599402063817251, 1439403.882789834635332 ], [ 416252.022722807014361, 1439404.959011781495064 ], [ 416223.98220192512963, 1439424.894323388580233 ], [ 416167.838604312215466, 1439444.697149051353335 ], [ 416166.619715472741518, 1439442.332021147944033 ], [ 416163.955225350451656, 1439438.211722732987255 ], [ 416160.899705608433578, 1439434.372430383460596 ], [ 416157.48258257220732, 1439430.851118583232164 ], [ 416153.736765004461631, 1439427.681699490174651 ], [ 416149.698327176156454, 1439424.894696342293173 ] ], [ [ 416253.776148681121413, 1438948.878270343644544 ], [ 416256.707755296956748, 1438962.896409591892734 ], [ 416255.758239631948527, 1438963.154066760558635 ], [ 416251.171479955723044, 1438964.897053367458284 ], [ 416246.777649343886878, 1438967.08122808416374 ], [ 416243.425059853936546, 1438969.180797893088311 ], [ 416238.398912896576803, 1438959.448836086317897 ], [ 416241.334605274314526, 1438958.100174070801586 ], [ 416245.684993484988809, 1438955.54169224947691 ], [ 416249.755297837720718, 1438952.557679968886077 ], [ 416253.504047292808536, 1438949.178540383698419 ], [ 416253.776148681121413, 1438948.878270343644544 ] ], [ [ 416204.235970685957, 1438845.539099943358451 ], [ 416200.315684207715094, 1438848.489984652493149 ], [ 416196.70351226098137, 1438851.810915315290913 ], [ 416193.434242036310025, 1438855.469909553648904 ], [ 416193.255850853514858, 1438855.714048451511189 ], [ 416190.200957773951814, 1438855.802979860221967 ], [ 416185.163349557959009, 1438856.465510769281536 ], [ 416180.980144984903745, 1438857.455708978930488 ], [ 416179.590482602478005, 1438855.754924003267661 ], [ 416176.555109752516728, 1438852.637782810954377 ], [ 416159.643527272390202, 1438836.719060617266223 ], [ 416156.127100986486766, 1438833.768052183790132 ], [ 416165.887526931532193, 1438809.924109223531559 ], [ 416165.888658318086527, 1438809.92090523452498 ], [ 416165.89009788504336, 1438809.917827372904867 ], [ 416167.69834671926219, 1438805.49870854569599 ], [ 416176.111188862880226, 1438808.149793336167932 ], [ 416176.682310922362376, 1438808.31339805922471 ], [ 416176.927691714488901, 1438808.399449178716168 ], [ 416177.29684625135269, 1438808.489439030876383 ], [ 416178.637523357523605, 1438808.873491971753538 ], [ 416201.15760493214475, 1438814.688824206590652 ], [ 416205.99076436489122, 1438815.685371138853952 ], [ 416210.898619797604624, 1438816.200629270868376 ], [ 416215.833363739948254, 1438816.229579465696588 ], [ 416220.746926780440845, 1438815.771939718862996 ], [ 416222.810717278509401, 1438815.371592002687976 ], [ 416225.325764603272546, 1438816.020485132234171 ], [ 416226.001024534809403, 1438816.125528547680005 ], [ 416230.369564569904469, 1438837.004558191634715 ], [ 416227.054890947241802, 1438837.191012954805046 ], [ 416222.206469517026562, 1438837.945450675208122 ], [ 416217.455342389119323, 1438839.171483975602314 ], [ 416212.847265515010804, 1438840.857305484823883 ], [ 416208.426617193967104, 1438842.986679820343852 ], [ 416204.235970685957, 1438845.539099943358451 ] ], [ [ 416097.132804995053448, 1438568.754512793384492 ], [ 416096.232860856456682, 1438568.679264313075691 ], [ 416095.701032343611587, 1438568.687111589824781 ], [ 416094.947930314578116, 1438568.651659045834094 ], [ 416090.457844934018794, 1438568.612917938968167 ], [ 416081.931122044450603, 1438529.760809573577717 ], [ 416081.864820914284792, 1438529.512696500401944 ], [ 416081.823757398349699, 1438529.282798274885863 ], [ 416081.436787806742359, 1438527.910904652904719 ], [ 416080.767737976508215, 1438525.407176449196413 ], [ 416080.606330290087499, 1438524.966747295111418 ], [ 416080.491685030458029, 1438524.560304246842861 ], [ 416079.953607282310259, 1438523.185678199864924 ], [ 416079.217093938437756, 1438521.175972490571439 ], [ 416078.924853153584991, 1438520.557522275717929 ], [ 416078.703141595295165, 1438519.991116242250428 ], [ 416078.071099794993643, 1438518.750779426889494 ], [ 416077.291785863868427, 1438517.101567909587175 ], [ 416076.834165322186891, 1438516.323384017217904 ], [ 416076.475351743749343, 1438515.619238039944321 ], [ 416075.796649841300678, 1438514.559088576585054 ], [ 416075.007453094818629, 1438513.217059231130406 ], [ 416074.081326653715223, 1438511.793182627065107 ], [ 416072.517525275878143, 1438509.52787820296362 ], [ 416048.211205220897682, 1438476.312306384323165 ], [ 416043.498749032616615, 1438470.76893842429854 ], [ 416037.80174345173873, 1438464.979807912372053 ], [ 416063.648272666614503, 1438453.097846591612324 ], [ 416073.267857487953734, 1438450.899103737669066 ], [ 416078.238516485958826, 1438449.489123560721055 ], [ 416083.037130432727281, 1438447.573712596204132 ], [ 416220.450275931158103, 1438384.30816465173848 ], [ 416219.17881946900161, 1438389.876119378954172 ], [ 416157.866870891768485, 1438547.661552889505401 ], [ 416157.135061101114843, 1438549.671140432590619 ], [ 416147.93211443797918, 1438576.729247749550268 ], [ 416102.594908818020485, 1438569.306713981321082 ], [ 416101.719491018622648, 1438569.197721480857581 ], [ 416101.122565113706514, 1438569.088115038583055 ], [ 416100.259562655119225, 1438569.015955422539264 ], [ 416098.784006970468909, 1438568.832243709592149 ], [ 416097.132804995053448, 1438568.754512793384492 ] ], [ [ 416189.888619191362523, 1438131.31401968258433 ], [ 416187.857310663675889, 1438127.060460716718808 ], [ 416185.43447448144434, 1438123.017090458422899 ], [ 416182.641643822425976, 1438119.219844730105251 ], [ 416179.503640223992988, 1438115.702471899800003 ], [ 416176.048352979705669, 1438112.496232939651236 ], [ 416172.306491270195693, 1438109.629623590968549 ], [ 416171.230726878042333, 1438108.956055122194812 ], [ 416199.82591662183404, 1438103.866063710534945 ], [ 416236.421447354077827, 1438156.815793530549854 ], [ 416236.063605945790187, 1438156.845080207800493 ], [ 416231.718001137371175, 1438157.590453726937994 ], [ 416227.454956023429986, 1438158.715757770696655 ], [ 416223.307619808998425, 1438160.212242036825046 ], [ 416205.189395745343063, 1438167.668201118474826 ], [ 416189.888619191362523, 1438131.31401968258433 ] ], [ [ 415673.137345427181572, 1438140.566953294211999 ], [ 415674.293301159865223, 1438139.114605318522081 ], [ 415677.148712325317319, 1438135.142813021084294 ], [ 415679.602348998654634, 1438130.911007962655276 ], [ 415681.630726434872486, 1438126.459694453747943 ], [ 415683.214430216641631, 1438121.831477809231728 ], [ 415683.718790810380597, 1438120.082510705338791 ], [ 415684.909263879002538, 1438114.953910360112786 ], [ 415685.553848863753956, 1438109.728560819290578 ], [ 415685.645398666325491, 1438104.464400272583589 ], [ 415685.182898190978449, 1438099.219797242898494 ], [ 415684.17147559998557, 1438094.052903401432559 ], [ 415682.645469384267926, 1438087.974756934447214 ], [ 415682.402055506652687, 1438087.173895458225161 ], [ 415682.210938090807758, 1438086.358969968510792 ], [ 415681.688986859226134, 1438084.827812255360186 ], [ 415681.218559244764037, 1438083.280047775013372 ], [ 415680.897819319914561, 1438082.506901398068294 ], [ 415680.62774552043993, 1438081.714632779592648 ], [ 415679.958227925817482, 1438080.242008175235242 ], [ 415679.33835810108576, 1438078.747806574683636 ], [ 415678.943381030112505, 1438078.009821119951084 ], [ 415678.596951805055141, 1438077.247839351883158 ], [ 415677.786315667966846, 1438075.847930037416518 ], [ 415677.022973318118602, 1438074.421681293752044 ], [ 415676.557562945468817, 1438073.725963962962851 ], [ 415676.138114598288666, 1438073.00160734821111 ], [ 415672.269919776765164, 1438067.019097109790891 ], [ 415670.202872168098111, 1438064.168219708371907 ], [ 415670.734972429461777, 1438063.634193006437272 ], [ 415670.866840333619621, 1438063.471756270620972 ], [ 415689.961146758170798, 1438091.97803848143667 ], [ 415692.84880931279622, 1438095.867431603139266 ], [ 415696.099294681858737, 1438099.459132975898683 ], [ 415699.682092543458566, 1438102.719429491320625 ], [ 415718.045245893474203, 1438117.870398472296074 ], [ 415721.698355022585019, 1438120.6138936560601 ], [ 415725.586630727979355, 1438123.012494117254391 ], [ 415729.677610616723541, 1438125.04617444681935 ], [ 415748.019211921549868, 1438133.141162230167538 ], [ 415753.996068382286467, 1438135.33589830994606 ], [ 415765.395505389373284, 1438138.715376663254574 ], [ 415867.395594952220563, 1438341.960336648626253 ], [ 415865.053539675835054, 1438342.25390636920929 ], [ 415860.22068036312703, 1438343.102338748984039 ], [ 415855.49425350461388, 1438344.420388744212687 ], [ 415850.919777174654882, 1438346.19536281330511 ], [ 415846.54130608093692, 1438348.410166985355318 ], [ 415842.401007293607108, 1438351.043471485609189 ], [ 415838.538754153356422, 1438354.069916151929647 ], [ 415834.991742269252427, 1438357.460354668321088 ], [ 415831.79413130460307, 1438361.18213525810279 ], [ 415828.976716001168825, 1438365.199415139621124 ], [ 415826.56662960833637, 1438369.473505711648613 ], [ 415824.587082575657405, 1438373.963245145510882 ], [ 415823.057139023090713, 1438378.625394796254113 ], [ 415821.991533143504057, 1438383.415055613964796 ], [ 415821.400527303980198, 1438388.286100546596572 ], [ 415821.289813213807065, 1438393.191618768963963 ], [ 415821.660457110207062, 1438398.084367458708584 ], [ 415822.508889489865396, 1438402.917226771358401 ], [ 415823.82693948521046, 1438407.643653629813343 ], [ 415825.601913554186467, 1438412.218129959888756 ], [ 415827.816717726236675, 1438416.596601053606719 ], [ 415829.678250374970958, 1438419.523456404916942 ], [ 415826.358248362026643, 1438420.486852772068232 ], [ 415806.592106394062284, 1438427.31750515056774 ], [ 415801.771344297972973, 1438417.025831350591034 ], [ 415799.474448137159925, 1438412.689861485967413 ], [ 415796.763612792536151, 1438408.599905694834888 ], [ 415793.664945090305991, 1438404.795352487126365 ], [ 415790.208286894427147, 1438401.312841790029779 ], [ 415786.426927712804172, 1438398.185912085231394 ], [ 415782.357284101482946, 1438395.444677415303886 ], [ 415778.038548953249119, 1438393.115537368459627 ], [ 415773.512314048304688, 1438391.220922836568207 ], [ 415768.822169503138866, 1438389.779079993255436 ], [ 415764.013283973617945, 1438388.803894573356956 ], [ 415762.077157444320619, 1438388.605916894273832 ], [ 415678.770700842374936, 1438241.435979344882071 ], [ 415637.560282680671662, 1438164.002658393699676 ], [ 415657.190646252769511, 1438153.73471319838427 ], [ 415661.671305281226523, 1438151.085251870797947 ], [ 415665.852227806346491, 1438147.984310482395813 ], [ 415669.688099399965722, 1438144.465498215053231 ], [ 415673.137345427181572, 1438140.566953294211999 ] ], [ [ 415855.032517026993446, 1438030.587716032750905 ], [ 415916.568692470027599, 1438027.621308239176869 ], [ 415922.812585428240709, 1438093.732892188010737 ], [ 415916.401594974799082, 1438170.747902967501432 ], [ 415913.124325098469853, 1438210.134416161803529 ], [ 415846.918288761575241, 1438078.212539781583473 ], [ 415846.561630650132429, 1438077.058014503214508 ], [ 415855.032517026993446, 1438030.587716032750905 ] ], [ [ 415481.601321247464512, 1438428.50492174201645 ], [ 415481.317426143097691, 1438426.66259654215537 ], [ 415480.378942154406104, 1438418.07705294364132 ], [ 415480.003087462682743, 1438413.99226022651419 ], [ 415479.755089245853014, 1438412.112145203864202 ], [ 415482.98327796877129, 1438432.22556218621321 ], [ 415482.86875451519154, 1438431.913205619202927 ], [ 415482.786408212909009, 1438431.69025151594542 ], [ 415481.601321247464512, 1438428.50492174201645 ] ], [ [ 415478.855887951387558, 1438406.509619410149753 ], [ 415479.253463440283667, 1438408.986736541846767 ], [ 415478.667304393777158, 1438406.235800380585715 ], [ 415478.166409229219425, 1438404.268643494695425 ], [ 415478.621140442730393, 1438405.518243820406497 ], [ 415478.855887951387558, 1438406.509619410149753 ] ], [ [ 415837.777723664126825, 1439775.883135097566992 ], [ 415837.788632559531834, 1439776.268685485003516 ], [ 415837.865349472325761, 1439776.872090232092887 ], [ 415838.0030465812888, 1439778.426155931316316 ], [ 415841.124759343045298, 1439804.155325738713145 ], [ 415839.903288604167756, 1439804.840294824447483 ], [ 415837.991339730913751, 1439805.884992922190577 ], [ 415837.763916324067395, 1439806.039999269647524 ], [ 415837.523860784829594, 1439806.174616185249761 ], [ 415835.737121425219811, 1439807.421414132928476 ], [ 415833.936777425755281, 1439808.648485486395657 ], [ 415833.725642401550431, 1439808.825036829803139 ], [ 415833.656863826443441, 1439808.87303095147945 ], [ 415833.167745964892674, 1439808.686097920173779 ], [ 415831.395834964932874, 1439807.964596683392301 ], [ 415830.876978482934646, 1439807.810603191144764 ], [ 415830.371416464156937, 1439807.617385465651751 ], [ 415828.525972055678722, 1439807.112838582834229 ], [ 415826.691873805073556, 1439806.568489221390337 ], [ 415826.160421757551376, 1439806.466094078728929 ], [ 415825.638355508679524, 1439806.323360492475331 ], [ 415823.752343174768612, 1439806.002128324005753 ], [ 415821.873721042880788, 1439805.640173219610006 ], [ 415821.334791603381746, 1439805.590362547431141 ], [ 415820.801248908042908, 1439805.49948770320043 ], [ 415818.892831983044744, 1439805.364663891261443 ], [ 415816.987778123351745, 1439805.188588868360966 ], [ 415816.446561475750059, 1439805.191842370666564 ], [ 415815.906680642976426, 1439805.153701442992315 ], [ 415813.994238221319392, 1439805.206584414001554 ], [ 415812.081099347735289, 1439805.218085172120482 ], [ 415811.805721538257785, 1439805.24687999044545 ], [ 415806.287118226697203, 1439754.112076732562855 ], [ 415801.426031505339779, 1439704.068607882130891 ], [ 415801.270107493444812, 1439700.827195128425956 ], [ 415831.202770877396688, 1439715.924306810367852 ], [ 415834.60538835026091, 1439717.643523375038058 ], [ 415834.740389982413035, 1439721.848691328428686 ], [ 415834.793044803082012, 1439723.043253935407847 ], [ 415837.717439289903268, 1439775.202758589293808 ], [ 415837.777723664126825, 1439775.883135097566992 ] ], [ [ 416015.972178673546296, 1438851.293034161441028 ], [ 416020.694120553904213, 1438852.62706246599555 ], [ 416025.52408263302641, 1438853.49183581979014 ], [ 416030.044840236310847, 1438853.849682011175901 ], [ 416027.829811384610366, 1438856.488338275812566 ], [ 416025.058576074137818, 1438860.53761246916838 ], [ 416022.697583296045195, 1438864.839016861049458 ], [ 416020.769570701289922, 1438869.351126575144008 ], [ 416019.29310610529501, 1438874.03048752900213 ], [ 416018.282408669067081, 1438878.832034918246791 ], [ 416017.747211961541325, 1438883.709527216851711 ], [ 416017.692670219577849, 1438888.615991507656872 ], [ 416018.119308709865436, 1438893.504175857640803 ], [ 416019.023018670617603, 1438898.327004378894344 ], [ 416019.892339665209875, 1438901.311815278604627 ], [ 415993.863136722357012, 1438847.927084255032241 ], [ 415997.228077258274425, 1438845.39007246796973 ], [ 415998.137362296518404, 1438844.552780591417104 ], [ 416002.754598443512805, 1438844.509861984290183 ], [ 416002.901408121455461, 1438844.625704972539097 ], [ 416007.03277679393068, 1438847.272997841006145 ], [ 416011.403731873549987, 1438849.502598327817395 ], [ 416015.972178673546296, 1438851.293034161441028 ] ], [ [ 416084.883540187147446, 1438316.49161830265075 ], [ 416089.261449311452452, 1438316.635907172458246 ], [ 416093.635187126754317, 1438316.396480562631041 ], [ 416097.971186231821775, 1438315.77517601614818 ], [ 416114.088084166171029, 1438312.740075929556042 ], [ 416118.404665449110325, 1438311.922806571936235 ], [ 416037.035826239967719, 1438352.865649280371144 ], [ 416031.902278450666927, 1438355.842975312843919 ], [ 416023.073581387405284, 1438361.689848332200199 ], [ 415998.38171851291554, 1438373.040995718445629 ], [ 416004.447699202049989, 1438310.133814782137051 ], [ 416021.70657419617055, 1438313.105613145977259 ], [ 416026.568110640742816, 1438313.699318802449852 ], [ 416048.338313531072345, 1438315.280980337643996 ], [ 416052.474866962060332, 1438315.409783557057381 ], [ 416068.657350712339394, 1438315.243589235469699 ], [ 416084.883540187147446, 1438316.49161830265075 ] ], [ [ 416053.51886410114821, 1438215.393788173329085 ], [ 416036.49702974059619, 1438214.157107890350744 ], [ 416084.864389373513404, 1438203.658423630986363 ], [ 416106.996756818087306, 1438199.018302634591237 ], [ 416109.967557826079428, 1438199.207474782597274 ], [ 416114.854388369596563, 1438210.81843606941402 ], [ 416095.557498382928316, 1438214.471983490744606 ], [ 416085.96115429099882, 1438216.279146686894819 ], [ 416074.155361266224645, 1438215.371110152686015 ], [ 416069.807488368882332, 1438215.22650378732942 ], [ 416053.51886410114821, 1438215.393788173329085 ] ], [ [ 416605.278906115447171, 1438384.134316227631643 ], [ 416606.364210169820581, 1438388.282493693986908 ], [ 416607.800927762989886, 1438392.32243227516301 ], [ 416608.756478458351921, 1438394.683430069126189 ], [ 416618.429480657738168, 1438443.459117064252496 ], [ 416618.594794306671247, 1438444.120696154888719 ], [ 416618.712816387123894, 1438444.792325727874413 ], [ 416619.850700319511816, 1438449.809233481297269 ], [ 416623.16094709810568, 1438464.467672970145941 ], [ 416623.726085222442634, 1438466.978848770726472 ], [ 416628.951804083539173, 1438492.639627669937909 ], [ 416630.189488253265154, 1438497.470828394405544 ], [ 416631.902301152760629, 1438502.154698003549129 ], [ 416634.073202100698836, 1438506.644636936020106 ], [ 416636.680592922843061, 1438510.895975036313757 ], [ 416639.698532831331249, 1438514.866415975615382 ], [ 416643.096996507898439, 1438518.516458055237308 ], [ 416646.842172824312001, 1438521.80978720728308 ], [ 416650.896801227296237, 1438524.713638280751184 ], [ 416655.220542441820726, 1438527.199121021199971 ], [ 416659.770379804249387, 1438529.241507497616112 ], [ 416664.501047232886776, 1438530.82047811918892 ], [ 416669.025567506323569, 1438531.843469847692177 ], [ 416668.344978239038028, 1438532.090564373414963 ], [ 416664.08559552609222, 1438534.109169965842739 ], [ 416661.790234537504148, 1438535.332660171668977 ], [ 416657.449685832951218, 1438537.936625837814063 ], [ 416653.394651907961816, 1438540.96609775768593 ], [ 416649.666690372570883, 1438544.390028691152111 ], [ 416646.304006868274882, 1438548.173328824108467 ], [ 416643.341063520871103, 1438552.277225383324549 ], [ 416640.808225759363268, 1438556.659659994300455 ], [ 416639.514499417913612, 1438559.185162820387632 ], [ 416638.846364023454953, 1438560.656683794455603 ], [ 416621.153924184502102, 1438472.522481386782601 ], [ 416618.865503525303211, 1438456.837493626633659 ], [ 416618.566397047543433, 1438455.314808581024408 ], [ 416618.323815228533931, 1438453.788834140868858 ], [ 416597.178511470323429, 1438353.007964035263285 ], [ 416598.487933688098565, 1438352.736466007307172 ], [ 416605.278906115447171, 1438384.134316227631643 ] ], [ [ 416552.63325665605953, 1438645.718581451335922 ], [ 416554.790567126881797, 1438653.251237202901393 ], [ 416476.138398120878264, 1438669.581918511306867 ], [ 416474.471552232920658, 1438661.183306189486757 ], [ 416552.63325665605953, 1438645.718581451335922 ] ], [ [ 416365.550554037676193, 1438329.128709049895406 ], [ 416362.417700757912826, 1438329.712903213920072 ], [ 416357.73391036799876, 1438331.069492730777711 ], [ 416355.732132034667302, 1438331.867833843687549 ], [ 416356.141979008098133, 1438331.30690409662202 ], [ 416360.08303037751466, 1438329.244619865436107 ], [ 416365.093113674374763, 1438327.169319874839857 ], [ 416365.137518511153758, 1438327.159725287230685 ], [ 416365.550554037676193, 1438329.128709049895406 ] ], [ [ 416331.508847946766764, 1438083.594752021599561 ], [ 416322.257933170010801, 1438105.128529686015099 ], [ 416310.469356274465099, 1438088.071749336086214 ], [ 416331.508847946766764, 1438083.594752021599561 ] ], [ [ 416352.230010317405686, 1439149.282906265230849 ], [ 416348.257600695826113, 1439149.379550251644105 ], [ 416347.718300071195699, 1439147.957199175376445 ], [ 416345.185613270325121, 1439142.424001353792846 ], [ 416343.391961094690487, 1439138.513028837740421 ], [ 416346.680573819729034, 1439136.75241557857953 ], [ 416352.230010317405686, 1439149.282906265230849 ] ], [ [ 416322.106585135101341, 1438406.872110699769109 ], [ 416319.981798739463557, 1438406.552203586325049 ], [ 416321.364009951124899, 1438402.994309826986864 ], [ 416322.106585135101341, 1438406.872110699769109 ] ], [ [ 416509.423479870485608, 1438421.746595775708556 ], [ 416510.161994194320869, 1438425.266437202226371 ], [ 416488.815588670084253, 1438429.689649007515982 ], [ 416488.051096163806506, 1438426.047234405297786 ], [ 416509.423479870485608, 1438421.746595775708556 ] ], [ [ 416583.085798442421947, 1439321.414260559715331 ], [ 416582.999304263968952, 1439321.032079931348562 ], [ 416624.21929527661996, 1439366.440802291268483 ], [ 416627.957606904848944, 1439372.805149141000584 ], [ 416622.901050442247652, 1439372.522997074993327 ], [ 416617.838816250034142, 1439372.754260181682184 ], [ 416612.825989852717612, 1439373.49673519982025 ], [ 416607.647968938632403, 1439374.534209549194202 ], [ 416584.621203471790068, 1439338.564426865894347 ], [ 416583.694594874279574, 1439326.283113971119747 ], [ 416583.085798442421947, 1439321.414260559715331 ] ], [ [ 416283.120853209227789, 1439570.930522407405078 ], [ 416279.605910088692326, 1439571.34259812370874 ], [ 416235.642697890929412, 1439553.59353116271086 ], [ 416205.354455776687246, 1439537.502835438819602 ], [ 416263.86486124311341, 1439516.865195384016261 ], [ 416266.66129450162407, 1439515.730117777129635 ], [ 416267.011196826293599, 1439518.440660882042721 ], [ 416267.253762013337109, 1439519.756023097783327 ], [ 416267.811188911902718, 1439522.381546341348439 ], [ 416268.228535755712073, 1439524.11664483579807 ], [ 416269.238172901037615, 1439527.716457054950297 ], [ 416283.120853209227789, 1439570.930522407405078 ] ], [ [ 416480.939422061434016, 1439621.95998661685735 ], [ 416502.031387314607855, 1439614.505685147596523 ], [ 416516.418716169719119, 1439655.04349697008729 ], [ 416517.936499679926783, 1439658.823860060423613 ], [ 416519.756989320798311, 1439662.468119840603322 ], [ 416525.743289161648136, 1439673.321636316599324 ], [ 416527.056598109076731, 1439675.477543664863333 ], [ 416500.915576747152954, 1439685.044752322137356 ], [ 416480.939422061434016, 1439621.95998661685735 ] ], [ [ 416706.513120224059094, 1438372.176023031584918 ], [ 416709.182860461820383, 1438384.898185679223388 ], [ 416714.223474586033262, 1438408.990394755033776 ], [ 416713.698227282962762, 1438409.781801402801648 ], [ 416705.925296030996833, 1438370.587138363858685 ], [ 416704.790153967565857, 1438366.007587721571326 ], [ 416703.228407911490649, 1438361.555421861354262 ], [ 416702.109928090998437, 1438358.791854840004817 ], [ 416694.946150581876282, 1438325.670351896435022 ], [ 416692.980471366259735, 1438316.607125231763348 ], [ 416690.162105256400537, 1438295.877577126957476 ], [ 416697.00783416244667, 1438327.511033156653866 ], [ 416703.888442278548609, 1438359.606755638495088 ], [ 416706.513120224059094, 1438372.176023031584918 ] ], [ [ 416683.906048549455591, 1438262.426705004414544 ], [ 416683.920907668303698, 1438262.651997908018529 ], [ 416683.532100768235978, 1438260.767190180951729 ], [ 416683.901020359771792, 1438260.693303934996948 ], [ 416683.899160366447177, 1438261.468122038058937 ], [ 416683.921546881378163, 1438261.947277404833585 ], [ 416683.906048549455591, 1438262.426705004414544 ] ], [ [ 416831.673043746210169, 1439277.1449365967419 ], [ 416831.063456512463745, 1439281.695160161936656 ], [ 416830.937659002433065, 1439283.133291805395856 ], [ 416830.771327204245608, 1439289.034945044433698 ], [ 416831.301806203555316, 1439294.915061476407573 ], [ 416831.534201198373921, 1439296.46270993584767 ], [ 416832.410199528036173, 1439300.911798751214519 ], [ 416833.685668999911286, 1439305.26322862948291 ], [ 416839.130073233682197, 1439321.132825457025319 ], [ 416838.366039642016403, 1439322.046678322600201 ], [ 416835.602889672503807, 1439326.10147411073558 ], [ 416833.250484513177071, 1439330.407581007573754 ], [ 416831.331479111569934, 1439334.92352884914726 ], [ 416829.864354538847692, 1439339.605826589046046 ], [ 416829.337910122179892, 1439342.131815766682848 ], [ 416826.877300586318597, 1439346.15049398667179 ], [ 416825.126699257467408, 1439349.763117126189172 ], [ 416822.522969722747803, 1439344.500622928375378 ], [ 416789.469009183812886, 1439288.26303694723174 ], [ 416757.455172016751021, 1439224.253079147310928 ], [ 416760.323723814741243, 1439223.690335118910298 ], [ 416762.829832793970127, 1439227.218169711064547 ], [ 416765.94625385774998, 1439230.822081954916939 ], [ 416769.39155151421437, 1439234.113007017411292 ], [ 416773.134442097216379, 1439237.06106295180507 ], [ 416777.140939765493385, 1439239.639481099089608 ], [ 416781.374665097566321, 1439241.824849150609225 ], [ 416785.797175420855638, 1439243.597323734080419 ], [ 416790.368313875165768, 1439244.940810593077913 ], [ 416795.046574041014537, 1439245.843110725283623 ], [ 416843.526831203314941, 1439252.816925051389262 ], [ 416840.719241859973408, 1439256.258629781659693 ], [ 416838.155816458456684, 1439260.067170355003327 ], [ 416835.952518430305645, 1439264.094776205485687 ], [ 416834.127922574698459, 1439268.307492793770507 ], [ 416832.697411060275044, 1439272.669805012643337 ], [ 416831.673043746210169, 1439277.1449365967419 ] ] ], [ [ [ 417789.365894179558381, 1441416.044760250486434 ], [ 417782.411276842118241, 1441401.340457325568423 ], [ 417602.637436056800652, 1441422.609653184423223 ], [ 417601.631550273334142, 1441415.123910577967763 ], [ 417779.16105832537869, 1441394.468447648920119 ], [ 417747.407626016647555, 1441327.331455789506435 ], [ 417696.955973970820196, 1441243.157959596021101 ], [ 417638.496815030986909, 1441164.334908451884985 ], [ 417572.593142854806501, 1441091.621411429019645 ], [ 417499.879645831941161, 1441025.717739252839237 ], [ 417421.056594687863253, 1440967.258580313064158 ], [ 417336.883098494261503, 1440916.806928267236799 ], [ 417248.169794033339713, 1440874.848660104209557 ], [ 417155.771038922714069, 1440841.787856883369386 ], [ 417060.576683684426825, 1440817.942912212340161 ], [ 416963.503501997853164, 1440803.543465943308547 ], [ 416865.486361668270547, 1440798.728192615555599 ], [ 416767.46922133868793, 1440803.543465943308547 ], [ 416670.396039652114268, 1440817.942912212340161 ], [ 416575.201684413827024, 1440841.787856883369386 ], [ 416482.802929303201381, 1440874.848660104209557 ], [ 416394.089624842279591, 1440916.806928267236799 ], [ 416309.916128648677841, 1440967.258580313064158 ], [ 416231.093077504599933, 1441025.717739252839237 ], [ 416158.379580481734592, 1441091.621411429019645 ], [ 416092.475908305554185, 1441164.334908451884985 ], [ 416034.016749365720898, 1441243.157959596021101 ], [ 415983.565097319893539, 1441327.331455789506435 ], [ 415941.606829156982712, 1441416.044760250486434 ], [ 415908.546025936084334, 1441508.443515361053869 ], [ 415884.701081265055109, 1441603.637870599515736 ], [ 415870.301634996081702, 1441700.711052285972983 ], [ 415865.486361668270547, 1441798.728192615555599 ], [ 415870.301634996081702, 1441896.745332945138216 ], [ 415884.701081265055109, 1441993.818514631595463 ], [ 415908.546025936084334, 1442089.01286987005733 ], [ 415941.606829156982712, 1442181.411624980624765 ], [ 415983.565097319893539, 1442270.124929441604763 ], [ 416034.016749365720898, 1442354.298425635090098 ], [ 416092.475908305554185, 1442433.121476779226214 ], [ 416158.379580481734592, 1442505.834973802091554 ], [ 416231.093077504599933, 1442571.738645978271961 ], [ 416309.916128648677841, 1442630.197804918047041 ], [ 416394.089624842279591, 1442680.6494569638744 ], [ 416482.802929303201381, 1442722.607725126901641 ], [ 416575.201684413827024, 1442755.668528347741812 ], [ 416670.396039652114268, 1442779.513473018771037 ], [ 416767.46922133868793, 1442793.912919287802652 ], [ 416865.486361668270547, 1442798.728192615555599 ], [ 416963.503501997853164, 1442793.912919287802652 ], [ 417060.576683684426825, 1442779.513473018771037 ], [ 417155.771038922714069, 1442755.668528347741812 ], [ 417248.169794033339713, 1442722.607725126901641 ], [ 417336.883098494261503, 1442680.6494569638744 ], [ 417421.056594687863253, 1442630.197804918047041 ], [ 417421.913395237701479, 1442629.562358322320506 ], [ 417421.419317525753286, 1442628.747377736028284 ], [ 417419.938813029555604, 1442626.772023281548172 ], [ 417423.853469735884573, 1442625.795518456958234 ], [ 417424.384940365853254, 1442627.729335527867079 ], [ 417499.879645831941161, 1442571.738645978271961 ], [ 417572.593142854806501, 1442505.834973802091554 ], [ 417638.496815030986909, 1442433.121476779226214 ], [ 417696.955973970820196, 1442354.298425635090098 ], [ 417747.407626016647555, 1442270.124929441604763 ], [ 417789.365894179558381, 1442181.411624980624765 ], [ 417822.42669740045676, 1442089.01286987005733 ], [ 417846.271642071485985, 1441993.818514631595463 ], [ 417860.671088340459391, 1441896.745332945138216 ], [ 417865.486361668270547, 1441798.728192615555599 ], [ 417860.671088340459391, 1441700.711052285972983 ], [ 417851.592379526409786, 1441639.507368913618848 ], [ 417727.297660602605902, 1441656.411882121348754 ], [ 417726.876320329552982, 1441652.893834477290511 ], [ 417726.728764713625424, 1441650.822244359413162 ], [ 417850.957234910572879, 1441635.225571715505794 ], [ 417846.271642071485985, 1441603.637870599515736 ], [ 417822.42669740045676, 1441508.443515361053869 ], [ 417789.365894179558381, 1441416.044760250486434 ] ], [ [ 416932.421192965703085, 1442348.405426470329985 ], [ 416930.693971001717728, 1442339.261219599749893 ], [ 417025.169440380879678, 1442325.623746752971783 ], [ 417027.274249703448731, 1442335.156461318256333 ], [ 416932.421192965703085, 1442348.405426470329985 ] ], [ [ 417040.25300215248717, 1441663.26707334886305 ], [ 417030.639457376906648, 1441664.597591541009024 ], [ 417033.272342047537677, 1441660.110107109649107 ], [ 417040.25300215248717, 1441663.26707334886305 ] ], [ [ 417015.488817927951459, 1441422.672271953895688 ], [ 417010.602211150224321, 1441423.116615108214319 ], [ 417008.869695779168978, 1441423.447757700691 ], [ 417006.44063306611497, 1441413.893919456517324 ], [ 417028.762902771646623, 1441409.326531667262316 ], [ 417028.887511705339421, 1441409.808294841786847 ], [ 417030.426904920081142, 1441414.706962626660243 ], [ 417032.460595153679606, 1441419.421915603335947 ], [ 417034.967133744328748, 1441423.903426713310182 ], [ 417036.829527556721587, 1441426.552827589446679 ], [ 417034.76470254000742, 1441425.679365212563425 ], [ 417030.080023791117128, 1441424.219861303921789 ], [ 417025.274846651533153, 1441423.226564120035619 ], [ 417020.395447603717912, 1441422.709039655514061 ], [ 417015.488817927951459, 1441422.672271953895688 ] ], [ [ 417072.924775535182562, 1441207.58769255480729 ], [ 416963.879648143134546, 1441233.061087066540495 ], [ 416962.115945002879016, 1441225.518626556033269 ], [ 417072.924775535182562, 1441207.58769255480729 ] ], [ [ 416212.122829890169669, 1441114.128377318615094 ], [ 416205.662561484030448, 1441087.27766794199124 ], [ 416214.597070543910377, 1441113.651039490709081 ], [ 416212.122829890169669, 1441114.128377318615094 ] ], [ [ 416109.610802839859389, 1441703.680109937908128 ], [ 416121.199010927404743, 1441692.624049130361527 ], [ 416128.044729629415087, 1441697.834408924682066 ], [ 416109.610802839859389, 1441703.680109937908128 ] ], [ [ 416032.708544017164968, 1441767.905152075923979 ], [ 416032.757053442590404, 1441770.049999036127701 ], [ 416021.134449191682506, 1441773.675313252955675 ], [ 416032.849794922571164, 1441764.936077993828803 ], [ 416032.777974176220596, 1441765.781483187107369 ], [ 416032.708544017164968, 1441767.905152075923979 ] ], [ [ 416133.303977134928573, 1441830.187447091098875 ], [ 416133.327206581423525, 1441830.14875081484206 ], [ 416133.354051690082997, 1441830.112469288054854 ], [ 416134.409240107284859, 1441828.34750173590146 ], [ 416137.487957571400329, 1441837.764358180109411 ], [ 416124.189042615937069, 1441840.950434312457219 ], [ 416126.130477335071191, 1441839.190567442215979 ], [ 416129.416406940727029, 1441835.566771971527487 ], [ 416132.332500939723104, 1441831.639225310180336 ], [ 416133.303977134928573, 1441830.187447091098875 ] ], [ [ 416643.866207363724243, 1442379.00014465698041 ], [ 416647.430017851584125, 1442377.133826846256852 ], [ 416647.738795095065143, 1442378.628869344945997 ], [ 416649.197490865597501, 1442383.313799791270867 ], [ 416651.108366102271248, 1442387.833193829050288 ], [ 416653.45301803201437, 1442392.143527223030105 ], [ 416656.208866374974605, 1442396.203289106488228 ], [ 416659.349370805139188, 1442399.973381752846763 ], [ 416662.844286548090167, 1442403.417497109388933 ], [ 416666.659955654700752, 1442406.502466462319717 ], [ 416670.759631145570893, 1442409.198579870164394 ], [ 416675.103830904641654, 1442411.479872287251055 ], [ 416679.650717913522385, 1442413.324373620329425 ], [ 416684.356503164628521, 1442414.714320313418284 ], [ 416689.175867373589426, 1442415.636326419888064 ], [ 416694.062397428497206, 1442416.081512517062947 ], [ 416694.364886901341379, 1442416.079298002878204 ], [ 416693.674456754233688, 1442419.751905424986035 ], [ 416693.244924746162724, 1442424.639836366986856 ], [ 416693.296562065195758, 1442429.546332084573805 ], [ 416693.828871415753383, 1442434.424140341812745 ], [ 416694.836726367648225, 1442439.226285178679973 ], [ 416696.310420726891607, 1442443.906519315438345 ], [ 416698.235762011143379, 1442448.419769538799301 ], [ 416700.594208131369669, 1442452.722570781828836 ], [ 416703.363045962119941, 1442456.773484716424718 ], [ 416706.515610081492923, 1442460.53349882713519 ], [ 416710.021539573732298, 1442463.966402122285217 ], [ 416713.647858064097818, 1442466.87912309775129 ], [ 416659.219095942564309, 1442474.422465848969296 ], [ 416604.153428132762201, 1442482.062492427648976 ], [ 416598.272480568091851, 1442482.557588665280491 ], [ 416588.160790394351352, 1442409.484178059734404 ], [ 416588.0875110506895, 1442408.973996433196589 ], [ 416585.169134010036942, 1442389.374196958262473 ], [ 416629.789455652877223, 1442383.140601468738168 ], [ 416634.609864724392537, 1442382.224073770223185 ], [ 416639.31722678465303, 1442380.839476690860465 ], [ 416643.866207363724243, 1442379.00014465698041 ] ], [ [ 416528.377529431600124, 1441847.870270880172029 ], [ 416528.509640461939853, 1441847.828320354921743 ], [ 416530.636854119831696, 1441846.914761338150129 ], [ 416532.769094899937045, 1441846.01299789454788 ], [ 416532.890852076234296, 1441845.946753188734874 ], [ 416533.018215085205156, 1441845.892055521253496 ], [ 416535.045641177683137, 1441844.774392145685852 ], [ 416537.079226369503886, 1441843.667974791489542 ], [ 416537.193904135783669, 1441843.590114781400189 ], [ 416537.315292547398712, 1441843.523196740541607 ], [ 416539.223405858734623, 1441842.212192713515833 ], [ 416541.138750919373706, 1441840.911776854423806 ], [ 416541.245244865072891, 1441840.823051374871284 ], [ 416541.359489643597044, 1441840.744557417696342 ], [ 416541.854950568987988, 1441840.327093395637348 ], [ 416542.705107215093449, 1441840.402080897940323 ], [ 416542.744467915967107, 1441840.527065451955423 ], [ 416544.67000759311486, 1441845.040231036255136 ], [ 416547.028642854827922, 1441849.342928601894528 ], [ 416549.797658754163422, 1441853.393720819381997 ], [ 416552.950388154305983, 1441857.153596344869584 ], [ 416556.456468547636177, 1441860.586345522198826 ], [ 416560.28213446342852, 1441863.658909100107849 ], [ 416564.390542647568509, 1441866.341696611605585 ], [ 416568.742126883298624, 1441868.608871346339583 ], [ 416573.294979035737924, 1441870.438599172513932 ], [ 416578.00525264965836, 1441871.813258810667321 ], [ 416582.827585215389263, 1441872.719611536944285 ], [ 416587.715535034076311, 1441873.148928679525852 ], [ 416592.622028476966079, 1441873.097075679339468 ], [ 416593.048480723169632, 1441873.050518488977104 ], [ 416597.363166533759795, 1441896.464408104075119 ], [ 416598.488113329047337, 1441901.240479852771387 ], [ 416600.075780092796776, 1441905.883289442397654 ], [ 416602.110876726161223, 1441910.3481240789406 ], [ 416604.573804136191029, 1441914.591984963975847 ], [ 416607.440842985408381, 1441918.574001397471875 ], [ 416610.684382122475654, 1441922.255824384046718 ], [ 416614.27318449242739, 1441925.601995955919847 ], [ 416618.172687966551166, 1441928.580290651647374 ], [ 416622.345338194805663, 1441931.162025865167379 ], [ 416624.85865116561763, 1441932.394440476316959 ], [ 416624.116571007063612, 1441935.444854689761996 ], [ 416623.429622482159175, 1441940.303297687554732 ], [ 416623.222192491346505, 1441945.20567868440412 ], [ 416623.395208033034578, 1441948.298214983195066 ], [ 416577.105720428109635, 1441954.46851074276492 ], [ 416543.970398966630455, 1441958.315980815328658 ], [ 416517.121215599181596, 1441851.04827980347909 ], [ 416523.565060618624557, 1441849.383361514657736 ], [ 416523.697401964978781, 1441849.342143329326063 ], [ 416523.832988715963438, 1441849.313343952409923 ], [ 416526.03950370720122, 1441848.612687369808555 ], [ 416528.249865432910156, 1441847.924262309446931 ], [ 416528.377529431600124, 1441847.870270880172029 ] ], [ [ 416613.029692392563447, 1441602.951976529322565 ], [ 416614.508715417527128, 1441608.510497756302357 ], [ 416618.491473333968315, 1441623.482299741823226 ], [ 416552.532586301618721, 1441635.415385677479208 ], [ 416508.41745821776567, 1441641.001428881194443 ], [ 416508.41141569922911, 1441636.793595716822892 ], [ 416507.923456619959325, 1441631.911151393083856 ], [ 416507.446393769001588, 1441629.53066510008648 ], [ 416541.302380056527909, 1441620.807286956813186 ], [ 416613.029692392563447, 1441602.951976529322565 ] ], [ [ 416579.711617798428051, 1441490.351024723378941 ], [ 416584.775772872788366, 1441506.93349627754651 ], [ 416564.450971790356562, 1441511.993014345178381 ], [ 416564.087718100927304, 1441511.280249489936978 ], [ 416561.441914985887706, 1441507.147926594130695 ], [ 416558.403813662764151, 1441503.29483601776883 ], [ 416555.002672708244063, 1441499.758085129316896 ], [ 416553.227495538711082, 1441498.242220470216125 ], [ 416579.711617798428051, 1441490.351024723378941 ] ], [ [ 416856.763528160692658, 1441214.165292989462614 ], [ 416637.143649728561286, 1441279.728703019442037 ], [ 416636.624685657618102, 1441278.142505611525849 ], [ 416856.427582301956136, 1441212.728623566217721 ], [ 416856.763528160692658, 1441214.165292989462614 ] ], [ [ 416606.473627893836237, 1441178.042244683951139 ], [ 416635.852315230702516, 1441174.037940031150356 ], [ 416607.617113603220787, 1441182.440805402584374 ], [ 416606.473627893836237, 1441178.042244683951139 ] ], [ [ 416423.660941806971096, 1441536.847805647645146 ], [ 416472.717610757856164, 1441522.230905242729932 ], [ 416472.452256451826543, 1441523.047835235716775 ], [ 416471.401128234458156, 1441527.840694101760164 ], [ 416470.824843806854915, 1441532.713502624304965 ], [ 416470.766163758409675, 1441535.715611818945035 ], [ 416426.291145279305056, 1441547.175103822024539 ], [ 416423.660941806971096, 1441536.847805647645146 ] ], [ [ 416399.024898906704038, 1441439.843733890447766 ], [ 416398.723369946936145, 1441438.642988949781284 ], [ 416549.381141620920971, 1441391.565247288206592 ], [ 416550.364037408435252, 1441394.750800306908786 ], [ 416399.024898906704038, 1441439.843733890447766 ] ], [ [ 416767.395953775499947, 1441724.741088571026921 ], [ 416763.248018315702211, 1441713.75933102867566 ], [ 416760.468107078806497, 1441702.555757961468771 ], [ 416760.263178688182961, 1441701.758026137016714 ], [ 416757.22530379582895, 1441690.324015442747623 ], [ 416756.928987105377018, 1441689.185002098791301 ], [ 416777.645240041892976, 1441683.632314055459574 ], [ 416812.12768926192075, 1441675.331799995386973 ], [ 416812.81217365746852, 1441679.870622503105551 ], [ 416813.781064660812262, 1441684.68078017863445 ], [ 416814.167986602755263, 1441685.945281165651977 ], [ 416814.372663785528857, 1441687.541975018568337 ], [ 416819.229668472311459, 1441714.761435494991019 ], [ 416813.208608601067681, 1441716.142307665664703 ], [ 416812.789789537666366, 1441716.240257855737582 ], [ 416783.000314789300319, 1441723.342467959271744 ], [ 416780.887583031726535, 1441723.487063660984859 ], [ 416777.070637982862536, 1441723.896003735018894 ], [ 416772.279997922480106, 1441724.596183645771816 ], [ 416767.746990808285773, 1441725.538944292347878 ], [ 416767.395953775499947, 1441724.741088571026921 ] ], [ [ 416850.958022475708276, 1441556.051207234151661 ], [ 416850.946011179010384, 1441560.957959965569898 ], [ 416851.207034044608008, 1441563.676372143672779 ], [ 416845.515847013273742, 1441564.590495838085189 ], [ 416841.743654393358156, 1441565.34629260469228 ], [ 416801.140031396178529, 1441575.12027766671963 ], [ 416798.648595130478498, 1441565.712892138399184 ], [ 416797.366218202398159, 1441561.596791221061721 ], [ 416796.480452383984812, 1441559.133166171610355 ], [ 416795.461950539960526, 1441556.685325779952109 ], [ 416853.170373020635452, 1441543.906983909197152 ], [ 416852.419962279207539, 1441546.359131605364382 ], [ 416851.450921805808321, 1441551.169259171234444 ], [ 416850.958022475708276, 1441556.051207234151661 ] ], [ [ 416698.321839735493995, 1441891.944203621707857 ], [ 416696.273857522755861, 1441892.159984348574653 ], [ 416696.53024603711674, 1441888.108766609337181 ], [ 416696.381418532924727, 1441883.854917255230248 ], [ 416698.321839735493995, 1441891.944203621707857 ] ], [ [ 417832.014559672563337, 1442009.220052247168496 ], [ 417835.149700302048586, 1442029.1713681074325 ], [ 417833.594401926500723, 1442024.894130580592901 ], [ 417831.616868863929994, 1442020.708545519039035 ], [ 417829.260706240544096, 1442016.723792450735345 ], [ 417826.546110855648294, 1442012.974028295604512 ], [ 417824.30213767348323, 1442010.411552218254656 ], [ 417832.014559672563337, 1442009.220052247168496 ] ], [ [ 417556.661204715492204, 1441954.549716400448233 ], [ 417556.493801231263205, 1441954.58143175416626 ], [ 417494.917318065243308, 1441966.356093160575256 ], [ 417485.573678067768924, 1441955.440517590148374 ], [ 417497.025035984872375, 1441953.743381822481751 ], [ 417497.373046033317223, 1441953.690552828134969 ], [ 417627.567761124286335, 1441933.457499311305583 ], [ 417628.183114864339586, 1441937.492127632489428 ], [ 417628.682425111124758, 1441941.032041981350631 ], [ 417556.661204715492204, 1441954.549716400448233 ] ], [ [ 417563.236551809706725, 1441842.254613274242729 ], [ 417527.925744362815749, 1441847.742128311190754 ], [ 417528.142517443979159, 1441846.015435279812664 ], [ 417528.273582138412166, 1441841.110418594209477 ], [ 417527.992730375437532, 1441837.186947709647939 ], [ 417549.144701919693034, 1441833.924077349482104 ], [ 417549.79088503314415, 1441834.176543421577662 ], [ 417554.717662528331857, 1441835.541010358836502 ], [ 417558.7866181837162, 1441836.446776594500989 ], [ 417561.808171900338493, 1441836.99221644946374 ], [ 417561.862127492146101, 1441837.326880825217813 ], [ 417563.236551809706725, 1441842.254613274242729 ] ], [ [ 417063.442350972618442, 1441855.885281284106895 ], [ 417061.542749849555548, 1441860.409425646532327 ], [ 417060.095739518059418, 1441865.097978487145156 ], [ 417059.115255478478502, 1441869.905786479124799 ], [ 417059.057539042609278, 1441870.464144633384421 ], [ 417034.578911234391853, 1441857.29122511507012 ], [ 417064.682549254153855, 1441853.591735387220979 ], [ 417063.442350972618442, 1441855.885281284106895 ] ], [ [ 417250.429248655564152, 1442672.612100214930251 ], [ 417250.424922411737498, 1442672.598975624656305 ], [ 417288.101358612708282, 1442661.639673436293378 ], [ 417288.676487066491973, 1442663.734451666707173 ], [ 417250.429248655564152, 1442672.612100214930251 ] ], [ [ 417170.484103689726908, 1442053.132264765677974 ], [ 417228.4007698429632, 1442084.255078387679532 ], [ 417146.96096467616735, 1442101.309973873663694 ], [ 417146.293725817697123, 1442095.913764082593843 ], [ 417147.523406160529703, 1442094.420129262609407 ], [ 417150.405747864453588, 1442090.553098186617717 ], [ 417152.902096191362944, 1442086.42634788248688 ], [ 417166.208545488654636, 1442061.822794348699972 ], [ 417167.199959067627788, 1442059.890529902186245 ], [ 417170.484103689726908, 1442053.132264765677974 ] ], [ [ 417086.121710675419308, 1441574.260087025118992 ], [ 417085.193432207102887, 1441573.840278047136962 ], [ 417095.595610184594989, 1441557.022994508501142 ], [ 417099.47799225471681, 1441559.647933124797419 ], [ 417098.724457591248211, 1441560.192358585773036 ], [ 417094.613476577447727, 1441563.921465747756884 ], [ 417090.941143487638328, 1441568.083241186337546 ], [ 417086.598680289753247, 1441573.592955892439932 ], [ 417086.121710675419308, 1441574.260087025118992 ] ], [ [ 417184.486804177693557, 1441202.277712975163013 ], [ 417180.706916315772105, 1441200.162936775712296 ], [ 417175.603795363858808, 1441198.009812718257308 ], [ 417165.128495609969832, 1441194.258926180424169 ], [ 417161.71945929073263, 1441193.21905779489316 ], [ 417168.816893759591039, 1441192.070560618070886 ], [ 417192.745277267589699, 1441188.774836562108248 ], [ 417184.486804177693557, 1441202.277712975163013 ] ], [ [ 417253.796173380629625, 1441316.28724695998244 ], [ 417255.061242085939739, 1441319.4057769079227 ], [ 417252.805160666524898, 1441319.690646223956719 ], [ 417247.095123794628307, 1441316.233491539023817 ], [ 417251.943569376133382, 1441316.19935571635142 ], [ 417253.714958895288873, 1441316.012287764344364 ], [ 417253.796173380629625, 1441316.28724695998244 ] ], [ [ 417249.009847543493379, 1441951.282695472240448 ], [ 417242.337761783506721, 1441963.529567343415692 ], [ 417224.647259116405621, 1441953.73133434006013 ], [ 417249.009847543493379, 1441951.282695472240448 ] ], [ [ 417395.498521065048408, 1442024.312135678250343 ], [ 417397.712738517089747, 1442021.543657886562869 ], [ 417402.48020910116611, 1442021.039763443637639 ], [ 417405.785867475206032, 1442021.885097203310579 ], [ 417413.457675222249236, 1442025.599328404525295 ], [ 417413.561668685870245, 1442025.905639975331724 ], [ 417412.794586861971766, 1442029.470249730860814 ], [ 417400.238620891876053, 1442053.726468965178356 ], [ 417384.276405924116261, 1442044.33524164208211 ], [ 417395.498521065048408, 1442024.312135678250343 ] ], [ [ 417727.082242910692003, 1441922.692086474504322 ], [ 417726.089201701164711, 1441916.181112497812137 ], [ 417769.618567957018968, 1441907.633657994214445 ], [ 417770.92314124078257, 1441917.471791182411835 ], [ 417727.299700103991199, 1441924.211221267702058 ], [ 417727.163746655744035, 1441923.247364496812224 ], [ 417727.082242910692003, 1441922.692086474504322 ] ], [ [ 417709.040690893889405, 1441779.275450934888795 ], [ 417707.242148127348628, 1441769.775982495397329 ], [ 417792.412280224321876, 1441760.238656521309167 ], [ 417800.586463720363099, 1441799.643140435684472 ], [ 417713.915009157033637, 1441816.662003294564784 ], [ 417713.818732308223844, 1441815.805217309156433 ], [ 417713.812097678834107, 1441815.715166366891935 ], [ 417713.802200580830686, 1441815.658098323270679 ], [ 417713.779648752824869, 1441815.457405317574739 ], [ 417709.50551402050769, 1441782.202804824337363 ], [ 417709.040690893889405, 1441779.275450934888795 ] ], [ [ 417752.741497802780941, 1442248.257529209833592 ], [ 417731.594110076199286, 1442236.564575675874949 ], [ 417761.631988708279096, 1442232.371308490633965 ], [ 417752.741497802780941, 1442248.257529209833592 ] ] ], [ [ [ 413336.332598479988519, 1443291.952888684114441 ], [ 413294.374330317077693, 1443203.239584223134443 ], [ 413243.922678271250334, 1443119.066088029649109 ], [ 413185.463519331417046, 1443040.243036885512993 ], [ 413119.559847155236639, 1442967.529539862647653 ], [ 413063.736971469654236, 1442916.934634518576786 ], [ 413066.900029280630406, 1442969.302948434837162 ], [ 413066.977516031183768, 1442970.627193331951275 ], [ 413067.5652323976974, 1442975.883067204616964 ], [ 413068.704810703056864, 1442981.047462811227888 ], [ 413069.366370271833148, 1442983.02389174955897 ], [ 413057.460854864446446, 1442984.980456313584 ], [ 413053.001768254733179, 1442985.564579905476421 ], [ 413052.420497484446969, 1442978.002623098203912 ], [ 413050.639666336763185, 1442947.197217896580696 ], [ 413049.294123046740424, 1442903.844399737892672 ], [ 413046.846350132371299, 1442901.625867686467245 ], [ 412968.023298988293391, 1442843.166708746692166 ], [ 412883.849802794691641, 1442792.715056700864807 ], [ 412795.13649833376985, 1442750.756788537837565 ], [ 412702.737743223144207, 1442717.695985316997394 ], [ 412607.543387984856963, 1442693.851040645968169 ], [ 412510.470206298283301, 1442679.451594376936555 ], [ 412412.453065968700685, 1442674.636321049183607 ], [ 412314.435925639118068, 1442679.451594376936555 ], [ 412217.362743952544406, 1442693.851040645968169 ], [ 412122.168388714257162, 1442717.695985316997394 ], [ 412029.769633603631519, 1442750.756788537837565 ], [ 411941.056329142709728, 1442792.715056700864807 ], [ 411856.882832949107978, 1442843.166708746692166 ], [ 411778.05978180503007, 1442901.625867686467245 ], [ 411705.34628478216473, 1442967.529539862647653 ], [ 411639.442612605984323, 1443040.243036885512993 ], [ 411580.983453666151036, 1443119.066088029649109 ], [ 411530.531801620323677, 1443203.239584223134443 ], [ 411488.57353345741285, 1443291.952888684114441 ], [ 411455.512730236514471, 1443384.351643794681877 ], [ 411431.667785565485246, 1443479.545999033143744 ], [ 411417.26833929651184, 1443576.61918071960099 ], [ 411412.453065968700685, 1443674.636321049183607 ], [ 411417.26833929651184, 1443772.653461378766224 ], [ 411431.667785565485246, 1443869.72664306522347 ], [ 411455.512730236514471, 1443964.920998303685337 ], [ 411488.57353345741285, 1444057.319753414252773 ], [ 411530.531801620323677, 1444146.033057875232771 ], [ 411580.983453666151036, 1444230.206554068718106 ], [ 411639.442612605984323, 1444309.029605212854221 ], [ 411705.34628478216473, 1444381.743102235719562 ], [ 411778.05978180503007, 1444447.646774411899969 ], [ 411856.882832949107978, 1444506.105933351675048 ], [ 411941.056329142709728, 1444556.557585397502407 ], [ 412029.769633603631519, 1444598.515853560529649 ], [ 412122.168388714257162, 1444631.57665678136982 ], [ 412217.362743952544406, 1444655.421601452399045 ], [ 412246.016736162418965, 1444659.672019683755934 ], [ 412246.184454024361912, 1444655.818157414905727 ], [ 412246.590131884382572, 1444652.420797345926985 ], [ 412275.88974886701908, 1444653.223655616631731 ], [ 412275.654899254441261, 1444664.068425874924287 ], [ 412314.435925639118068, 1444669.821047721430659 ], [ 412412.453065968700685, 1444674.636321049183607 ], [ 412510.470206298283301, 1444669.821047721430659 ], [ 412607.543387984856963, 1444655.421601452399045 ], [ 412674.3360773975146, 1444638.690903718350455 ], [ 412671.449514986597933, 1444635.429680740693584 ], [ 412667.873909892106894, 1444632.10788789531216 ], [ 412663.991484780388419, 1444629.150518329115584 ], [ 412663.91166447015712, 1444629.101214828202501 ], [ 412708.369762335380074, 1444629.561488120350987 ], [ 412795.13649833376985, 1444598.515853560529649 ], [ 412883.849802794691641, 1444556.557585397502407 ], [ 412968.023298988293391, 1444506.105933351675048 ], [ 413046.846350132371299, 1444447.646774411899969 ], [ 413119.559847155236639, 1444381.743102235719562 ], [ 413185.463519331417046, 1444309.029605212854221 ], [ 413243.922678271250334, 1444230.206554068718106 ], [ 413294.374330317077693, 1444146.033057875232771 ], [ 413336.332598479988519, 1444057.319753414252773 ], [ 413369.393401700886898, 1443964.920998303685337 ], [ 413393.238346371916123, 1443869.72664306522347 ], [ 413407.637792640889529, 1443772.653461378766224 ], [ 413412.453065968700685, 1443674.636321049183607 ], [ 413407.637792640889529, 1443576.61918071960099 ], [ 413393.238346371916123, 1443479.545999033143744 ], [ 413369.393401700886898, 1443384.351643794681877 ], [ 413336.332598479988519, 1443291.952888684114441 ] ], [ [ 412392.21219652792206, 1444421.022237980971113 ], [ 412394.411851035547443, 1444453.162132576806471 ], [ 412394.46775534626795, 1444453.898992041824386 ], [ 412398.988470554177184, 1444508.166007351828739 ], [ 412399.067527900042478, 1444508.760530393803492 ], [ 412399.102294303942472, 1444509.359278262127191 ], [ 412399.390778657398187, 1444511.191424342337996 ], [ 412399.635259858914651, 1444513.029959472827613 ], [ 412399.772209970746189, 1444513.613870749948546 ], [ 412399.865496518556029, 1444514.206327778985724 ], [ 412399.963125631329603, 1444514.58185283257626 ], [ 412371.557949693407863, 1444514.307392404181883 ], [ 412361.470866187824868, 1444429.396799877053127 ], [ 412360.764038810390048, 1444425.073598603950813 ], [ 412360.485216419794597, 1444423.738508259411901 ], [ 412392.21219652792206, 1444421.022237980971113 ] ], [ [ 412289.374573651177343, 1444040.079782044515014 ], [ 412287.863956975750625, 1444040.832992094103247 ], [ 412269.753352285944857, 1444051.010521536460146 ], [ 412266.220839986286592, 1444042.370270298328251 ], [ 412265.22883883403847, 1444040.105457206256688 ], [ 412264.071627561177593, 1444037.63176086358726 ], [ 412262.524488548282534, 1444034.705604651244357 ], [ 412275.241757368610706, 1444029.929953349987045 ], [ 412312.015784397954121, 1444031.405697274487466 ], [ 412295.427410057280213, 1444037.375888979528099 ], [ 412293.848751441459171, 1444038.033228472108021 ], [ 412292.287313875101972, 1444038.627457809168845 ], [ 412291.606949118489865, 1444038.966695141978562 ], [ 412290.897643328120466, 1444039.26204380299896 ], [ 412289.374573651177343, 1444040.079782044515014 ] ], [ [ 411920.811031726596411, 1444515.587199028581381 ], [ 411917.963161545805633, 1444516.95231500081718 ], [ 411916.963040978647768, 1444512.155903633218259 ], [ 411915.72630276408745, 1444507.405271360184997 ], [ 411914.029672830598429, 1444502.798811192624271 ], [ 411911.889505352708511, 1444498.380925774108618 ], [ 411909.326429857057519, 1444494.194200035650283 ], [ 411906.365152370068245, 1444490.27899071155116 ], [ 411903.034217271371745, 1444486.673037332249805 ], [ 411899.365732148406096, 1444483.411098444601521 ], [ 411895.395058304653503, 1444480.524616566486657 ], [ 411891.160469904541969, 1444478.041415107203647 ], [ 411886.702785040717572, 1444475.98543017054908 ], [ 411882.064972279709764, 1444474.376479829661548 ], [ 411877.291736479033716, 1444473.230073096929118 ], [ 411872.429087867494673, 1444472.557260429253802 ], [ 411867.523898542684037, 1444472.364527210360393 ], [ 411863.923104889458045, 1444472.577031055931002 ], [ 411860.863092825107742, 1444444.265474613988772 ], [ 411858.399821427010465, 1444421.524048533756286 ], [ 411860.923440693761222, 1444421.172386882826686 ], [ 411865.744168555829674, 1444420.25753743131645 ], [ 411870.452012368536089, 1444418.874579270603135 ], [ 411875.001633022387978, 1444417.036831043660641 ], [ 411879.349215183407068, 1444414.761991270817816 ], [ 411883.45288925874047, 1444412.071967902593315 ], [ 411887.27313462382881, 1444408.992667334154248 ], [ 411890.773160227341577, 1444405.553744913777336 ], [ 411893.919258909474593, 1444401.788319344166666 ], [ 411896.681132020021323, 1444397.732653731713071 ], [ 411899.03218121122336, 1444393.425806353334337 ], [ 411900.949764594086446, 1444388.909254503902048 ], [ 411902.415414792427327, 1444384.226495046634227 ], [ 411903.415016793587711, 1444379.422625514911488 ], [ 411903.938943883869797, 1444374.543909798376262 ], [ 411903.982150359021034, 1444369.637332596117631 ], [ 411903.544220116978977, 1444364.750146929407492 ], [ 411902.629370665468741, 1444359.929419067222625 ], [ 411901.246412504755426, 1444355.221575254574418 ], [ 411899.408664277987555, 1444350.671954600838944 ], [ 411897.133824505086523, 1444346.324372439878061 ], [ 411894.443801136745606, 1444342.220698364311829 ], [ 411891.364500568481162, 1444338.400452999398112 ], [ 411888.678416386188474, 1444335.66664215340279 ], [ 411944.785118052619509, 1444327.494043299695477 ], [ 411949.708486585470382, 1444326.522402900736779 ], [ 411953.023627939226571, 1444325.693354852264747 ], [ 411957.921052267367486, 1444324.198337692534551 ], [ 411962.63988986494951, 1444322.21027001645416 ], [ 411967.130649862636346, 1444319.750002551125363 ], [ 411968.375076649419498, 1444318.982889082049951 ], [ 411972.282945867278613, 1444316.310639929259196 ], [ 411975.92056427890202, 1444313.280773653415963 ], [ 411979.25532084290171, 1444309.920452832942829 ], [ 411982.257319656840991, 1444306.259802551940084 ], [ 411984.899647972662933, 1444302.331640331773087 ], [ 411987.158617467852309, 1444298.171181922079995 ], [ 411988.009529657894745, 1444296.409947879379615 ], [ 411989.858851203345694, 1444292.070752456085756 ], [ 411991.291053341759834, 1444287.576600240776315 ], [ 411992.293390272010583, 1444282.967486684210598 ], [ 411992.655155696324073, 1444280.820727205835283 ], [ 411993.225106517144013, 1444276.048551148502156 ], [ 411993.334244193858467, 1444271.243699722457677 ], [ 411992.981560359417927, 1444266.450566887622699 ], [ 411989.685712099540979, 1444239.464167833793908 ], [ 411988.917448309541214, 1444234.923231300665066 ], [ 411987.734624614357017, 1444230.472246920224279 ], [ 411986.147276248084381, 1444226.148977438220754 ], [ 411984.638726623728871, 1444222.977802937384695 ], [ 411984.892018972721417, 1444220.022682615788653 ], [ 411984.829848396999296, 1444215.11630906094797 ], [ 411983.091714952955954, 1444187.007880148943514 ], [ 411982.581163334252778, 1444182.333654571557418 ], [ 411981.633788870531134, 1444177.728056963300332 ], [ 411981.018888400110882, 1444175.318992120912299 ], [ 411979.544281856622547, 1444170.549487311858684 ], [ 411977.601407347188797, 1444165.950804976280779 ], [ 411975.20963349705562, 1444161.568789637181908 ], [ 411972.392804034228902, 1444157.447125851875171 ], [ 411969.179000089934561, 1444153.626902718329802 ], [ 411969.154620143526699, 1444153.603190672816709 ], [ 411968.877010682714172, 1444151.697867491748184 ], [ 411967.697039026126731, 1444146.935091669904068 ], [ 411966.055915589502547, 1444142.310907362960279 ], [ 411963.969445288646966, 1444137.869847993599251 ], [ 411961.45772197318729, 1444133.654683391097933 ], [ 411958.544934911653399, 1444129.706007895059884 ], [ 411955.259135835745838, 1444126.061849409015849 ], [ 411951.631968786823563, 1444122.757303171092644 ], [ 411947.698365366260987, 1444119.824193768436089 ], [ 411943.496208325435873, 1444117.290768647566438 ], [ 411939.065966733731329, 1444115.181426077382639 ], [ 411934.450306239479687, 1444113.516480179969221 ], [ 411929.69367817643797, 1444112.311965294647962 ], [ 411924.841891473100986, 1444111.579481558175758 ], [ 411919.94167148770066, 1444111.32608318910934 ], [ 411916.221186869835947, 1444111.499244673876092 ], [ 411917.759853797091637, 1444108.308095240965486 ], [ 411919.447465479199309, 1444103.700673679122701 ], [ 411920.675344564020634, 1444098.950023240176961 ], [ 411921.431665904645342, 1444094.101895285071805 ], [ 411921.709145713190082, 1444089.202979936264455 ], [ 411921.505111707432661, 1444084.300456426572055 ], [ 411920.821528846397996, 1444079.441538737388328 ], [ 411919.664980406640097, 1444074.673020902089775 ], [ 411918.046604581875727, 1444070.040826354175806 ], [ 411916.825821694510523, 1444067.40885058324784 ], [ 411916.99379410041729, 1444066.998887695372105 ], [ 411918.40012863726588, 1444062.297973974607885 ], [ 411919.338921169168316, 1444057.481851548654959 ], [ 411919.801130610750988, 1444052.596902309451252 ], [ 411919.782305632426869, 1444047.690170988207683 ], [ 411919.282627529057208, 1444042.808912089793012 ], [ 411918.331944036646746, 1444038.123521189438179 ], [ 411922.157673487265129, 1444037.989545968361199 ], [ 411926.045602724130731, 1444058.532412047032267 ], [ 411926.316220905049704, 1444059.657066342420876 ], [ 411926.528113093983848, 1444060.794248465914279 ], [ 411926.889835558831692, 1444062.040934943361208 ], [ 411927.193521511857398, 1444063.303014639532194 ], [ 411927.573071990278549, 1444064.395728197181597 ], [ 411927.89540720009245, 1444065.506665411172435 ], [ 411928.377584515488707, 1444066.711893750121817 ], [ 411928.803513580642175, 1444067.938129759859294 ], [ 411929.288341077975929, 1444068.988379150861874 ], [ 411929.71801504434552, 1444070.062372522661462 ], [ 411930.316003579646349, 1444071.21453571668826 ], [ 411930.86007382668322, 1444072.393118715146556 ], [ 411931.445509188983124, 1444073.390789463184774 ], [ 411931.978383916895837, 1444074.417495850240812 ], [ 411932.686424715036992, 1444075.505497936857864 ], [ 411933.34339645068394, 1444076.625077527016401 ], [ 411934.023801615461707, 1444077.560561517719179 ], [ 411934.65474522986915, 1444078.530093175824732 ], [ 411935.466019471816253, 1444079.543456101324409 ], [ 411936.229565698187798, 1444080.593250118196011 ], [ 411936.998387991392519, 1444081.457538129063323 ], [ 411937.721324160753284, 1444082.360557938693091 ], [ 411938.62801883125212, 1444083.289522463222966 ], [ 411939.490786181646399, 1444084.25942081771791 ], [ 411940.340621424780693, 1444085.04418928315863 ], [ 411941.148587878094986, 1444085.872000669362023 ], [ 411942.141971012577415, 1444086.707620357396081 ], [ 411943.095650564937387, 1444087.588282397249714 ], [ 411944.018314379616641, 1444088.285973567515612 ], [ 411944.903529958741274, 1444089.030604254687205 ], [ 411945.974034734186716, 1444089.764831631444395 ], [ 411947.009442033595406, 1444090.547776100458577 ], [ 411947.996048662927933, 1444091.151670828228816 ], [ 411948.949988257896621, 1444091.805949615780264 ], [ 411950.087305127177387, 1444092.43171366979368 ], [ 411951.194468636123929, 1444093.109400385059416 ], [ 411952.235516520333476, 1444093.61368283466436 ], [ 411953.248993169981986, 1444094.171308659249917 ], [ 411954.442169152200222, 1444094.682582941837609 ], [ 411955.610426278726663, 1444095.248485408490524 ], [ 411956.695889554161113, 1444095.648299063090235 ], [ 411957.759142927650828, 1444096.103901684749871 ], [ 411958.996687083912548, 1444096.495762343984097 ], [ 411960.214786875119898, 1444096.944430613191798 ], [ 411961.334211941692047, 1444097.23592504998669 ], [ 411962.437002323335037, 1444097.58511676476337 ], [ 411963.70699642674299, 1444097.853789968416095 ], [ 411964.963207915890962, 1444098.180903119267896 ], [ 411966.105814095120877, 1444098.36127108684741 ], [ 411967.237521013768855, 1444098.600688988575712 ], [ 411968.527734328003135, 1444098.743587267119437 ], [ 411969.809959510632325, 1444098.94599502091296 ], [ 411970.96474288101308, 1444099.013499477179721 ], [ 411972.114467379753478, 1444099.140837840503082 ], [ 411973.4124744447181, 1444099.156585005344823 ], [ 411974.708364791993517, 1444099.232338064815849 ], [ 411975.864204158075154, 1444099.18632890493609 ], [ 411977.020873761794064, 1444099.200361391762272 ], [ 411978.314174061117228, 1444099.088805788895115 ], [ 411979.611249439360108, 1444099.037174610653892 ], [ 411980.757013437571004, 1444098.878094928106293 ], [ 411981.909488784323912, 1444098.778686397708952 ], [ 411983.185627127299085, 1444098.540902368957177 ], [ 411984.471395993372425, 1444098.362384189385921 ], [ 411985.596050286723766, 1444098.091766008874401 ], [ 411986.733232412312645, 1444097.87987381964922 ], [ 411987.282096372917295, 1444097.749445616267622 ], [ 411999.544657079619355, 1444122.949034813325852 ], [ 412000.556965077179484, 1444124.79111173027195 ], [ 412001.662047577265184, 1444126.850028885994107 ], [ 412001.684869222226553, 1444126.887956050457433 ], [ 412003.389767023560125, 1444135.728582219686359 ], [ 412023.702443096612114, 1444289.311750177992508 ], [ 412022.703965727589093, 1444289.556518814759329 ], [ 412018.075762214255519, 1444291.18627305328846 ], [ 412013.629588615731336, 1444293.26182285300456 ], [ 412009.408264014287852, 1444295.763179534580559 ], [ 412005.452442073496059, 1444298.666253665927798 ], [ 412001.800219521101099, 1444301.943087056046352 ], [ 411998.486769256822299, 1444305.562122008064762 ], [ 411995.544001617934555, 1444309.488505237502977 ], [ 411993.000257065577898, 1444313.684423526749015 ], [ 411990.880033250316046, 1444318.1094678894151 ], [ 411989.203749086475, 1444322.721022729296237 ], [ 411987.987548106932081, 1444327.474676252342761 ], [ 411987.243142991967034, 1444332.324648176319897 ], [ 411986.977702769741882, 1444337.224230620544404 ], [ 411987.193783774797339, 1444342.126237927703187 ], [ 411987.889305028831586, 1444346.983461087336764 ], [ 411989.057568281947169, 1444351.749122385634109 ], [ 411990.6873225204763, 1444356.377325899200514 ], [ 411992.762872320075985, 1444360.823499497724697 ], [ 411995.264229001651984, 1444365.044824098935351 ], [ 411998.167303132999223, 1444369.000646039843559 ], [ 412001.444136523117777, 1444372.652868592180312 ], [ 412005.06317147531081, 1444375.966318856459111 ], [ 412008.989554704516195, 1444378.909086495405063 ], [ 412013.185472993936855, 1444381.452831047819927 ], [ 412017.610517356661148, 1444383.573054863139987 ], [ 412022.222072196542285, 1444385.249339026864618 ], [ 412026.975725719472393, 1444386.465540006523952 ], [ 412031.825697643507738, 1444387.209945121314377 ], [ 412036.725280087674037, 1444387.475385343655944 ], [ 412041.627287394716404, 1444387.259304338600487 ], [ 412051.528100717172492, 1444386.334476933116093 ], [ 412053.776248173846398, 1444404.958992196246982 ], [ 412049.342972742684651, 1444412.475723424460739 ], [ 412046.880779147613794, 1444417.211189061403275 ], [ 412044.937387483892962, 1444422.182130716741085 ], [ 412043.534942335798405, 1444427.331905440660194 ], [ 412040.463683249836322, 1444441.567727491725236 ], [ 412033.82013365381863, 1444470.231254717335105 ], [ 412015.958421681076288, 1444476.231625191634521 ], [ 412013.670897722826339, 1444477.089558140141889 ], [ 412013.122408100985922, 1444477.280799791682512 ], [ 412012.958017952449154, 1444477.356922790408134 ], [ 412012.707878194865771, 1444477.450737388106063 ], [ 411987.559991376532707, 1444487.892021387815475 ], [ 411920.811031726596411, 1444515.587199028581381 ] ], [ [ 411981.931288217136171, 1443769.304149413714185 ], [ 411978.865153749124147, 1443765.47332886676304 ], [ 411975.438297481450718, 1443761.961488500237465 ], [ 411971.683721913432237, 1443758.802449256647378 ], [ 411967.637585660093464, 1443756.026634410722181 ], [ 411963.338855225476436, 1443753.660776576958597 ], [ 411958.828929733601399, 1443751.727660259697586 ], [ 411954.151242232241202, 1443750.245902425609529 ], [ 411949.350841409235727, 1443749.229773212689906 ], [ 411944.473957748617977, 1443748.689058500807732 ], [ 411939.567558305978309, 1443748.62896566814743 ], [ 411934.67889439011924, 1443749.050073441583663 ], [ 411929.855046506971121, 1443749.94832632294856 ], [ 411925.142470948572736, 1443751.315073646372184 ], [ 411920.586552393797319, 1443753.137152887415141 ], [ 411916.231166828714777, 1443755.397016427246854 ], [ 411912.118258997332305, 1443758.072900544619188 ], [ 411908.28743845038116, 1443761.139035012573004 ], [ 411904.775598083855584, 1443764.565891280304641 ], [ 411901.61655884020729, 1443768.320466848323122 ], [ 411898.840743994340301, 1443772.366603101603687 ], [ 411896.474886160576716, 1443776.665333536220714 ], [ 411896.291235247743316, 1443777.093787802616134 ], [ 411895.678595334407873, 1443776.346211526310071 ], [ 411895.1579294760013, 1443775.824812195729464 ], [ 411894.674293261370622, 1443775.268892948050052 ], [ 411893.42522441962501, 1443774.089666243875399 ], [ 411892.211429800314363, 1443772.874161728424951 ], [ 411891.642165018129162, 1443772.406307256082073 ], [ 411891.106368029955775, 1443771.900469550862908 ], [ 411889.747729366354179, 1443770.849351301323622 ], [ 411888.42063922365196, 1443769.758672450203449 ], [ 411887.808257850294467, 1443769.348868531640619 ], [ 411887.225460104935337, 1443768.897983861155808 ], [ 411885.770336049841717, 1443767.985096907941625 ], [ 411884.342730989970732, 1443767.029747556429356 ], [ 411883.693130593339447, 1443766.681940827285871 ], [ 411883.068944751168601, 1443766.290351457428187 ], [ 411881.531348949763924, 1443765.524487404152751 ], [ 411880.016977584746201, 1443764.713668085169047 ], [ 411879.561488577804994, 1443764.524622642435133 ], [ 411880.863679466187023, 1443761.802355043822899 ], [ 411882.536984601523727, 1443757.189718426670879 ], [ 411883.750114864727948, 1443752.435280331177637 ], [ 411884.491387148096692, 1443747.584828595397994 ], [ 411884.650645032874309, 1443744.609619555063546 ], [ 411886.206403883581515, 1443742.713095291750506 ], [ 411889.043542392610107, 1443738.420820933533832 ], [ 411891.424553142627701, 1443733.859706826973706 ], [ 411894.697827766591217, 1443726.715644502779469 ], [ 411896.568748445075471, 1443722.018589809769765 ], [ 411897.955749618820846, 1443717.156605161493644 ], [ 411898.844649108184967, 1443712.179404675960541 ], [ 411899.226357856474351, 1443707.137880560476333 ], [ 411899.09697286633309, 1443702.08358273585327 ], [ 411897.557697146141436, 1443681.915455611189827 ], [ 411896.944672183890361, 1443677.04713279590942 ], [ 411895.85742002382176, 1443672.262339239241555 ], [ 411894.306411498633679, 1443667.607155119068921 ], [ 411892.30658366822172, 1443663.126412402838469 ], [ 411889.877195967826992, 1443658.863263092702255 ], [ 411887.041644729091786, 1443654.858763647032902 ], [ 411884.137293460022192, 1443651.509077184600756 ], [ 411885.417758824361954, 1443649.578077935613692 ], [ 411887.715580079588108, 1443645.242598248412833 ], [ 411889.577385376498569, 1443640.702769212424755 ], [ 411890.98524451238336, 1443636.002311863237992 ], [ 411891.925599034060724, 1443631.186494174413383 ], [ 411892.389392813493032, 1443626.301695102825761 ], [ 411892.372159263002686, 1443621.394957934040576 ], [ 411892.064960312680341, 1443615.560015670023859 ], [ 411929.134412422310561, 1443615.023458517389372 ], [ 412041.423337807122152, 1443638.861054308246821 ], [ 412052.895168686343823, 1443641.300113084260374 ], [ 412054.554639319423586, 1443641.623713329201564 ], [ 412059.303289230330847, 1443642.466632319381461 ], [ 412058.436367281770799, 1443709.366435349453241 ], [ 412056.959499824792147, 1443774.525154494447634 ], [ 412057.065541359130293, 1443779.103994926204905 ], [ 412057.590125884802546, 1443783.653921912424266 ], [ 412058.528851712704636, 1443788.136757881613448 ], [ 412059.873842173023149, 1443792.514888209523633 ], [ 412061.613811706600245, 1443796.751576837152243 ], [ 412064.335289116890635, 1443802.600428060628474 ], [ 412017.372621145448647, 1443810.841736396076158 ], [ 411991.953964956512209, 1443812.45588253880851 ], [ 411991.375223093666136, 1443796.753448722418398 ], [ 411990.954115320229903, 1443791.86478480650112 ], [ 411990.055862438748591, 1443787.040936923353001 ], [ 411988.68911511549959, 1443782.328361365012825 ], [ 411986.867035874340218, 1443777.772442810237408 ], [ 411984.607172334450297, 1443773.41705724527128 ], [ 411981.931288217136171, 1443769.304149413714185 ] ], [ [ 411941.510644996131305, 1443364.209760575089604 ], [ 411942.526096087123733, 1443371.155326129868627 ], [ 411888.980956509069074, 1443367.457805736456066 ], [ 411911.642561278655194, 1443365.613239022670314 ], [ 411941.510644996131305, 1443364.209760575089604 ] ], [ [ 412071.294834911066573, 1443062.018818372162059 ], [ 412069.509996373264585, 1443062.181099589914083 ], [ 412068.427921163267456, 1443032.204930484062061 ], [ 412069.79511391336564, 1443032.541434315033257 ], [ 412069.839148481900338, 1443033.201583416666836 ], [ 412071.294834911066573, 1443062.018818372162059 ] ], [ [ 411949.390944079379551, 1443497.437822780571878 ], [ 411943.914054634340573, 1443497.070779053261504 ], [ 411887.612147253239527, 1443496.395269483560696 ], [ 411888.851237675175071, 1443467.686989135108888 ], [ 412011.069629855337553, 1443476.126690685516223 ], [ 412009.078439961536787, 1443511.209159628953785 ], [ 411954.79459406028036, 1443498.403020156547427 ], [ 411949.390944079379551, 1443497.437822780571878 ] ], [ [ 412146.948178573977202, 1444513.827314817579463 ], [ 412151.2446469773422, 1444516.197278087027371 ], [ 412155.324212232779246, 1444517.950541584286839 ], [ 412151.071889713522978, 1444519.595948013477027 ], [ 412150.918999532179441, 1444519.672020416939631 ], [ 412128.685524511383846, 1444519.346541999373585 ], [ 412127.178945157269482, 1444510.321855762740597 ], [ 412130.294185888778884, 1444496.881181281292811 ], [ 412132.6671663573361, 1444500.536151305306703 ], [ 412135.729639898752794, 1444504.369899138342589 ], [ 412139.153139792382717, 1444507.885011528618634 ], [ 412142.904695862729568, 1444511.047636022791266 ], [ 412146.948178573977202, 1444513.827314817579463 ] ], [ [ 412387.594298552139662, 1443326.643894102657214 ], [ 412370.69697867979994, 1443326.787171470932662 ], [ 412370.672016754280776, 1443323.968385522719473 ], [ 412370.720153074362315, 1443323.481464997632429 ], [ 412404.384667672158685, 1443327.146695512346923 ], [ 412389.639307427278254, 1443326.668381981318817 ], [ 412387.594298552139662, 1443326.643894102657214 ] ], [ [ 412818.571685185364913, 1443717.118764469632879 ], [ 412811.360280141234398, 1443720.667145634768531 ], [ 412806.156743692874443, 1443710.33480617729947 ], [ 412813.024944338772912, 1443706.544961919775233 ], [ 412818.571685185364913, 1443717.118764469632879 ] ], [ [ 412729.391464172687847, 1443090.070587350055575 ], [ 412730.240025260136463, 1443090.751250898465514 ], [ 412730.745230985048693, 1443104.165639936458319 ], [ 412730.797465222422034, 1443105.243281716480851 ], [ 412732.507555193675216, 1443134.085319767938927 ], [ 412725.117529177980032, 1443134.77590427082032 ], [ 412720.26452067802893, 1443099.024560780031607 ], [ 412718.53816044452833, 1443076.248841570690274 ], [ 412719.956759516499005, 1443078.832942161243409 ], [ 412722.728253894834779, 1443082.882039041956887 ], [ 412725.883283667382784, 1443086.639984461013228 ], [ 412729.391464172687847, 1443090.070587350055575 ] ], [ [ 412509.618294800282456, 1444056.22290321951732 ], [ 412504.907036687422078, 1444054.851621471345425 ], [ 412500.084055454586633, 1444053.948726866859943 ], [ 412495.195799047476612, 1444053.522914775181562 ], [ 412490.289344047545455, 1444053.578285999363288 ], [ 412487.506844171090052, 1444053.884079787880182 ], [ 412487.500325394503307, 1444053.453714173519984 ], [ 412487.543266980734188, 1444052.477013611234725 ], [ 412487.46318955469178, 1444051.002028895774856 ], [ 412487.44081752828788, 1444049.525041490327567 ], [ 412487.330267198209185, 1444048.553667930886149 ], [ 412487.27726861287374, 1444047.577461437089369 ], [ 412487.053002997592557, 1444046.117428136058152 ], [ 412486.88596861687256, 1444044.649745671078563 ], [ 412486.680739358358551, 1444043.693885368062183 ], [ 412486.532311006798409, 1444042.727574345190078 ], [ 412485.465940971509553, 1444037.507214636076242 ], [ 412532.158189765585121, 1444038.513882907340303 ], [ 412573.690309725643601, 1444057.493909567128867 ], [ 412576.392925970372744, 1444060.225582375656813 ], [ 412565.208161554241087, 1444072.131622413406149 ], [ 412564.030881796439644, 1444072.284627922344953 ], [ 412537.434206580626778, 1444074.14604403777048 ], [ 412533.332324579707347, 1444073.549621592042968 ], [ 412533.127831196645275, 1444073.25092826411128 ], [ 412529.9724065605551, 1444069.493314392864704 ], [ 412526.463865590456408, 1444066.063080158783123 ], [ 412522.635997453820892, 1444062.993260592920706 ], [ 412518.525666613364592, 1444060.313419735524803 ], [ 412514.172457801993005, 1444058.049365919083357 ], [ 412509.618294800282456, 1444056.22290321951732 ] ], [ [ 412579.471375715744216, 1443342.610448355320841 ], [ 412579.498361924721394, 1443343.031250042142347 ], [ 412579.826634433760773, 1443345.037124401889741 ], [ 412580.121057119336911, 1443347.048245993675664 ], [ 412580.222737302654423, 1443347.457468983018771 ], [ 412580.290839343739208, 1443347.87359928409569 ], [ 412580.814141199633013, 1443349.837638478260487 ], [ 412581.304270546650514, 1443351.810217499732971 ], [ 412581.445571979333181, 1443352.20750356791541 ], [ 412581.554133992525749, 1443352.614954920252785 ], [ 412582.26742551184725, 1443354.518244176404551 ], [ 412582.948541307298001, 1443356.43328361492604 ], [ 412583.128103179333266, 1443356.814806679962203 ], [ 412583.276079653005581, 1443357.209655104205012 ], [ 412584.172491448640358, 1443359.033864706987515 ], [ 412585.038034174940549, 1443360.872921685222536 ], [ 412585.254127207153942, 1443361.235007470939308 ], [ 412585.440093047218397, 1443361.613450361648574 ], [ 412586.510992184397765, 1443363.341012177057564 ], [ 412587.552626191056333, 1443365.08637556899339 ], [ 412587.803169289545622, 1443365.425536991562694 ], [ 412588.025333543191664, 1443365.783929736586288 ], [ 412589.26040667667985, 1443367.398206397891045 ], [ 412590.468100459955167, 1443369.033067402429879 ], [ 412590.750680757628288, 1443369.346038151998073 ], [ 412591.006903861649334, 1443369.680929233087227 ], [ 412592.394256564497482, 1443371.166374376509339 ], [ 412593.756379370577633, 1443372.674988385057077 ], [ 412594.068275464233011, 1443372.9587543818634 ], [ 412594.356089850654826, 1443373.266918615438044 ], [ 412595.882361155119725, 1443374.609226589091122 ], [ 412597.38579499948537, 1443375.97706482745707 ], [ 412597.724003160663415, 1443376.228893250925466 ], [ 412598.040637018159032, 1443376.507362845586613 ], [ 412600.877790249185637, 1443378.765601746505126 ], [ 412605.217040015733801, 1443381.856665062485263 ], [ 412609.86055070522707, 1443384.468478500843048 ], [ 412614.755602198711131, 1443386.571388826239854 ], [ 412619.846618507581297, 1443388.141520636854693 ], [ 412623.85081448010169, 1443389.146298066480085 ], [ 412627.82369305746397, 1443389.973432346014306 ], [ 412631.850562672654632, 1443390.475663775810972 ], [ 412634.841074258845765, 1443390.725915901130065 ], [ 412634.804422508226708, 1443399.103030351223424 ], [ 412635.023741729150061, 1443404.004893845645711 ], [ 412635.722471510060132, 1443408.861656484659761 ], [ 412636.89388270128984, 1443413.62654498917982 ], [ 412638.526693972584326, 1443418.253670878009871 ], [ 412638.909434843924828, 1443419.072154528694227 ], [ 412637.265498850203585, 1443422.471189939184114 ], [ 412635.57235587190371, 1443427.076581724220887 ], [ 412634.338773172639776, 1443431.825754321878776 ], [ 412633.576630828261841, 1443436.672970604151487 ], [ 412633.293268686102238, 1443441.571549228159711 ], [ 412633.457722033490427, 1443445.640629975125194 ], [ 412616.97587716137059, 1443446.530243096174672 ], [ 412606.79374514403753, 1443424.756281348643824 ], [ 412604.128865426697303, 1443417.712629861431196 ], [ 412603.419279212073889, 1443416.083495303755626 ], [ 412602.754077690653503, 1443414.435739573091269 ], [ 412590.669414748437703, 1443388.277942976448685 ], [ 412570.886876358126756, 1443343.622059630928561 ], [ 412570.210524909023661, 1443342.159417827613652 ], [ 412568.372218594886363, 1443338.346512061078101 ], [ 412579.088266233447939, 1443338.85875355033204 ], [ 412579.410296017420478, 1443342.193229485535994 ], [ 412579.471375715744216, 1443342.610448355320841 ] ], [ [ 413345.434180915239267, 1443475.780103284167126 ], [ 413345.89950475061778, 1443480.664756840793416 ], [ 413346.841367697634269, 1443485.480279743671417 ], [ 413348.250699101248756, 1443490.180295874830335 ], [ 413350.113926329649985, 1443494.719541509868577 ], [ 413352.413105486077257, 1443499.054301231633872 ], [ 413355.126094218343496, 1443503.142828934360296 ], [ 413358.226764961960725, 1443506.945749861653894 ], [ 413359.354022112675011, 1443508.080242317402735 ], [ 413355.45075727882795, 1443507.849098156904802 ], [ 413353.142275452613831, 1443507.928836850216612 ], [ 413351.243674821336754, 1443502.693792298436165 ], [ 413321.77363786904607, 1443416.3737421866972 ], [ 413309.790336548583582, 1443377.110051129944623 ], [ 413306.498045857530087, 1443362.926829774864018 ], [ 413340.128672404040117, 1443361.155300353420898 ], [ 413340.212719890114386, 1443362.073930992512032 ], [ 413345.434180915239267, 1443475.780103284167126 ] ] ], [ [ [ 418685.781154952244833, 1444272.668543178355321 ], [ 418643.822886789334007, 1444183.955238717375323 ], [ 418593.371234743506648, 1444099.781742523889989 ], [ 418534.91207580367336, 1444020.958691379753873 ], [ 418469.008403627492953, 1443948.245194356888533 ], [ 418396.294906604627613, 1443882.341522180708125 ], [ 418317.471855460549705, 1443823.882363240933046 ], [ 418233.298359266947955, 1443773.430711195105687 ], [ 418144.585054806026164, 1443731.472443032078445 ], [ 418052.186299695400521, 1443698.411639811238274 ], [ 417956.991944457113277, 1443674.566695140209049 ], [ 417859.918762770539615, 1443660.167248871177435 ], [ 417761.901622440956999, 1443655.351975543424487 ], [ 417663.884482111374382, 1443660.167248871177435 ], [ 417566.81130042480072, 1443674.566695140209049 ], [ 417471.616945186513476, 1443698.411639811238274 ], [ 417379.218190075887833, 1443731.472443032078445 ], [ 417290.504885614966042, 1443773.430711195105687 ], [ 417235.774627933336888, 1443806.234765223925933 ], [ 417238.288589899253566, 1443805.359637420857325 ], [ 417242.742182912188582, 1443803.300055930856615 ], [ 417244.114920065097976, 1443802.493278581881896 ], [ 417243.549989660037681, 1443803.503354736370966 ], [ 417241.586114637146238, 1443807.999971412820742 ], [ 417240.072441717027687, 1443812.667429064400494 ], [ 417239.023548397410195, 1443817.460777522763237 ], [ 417238.449536094267387, 1443822.333854221738875 ], [ 417238.373660007549915, 1443826.310624526115134 ], [ 417203.103822794742882, 1443826.416846488369629 ], [ 417203.105671647004783, 1443826.274718590313569 ], [ 417127.508338277286384, 1443882.341522180708125 ], [ 417073.698056263558101, 1443931.112318947911263 ], [ 417101.957357244915329, 1443931.464391812682152 ], [ 417101.175920912239235, 1444025.546147412387654 ], [ 417097.672591757494956, 1444027.941758794477209 ], [ 417056.586891228624154, 1444026.163022776832804 ], [ 417055.908730876864865, 1444026.161678293719888 ], [ 417056.667753601621371, 1443946.547685553086922 ], [ 417054.794841254421044, 1443948.245194356888533 ], [ 416988.891169078240637, 1444020.958691379753873 ], [ 416930.43201013840735, 1444099.781742523889989 ], [ 416879.980358092579991, 1444183.955238717375323 ], [ 416847.012519204348791, 1444253.659877558937296 ], [ 416880.412937144283205, 1444253.990958201000467 ], [ 416880.107561253767926, 1444271.487118859076872 ], [ 416844.352997140376829, 1444271.086160205071792 ], [ 416839.449748455313966, 1444271.271953023038805 ], [ 416838.629521397000644, 1444271.384237246355042 ], [ 416838.022089929669164, 1444272.668543178355321 ], [ 416804.961286708770785, 1444365.067298288922757 ], [ 416781.11634203774156, 1444460.261653527384624 ], [ 416766.716895768768154, 1444557.33483521384187 ], [ 416761.901622440956999, 1444655.351975543424487 ], [ 416766.716895768768154, 1444753.369115873007104 ], [ 416781.11634203774156, 1444850.44229755946435 ], [ 416804.961286708770785, 1444945.636652797926217 ], [ 416838.022089929669164, 1445038.035407908493653 ], [ 416856.055398647964466, 1445076.163635712116957 ], [ 416905.432055798009969, 1445055.680656868498772 ], [ 416909.735089498281013, 1445053.65054456749931 ], [ 416913.825679277593736, 1445051.220620651263744 ], [ 416917.666784919041675, 1445048.41288803727366 ], [ 416921.223625280312262, 1445045.252770693507046 ], [ 416924.463993235840462, 1445041.768883425975218 ], [ 416925.515646982064936, 1445040.396941215964034 ], [ 416937.511611303314567, 1445034.957760198740289 ], [ 416937.962738173373509, 1445038.143487425521016 ], [ 416939.123599244689103, 1445042.910957216983661 ], [ 416940.746164208161645, 1445047.541686055716127 ], [ 416942.814806876354851, 1445051.991077491780743 ], [ 416945.309605089365505, 1445056.216281453147531 ], [ 416948.206532576703466, 1445060.176606916124001 ], [ 416951.477690343046561, 1445063.833913781214505 ], [ 416955.09157535090344, 1445067.152980184648186 ], [ 416959.013383912038989, 1445070.101841701893136 ], [ 416963.205346866161563, 1445072.652099184924737 ], [ 416967.627093318500556, 1445074.779192260233685 ], [ 416972.236039433570113, 1445076.462635858217254 ], [ 416976.987798540678341, 1445077.686217497102916 ], [ 416981.836608602083288, 1445078.438153416616842 ], [ 416986.735772926302161, 1445078.711202063132077 ], [ 416991.638109882711433, 1445078.502733828499913 ], [ 416996.496407286555041, 1445077.81475637620315 ], [ 417001.263877077959478, 1445076.65389530477114 ], [ 417004.867278701218311, 1445075.391296386253089 ], [ 417006.541405139432754, 1445077.14258297928609 ], [ 417006.805802482529543, 1445078.749419799074531 ], [ 417008.073204270098358, 1445083.489679216872901 ], [ 417009.799129844177514, 1445088.082885891199112 ], [ 417010.338454830809496, 1445089.17802124726586 ], [ 417009.690012552193366, 1445092.908579239621758 ], [ 417009.327610703534447, 1445097.801945314276963 ], [ 417009.446587667975109, 1445102.707270086510107 ], [ 417010.045797632425092, 1445107.577312597306445 ], [ 417011.119469877274241, 1445112.365171675104648 ], [ 417012.657264351961203, 1445117.024737619794905 ], [ 417014.644371255009901, 1445121.511136264074594 ], [ 417017.061653660610318, 1445125.781161136459559 ], [ 417019.885831817868166, 1445129.793689563171938 ], [ 417023.089707347273361, 1445133.510078701889142 ], [ 417026.642425176047254, 1445136.894537693820894 ], [ 417030.50977068929933, 1445139.914472348755226 ], [ 417034.654499235795811, 1445142.540799045003951 ], [ 417039.036694813752547, 1445144.748224820708856 ], [ 417043.614154484239407, 1445146.515490959165618 ], [ 417048.342794808384497, 1445147.825577721232548 ], [ 417053.177076394902542, 1445148.66586825507693 ], [ 417058.070442469383124, 1445149.028270103735849 ], [ 417058.645478912454564, 1445149.014322792645544 ], [ 417059.979505489813164, 1445165.615568171488121 ], [ 417060.602074610884301, 1445170.425888579105958 ], [ 417061.68780854443321, 1445175.153251116396859 ], [ 417063.226489763415884, 1445179.753167946124449 ], [ 417064.177111879340373, 1445182.194486928870901 ], [ 417066.118098700651899, 1445186.552050046855584 ], [ 417068.2701944289729, 1445190.359270779183134 ], [ 417013.071515529241879, 1445191.047860569320619 ], [ 417008.161961705831345, 1445191.351081474684179 ], [ 417003.30596007121494, 1445192.135243312222883 ], [ 416998.55050829454558, 1445193.392756756395102 ], [ 416993.941630896646529, 1445195.111451259115711 ], [ 416989.523933812743053, 1445197.274692840175703 ], [ 416985.340172684576828, 1445199.861545074963942 ], [ 416981.430839059466962, 1445202.846971722785383 ], [ 416977.83376850298373, 1445206.202079034876078 ], [ 416974.583774416008964, 1445209.89439539401792 ], [ 416971.712311101495288, 1445213.888185585848987 ], [ 416969.24716934125172, 1445218.144796651555225 ], [ 416967.212207429809496, 1445222.623031982686371 ], [ 416965.627120267075952, 1445227.279550032690167 ], [ 416964.507248746114783, 1445232.069283787161112 ], [ 416963.863431279896758, 1445236.945876935496926 ], [ 416963.701898904284462, 1445241.862132518086582 ], [ 416963.934834718354978, 1445256.095538170076907 ], [ 416988.891169078240637, 1445289.745259707095101 ], [ 417054.794841254421044, 1445362.458756729960442 ], [ 417127.508338277286384, 1445428.362428906140849 ], [ 417184.266089728509542, 1445470.456846275134012 ], [ 417194.008797830552794, 1445470.181573591195047 ], [ 417194.073734436009545, 1445470.17654174240306 ], [ 417194.138854872435331, 1445470.177729566348717 ], [ 417195.463251678214874, 1445470.136860297992826 ], [ 417196.091818916029297, 1445477.152185788843781 ], [ 417196.221887086168863, 1445479.323869916377589 ], [ 417206.331389421364293, 1445486.821587845915928 ], [ 417290.504885614966042, 1445537.273239891743287 ], [ 417312.436561981274281, 1445547.646150289336219 ], [ 417328.464503077091649, 1445552.137646064627916 ], [ 417326.328316269791685, 1445554.216460742987692 ], [ 417379.218190075887833, 1445579.231508054770529 ], [ 417471.616945186513476, 1445612.2923112756107 ], [ 417566.81130042480072, 1445636.137255946639925 ], [ 417663.884482111374382, 1445650.536702215671539 ], [ 417761.901622440956999, 1445655.351975543424487 ], [ 417859.918762770539615, 1445650.536702215671539 ], [ 417956.991944457113277, 1445636.137255946639925 ], [ 418052.186299695400521, 1445612.2923112756107 ], [ 418144.585054806026164, 1445579.231508054770529 ], [ 418233.298359266947955, 1445537.273239891743287 ], [ 418317.471855460549705, 1445486.821587845915928 ], [ 418396.294906604627613, 1445428.362428906140849 ], [ 418469.008403627492953, 1445362.458756729960442 ], [ 418534.91207580367336, 1445289.745259707095101 ], [ 418593.371234743506648, 1445210.922208562958986 ], [ 418643.822886789334007, 1445126.748712369473651 ], [ 418685.781154952244833, 1445038.035407908493653 ], [ 418703.210032431466971, 1444989.324958519311622 ], [ 418667.858280107786413, 1445007.740225917892531 ], [ 418670.805153961118776, 1445004.011103926459327 ], [ 418673.436644069850445, 1444999.918256014585495 ], [ 418675.657844542060047, 1444995.58900519204326 ], [ 418677.447719592542853, 1444991.064351445762441 ], [ 418678.789318285416812, 1444986.387145317159593 ], [ 418679.669935067009646, 1444981.601682089269161 ], [ 418680.081230093433987, 1444976.753282289020717 ], [ 418681.363404057337902, 1444941.104272748343647 ], [ 418681.34344536671415, 1444939.585003041429445 ], [ 418681.380308092630003, 1444938.066049477551132 ], [ 418680.855667367286514, 1444916.935675021028146 ], [ 418681.337775238906033, 1444915.937182638095692 ], [ 418684.425205169478431, 1444915.543537581106648 ], [ 418689.208304290426895, 1444914.448855235241354 ], [ 418693.861073848616797, 1444912.890618386445567 ], [ 418698.338705129746813, 1444910.883833707077429 ], [ 418702.598076096910518, 1444908.44782763090916 ], [ 418706.598166679264978, 1444905.606060228077695 ], [ 418710.300453817821108, 1444902.385899272048846 ], [ 418713.66928246349562, 1444898.81835667300038 ], [ 418716.672208954929374, 1444894.937789816875011 ], [ 418719.280313468421809, 1444890.78157068323344 ], [ 418721.468478531809524, 1444886.38972593494691 ], [ 418723.215630919265095, 1444881.804551437264308 ], [ 418724.504944598244037, 1444877.070204927353188 ], [ 418725.324002773268148, 1444872.232280750060454 ], [ 418725.664917466288898, 1444867.337370759807527 ], [ 418725.524405482457951, 1444862.432615616125986 ], [ 418724.90382002905244, 1444857.565250791609287 ], [ 418723.809137683187146, 1444852.782151670660824 ], [ 418704.086919313762337, 1444782.634420461254194 ], [ 418728.192432550131343, 1444778.36075116484426 ], [ 418729.810323163110297, 1444788.585825648857281 ], [ 418736.555099458608311, 1444849.706843470456079 ], [ 418736.721822688123211, 1444851.050542022334412 ], [ 418738.785202335275244, 1444866.018759128171951 ], [ 418742.686902844172437, 1444850.44229755946435 ], [ 418757.086349113145843, 1444753.369115873007104 ], [ 418761.901622440956999, 1444655.351975543424487 ], [ 418757.086349113145843, 1444557.33483521384187 ], [ 418742.686902844172437, 1444460.261653527384624 ], [ 418718.841958173143212, 1444365.067298288922757 ], [ 418685.781154952244833, 1444272.668543178355321 ] ], [ [ 418601.102860588638578, 1444693.407341081649065 ], [ 418600.22631811350584, 1444688.579500992316753 ], [ 418599.5734653903055, 1444686.289998343912885 ], [ 418600.23994834406767, 1444686.134412875864655 ], [ 418604.994359006115701, 1444684.506517300149426 ], [ 418609.561346436967142, 1444682.409593230113387 ], [ 418613.894775907450821, 1444679.864823344163597 ], [ 418617.950872040819377, 1444676.897914362605661 ], [ 418621.688661022344604, 1444673.53883736464195 ], [ 418625.070384508057032, 1444669.821525027044117 ], [ 418628.061881051282398, 1444665.783528843196109 ], [ 418630.632931194384582, 1444661.46563978609629 ], [ 418632.757562739367131, 1444656.911476246314123 ], [ 418634.414313113200478, 1444652.167043409077451 ], [ 418635.58644617832033, 1444647.280268518952653 ], [ 418636.262121297477279, 1444642.300516729708761 ], [ 418636.434512945299502, 1444637.278092427877709 ], [ 418636.101879658177495, 1444632.263731068233028 ], [ 418635.267581626423635, 1444627.308086655801162 ], [ 418629.613362500385847, 1444601.669867772143334 ], [ 418698.220906257163733, 1444583.055896440055221 ], [ 418697.980346908268984, 1444585.911914275493473 ], [ 418697.80704382492695, 1444590.667203739983961 ], [ 418698.086568706028629, 1444595.417432964779437 ], [ 418698.816389859770425, 1444600.119578531710431 ], [ 418700.094778907252476, 1444606.375161443371326 ], [ 418699.305340338207316, 1444608.498918350785971 ], [ 418698.054742430336773, 1444613.243638733634725 ], [ 418697.572735702153295, 1444616.2391783001367 ], [ 418678.974159965116996, 1444619.841195573564619 ], [ 418674.129151469969656, 1444621.033110022544861 ], [ 418669.427058228640817, 1444622.701967871747911 ], [ 418664.914703248126898, 1444624.831150790443644 ], [ 418660.6370201393147, 1444627.399456572951749 ], [ 418656.636605672654696, 1444630.381310269236565 ], [ 418655.830272189807147, 1444631.118115880759433 ], [ 418655.218698415381368, 1444631.471233241492882 ], [ 418651.230336671986151, 1444634.329438490094617 ], [ 418647.54133308539167, 1444637.564808511873707 ], [ 418644.187214776873589, 1444641.146184924757108 ], [ 418641.200283739191946, 1444645.039077116409317 ], [ 418638.609305751102511, 1444649.205994406715035 ], [ 418636.439233347016852, 1444653.606807104311883 ], [ 418634.710965510457754, 1444658.199132977286354 ], [ 418633.441146405413747, 1444662.938745417166501 ], [ 418632.642005084082484, 1444667.779999365098774 ], [ 418632.321237714204472, 1444672.676270898897201 ], [ 418632.481933460920118, 1444677.580406247405335 ], [ 418633.122544736368582, 1444682.44517590617761 ], [ 418634.162236580217723, 1444688.158146652393043 ], [ 418621.111447172646876, 1444690.471031751483679 ], [ 418609.933389185869601, 1444692.412818703567609 ], [ 418601.146029957511928, 1444693.936317713465542 ], [ 418601.102860588638578, 1444693.407341081649065 ] ], [ [ 418614.691944412828889, 1444475.97693526209332 ], [ 418618.756741692253854, 1444473.86518035386689 ], [ 418618.931618348229676, 1444473.752895381534472 ], [ 418621.63712658197619, 1444472.931163256056607 ], [ 418628.618622474081349, 1444498.324618481332436 ], [ 418589.265888549620286, 1444509.001442355103791 ], [ 418589.149293382535689, 1444506.37966567510739 ], [ 418587.286301204003394, 1444485.945752868428826 ], [ 418610.450944824144244, 1444477.707833354128525 ], [ 418614.691944412828889, 1444475.97693526209332 ] ], [ [ 418184.495353210309986, 1444911.015599715989083 ], [ 418169.145113841397688, 1444901.350757211213931 ], [ 418162.252176052192226, 1444896.715041327057406 ], [ 418147.531138852646109, 1444886.163693389156833 ], [ 418140.680047921021469, 1444880.927954287501052 ], [ 418125.378742841421627, 1444868.797544865170494 ], [ 418124.854305508371908, 1444868.387442891253158 ], [ 418116.812674449756742, 1444862.184840113623068 ], [ 418115.968431335699279, 1444861.547792188124731 ], [ 418107.775470626482274, 1444855.500478002708405 ], [ 418106.998417788243387, 1444854.938358863117173 ], [ 418098.686653405427933, 1444849.04623639001511 ], [ 418097.838238818629179, 1444848.457870734389871 ], [ 418089.39686181396246, 1444842.732031977036968 ], [ 418088.587582957698032, 1444842.194498342229053 ], [ 418080.038277372135781, 1444836.634878731332719 ], [ 418078.730216076772194, 1444835.812718515982851 ], [ 418061.329668463964481, 1444825.247370211873204 ], [ 418060.070108989428263, 1444824.507548523833975 ], [ 418051.197084170475136, 1444819.468706082785502 ], [ 418050.311730556655675, 1444818.977715146029368 ], [ 418041.352527512935922, 1444814.127146665472537 ], [ 418040.023713711125311, 1444813.433272794354707 ], [ 418035.300511492416263, 1444811.056352885672823 ], [ 418036.237411840294953, 1444810.649333858629689 ], [ 418037.15287800290389, 1444810.201601934386417 ], [ 418103.661935423675459, 1444835.318243196466938 ], [ 418107.767469324287958, 1444836.668991364073008 ], [ 418111.974315342493355, 1444837.660140092018992 ], [ 418116.251040043891408, 1444838.284283544868231 ], [ 418120.252999156888109, 1444838.692622210131958 ], [ 418124.877375154232141, 1444838.948850205633789 ], [ 418129.505620882089715, 1444838.776085531339049 ], [ 418134.098025055194739, 1444838.17581054312177 ], [ 418138.615183915826492, 1444837.153175721643493 ], [ 418143.018339326488785, 1444835.716955480864272 ], [ 418147.269711322325747, 1444833.879472881322727 ], [ 418151.33282227080781, 1444831.656493895687163 ], [ 418154.226130509341601, 1444829.894691128982231 ], [ 418155.078684085572604, 1444830.0740396741312 ], [ 418159.956241847539786, 1444830.608639447251335 ], [ 418164.862712776754051, 1444830.662580712931231 ], [ 418169.750844875932671, 1444830.235343987122178 ], [ 418174.573562760895584, 1444829.331043792888522 ], [ 418179.284421021991875, 1444827.958389035658911 ], [ 418183.838051519007422, 1444826.130599131109193 ], [ 418188.190600300964434, 1444823.865276694996282 ], [ 418192.300149943737779, 1444821.184238020796329 ], [ 418196.127123237820342, 1444818.113302976591513 ], [ 418197.983668254222721, 1444816.297135406173766 ], [ 418197.779571274120826, 1444818.095065305242315 ], [ 418197.714265138085466, 1444823.090651152655482 ], [ 418198.14782187360106, 1444828.067816149443388 ], [ 418199.075912825588603, 1444832.976867996156216 ], [ 418200.489271880884189, 1444837.768794438568875 ], [ 418202.373787981865462, 1444842.395752609474584 ], [ 418204.710646012215875, 1444846.811546693788841 ], [ 418207.476514647773001, 1444850.972089151153341 ], [ 418210.643779297999572, 1444854.835840888088569 ], [ 418214.180817811749876, 1444858.364225986413658 ], [ 418218.052316194283776, 1444861.522016847506166 ], [ 418222.219621184631251, 1444864.277685907203704 ], [ 418270.82346366380807, 1444893.03490839060396 ], [ 418274.54690508171916, 1444895.478150499518961 ], [ 418294.39801128488034, 1444908.784484216710553 ], [ 418337.205533802800346, 1444953.368430173490196 ], [ 418340.773489759129006, 1444956.73682102560997 ], [ 418344.654425071086735, 1444959.739271315513179 ], [ 418348.810964210133534, 1444962.346865805564448 ], [ 418353.20307743223384, 1444964.53449193527922 ], [ 418357.788466286030598, 1444966.281081669265404 ], [ 418362.522970970196184, 1444967.569814393529668 ], [ 418367.360995616531, 1444968.388278907397762 ], [ 418372.255947402911261, 1444968.728592950152233 ], [ 418377.160685267823283, 1444968.587479111971334 ], [ 418382.027973904449027, 1444967.966296395519748 ], [ 418386.810938662441913, 1444966.871027130633593 ], [ 418391.463516976509709, 1444965.312219358514994 ], [ 418395.940901974216104, 1444963.304885250516236 ], [ 418400.199973990442231, 1444960.868356531253085 ], [ 418404.199715833354276, 1444958.02609830419533 ], [ 418407.901607802545186, 1444954.805483069736511 ], [ 418411.269998654723167, 1444951.237527113640681 ], [ 418414.272448944626376, 1444947.356591801624745 ], [ 418416.880043434619438, 1444943.200052662519738 ], [ 418419.06766956433421, 1444938.807939440477639 ], [ 418420.814259298262186, 1444934.222550586564466 ], [ 418422.10299202252645, 1444929.488045902457088 ], [ 418422.921456536452752, 1444924.65002125618048 ], [ 418423.261770579323638, 1444919.755069469800219 ], [ 418423.120656740909908, 1444914.850331604713574 ], [ 418422.499474024632946, 1444909.983042968204245 ], [ 418421.404204759572167, 1444905.200078210327774 ], [ 418419.845396987569984, 1444900.547499896027148 ], [ 418417.838062879513018, 1444896.070114898495376 ], [ 418415.401534160191659, 1444891.811042882269248 ], [ 418412.559275933192112, 1444887.811301039298996 ], [ 418409.338660698907916, 1444884.109409070108086 ], [ 418396.611966464901343, 1444870.854583409614861 ], [ 418398.753477050282527, 1444869.343356308992952 ], [ 418400.495636735518929, 1444868.0565294791013 ], [ 418413.88740998407593, 1444857.709150776034221 ], [ 418417.618290953047108, 1444854.522162568522617 ], [ 418421.018827240040991, 1444850.984830297064036 ], [ 418424.056269821710885, 1444847.131220404757187 ], [ 418426.701366465480532, 1444842.998445261502638 ], [ 418426.824801312410273, 1444842.756142945261672 ], [ 418427.882882600417361, 1444842.73552732495591 ], [ 418474.571576188376639, 1444839.26953849173151 ], [ 418474.984489758440759, 1444841.35869351727888 ], [ 418471.186550632352009, 1444859.015879677142948 ], [ 418470.311493836110458, 1444864.6073333772365 ], [ 418468.027251187595539, 1444887.695576591882855 ], [ 418467.787585335026961, 1444893.189016731223091 ], [ 418468.152586575364694, 1444898.675554654095322 ], [ 418469.897195097175427, 1444912.970493415603414 ], [ 418470.706659031042363, 1444917.701445026090369 ], [ 418471.966013125318568, 1444922.332984971581027 ], [ 418473.663652615970932, 1444926.822434287518263 ], [ 418475.783934002858587, 1444931.128423354122788 ], [ 418478.307319202693179, 1444935.211273110471666 ], [ 418481.210555589117575, 1444939.033360692672431 ], [ 418487.434238296176773, 1444946.458037073956802 ], [ 418488.448259689030237, 1444947.630336657399312 ], [ 418500.708017210708931, 1444961.367472728714347 ], [ 418511.088577162881847, 1444974.009945776779205 ], [ 418513.836524388403632, 1444977.08833797625266 ], [ 418516.828954516269732, 1444979.929653590079397 ], [ 418520.045485850598197, 1444982.514540176140144 ], [ 418550.784870802890509, 1445005.195200491929427 ], [ 418554.727804168593138, 1445007.825273905182257 ], [ 418567.261827258917037, 1445015.352915228810161 ], [ 418571.498305729357526, 1445017.627534206956625 ], [ 418575.933690254227258, 1445019.484684024006128 ], [ 418584.540689698187634, 1445022.611172620672733 ], [ 418589.164663990377448, 1445024.041579769458622 ], [ 418593.905278783640824, 1445025.018193433061242 ], [ 418598.718110340181738, 1445025.531861881026998 ], [ 418609.789728764910251, 1445026.173691093456 ], [ 418616.406177886296064, 1445026.118711884366348 ], [ 418627.598934257926885, 1445025.283030391205102 ], [ 418627.214530820085201, 1445025.423780932556838 ], [ 418619.088907577272039, 1445028.131312973797321 ], [ 418610.883508485392667, 1445030.615719442488626 ], [ 418602.638630122004542, 1445032.855689933756366 ], [ 418594.320314933254849, 1445034.861026894766837 ], [ 418585.932613137701992, 1445036.632343357661739 ], [ 418577.514195636322256, 1445038.163509560050443 ], [ 418569.077612305642106, 1445039.445497201289982 ], [ 418560.582975194149185, 1445040.485463015269488 ], [ 418552.058539767574985, 1445041.288531973725185 ], [ 418543.525729909830261, 1445041.843754192115739 ], [ 418534.963173370400909, 1445042.154000038048252 ], [ 418526.390624813328031, 1445042.226903883507475 ], [ 418517.872059630812146, 1445042.054054195526987 ], [ 418509.308760326937772, 1445041.623780077788979 ], [ 418500.768243673315737, 1445040.965988119831309 ], [ 418492.28594421868911, 1445040.055279292399064 ], [ 418483.775244764925446, 1445038.900629478739575 ], [ 418475.330138404271565, 1445037.514306322205812 ], [ 418466.950711602461524, 1445035.883621212095022 ], [ 418458.616838652756996, 1445034.016269177896902 ], [ 418450.323115409410093, 1445031.899015398928896 ], [ 418442.08227247040486, 1445029.550846232334152 ], [ 418433.923315931693651, 1445026.967780894367024 ], [ 418425.821212590846699, 1445024.151104341261089 ], [ 418417.843692676455248, 1445021.121898938203231 ], [ 418409.943100051488727, 1445017.849907420575619 ], [ 418402.109418213891331, 1445014.348544782958925 ], [ 418377.977643049089238, 1445002.722243869444355 ], [ 418373.457984448701609, 1445000.811994468094781 ], [ 418368.772852056252304, 1444999.353947451105341 ], [ 418363.96736625774065, 1444998.362144608283415 ], [ 418359.945418663264718, 1444997.936828907346353 ], [ 418219.964203054085374, 1444930.198619833681732 ], [ 418207.18967544962652, 1444923.767037823330611 ], [ 418199.524366106139496, 1444919.651172664714977 ], [ 418191.834668887255248, 1444915.341231662547216 ], [ 418184.495353210309986, 1444911.015599715989083 ] ], [ [ 417661.255536408629268, 1444650.650809813523665 ], [ 417680.481128591636661, 1444654.809321834240109 ], [ 417682.90949120093137, 1444655.212937304750085 ], [ 417682.149646448669955, 1444659.513802991015837 ], [ 417661.255536408629268, 1444650.650809813523665 ] ], [ [ 417445.87459156580735, 1444560.117896851617843 ], [ 417444.619171486585401, 1444559.647253245580941 ], [ 417435.013432318228297, 1444556.192330642603338 ], [ 417433.914649444399402, 1444555.811500082490966 ], [ 417424.255395299638622, 1444552.588994509307668 ], [ 417423.017136214766651, 1444552.193699290044606 ], [ 417413.141669093223754, 1444549.181980636902153 ], [ 417411.789638878835831, 1444548.790366713190451 ], [ 417401.904225156176835, 1444546.077292319620028 ], [ 417400.601658288680483, 1444545.738583731697872 ], [ 417390.641145799658261, 1444543.291170559125021 ], [ 417389.269928852794692, 1444542.974640036234632 ], [ 417379.223509005620144, 1444540.803980352822691 ], [ 417377.837517547945026, 1444540.524968306068331 ], [ 417367.748592352960259, 1444538.641991336131468 ], [ 417366.360556748055387, 1444538.403110736515373 ], [ 417356.239968631067313, 1444536.807783925905824 ], [ 417354.927403879293706, 1444536.618684934685007 ], [ 417344.742560236423742, 1444535.288987066363916 ], [ 417343.337687007675413, 1444535.125744614982978 ], [ 417333.110338915372267, 1444534.083729657111689 ], [ 417332.094710380770266, 1444533.994544224813581 ], [ 417330.743435391050298, 1444530.649104135809466 ], [ 417328.468666340981144, 1444526.301484970375896 ], [ 417325.778709727863315, 1444522.197767136618495 ], [ 417322.699471304309554, 1444518.377471680752933 ], [ 417321.256696760421619, 1444516.909013965167105 ], [ 417322.543194287107326, 1444515.44490227336064 ], [ 417325.405131206440274, 1444511.459217425202951 ], [ 417327.862621686188504, 1444507.212205866351724 ], [ 417329.891998749575578, 1444502.74476863979362 ], [ 417331.473718386201654, 1444498.099929608171806 ], [ 417335.568661191558931, 1444483.812474014703184 ], [ 417354.152443219791166, 1444487.040809105383232 ], [ 417355.827524089079816, 1444487.302625653799623 ], [ 417415.594334023771808, 1444495.608771030092612 ], [ 417452.314150546735618, 1444501.269194229738787 ], [ 417455.417630254407413, 1444501.648690299130976 ], [ 417496.358156361966394, 1444505.360064339824021 ], [ 417496.153028314234689, 1444507.066233650315553 ], [ 417496.057206368306652, 1444512.092809568857774 ], [ 417496.466650787682738, 1444517.103598187444732 ], [ 417497.377221983391792, 1444522.047939135460183 ], [ 417498.779713844764046, 1444526.875843845773488 ], [ 417500.659946816042066, 1444531.538500951603055 ], [ 417502.998911254981067, 1444535.988769782241434 ], [ 417505.772959625464864, 1444540.181656967848539 ], [ 417508.954045580292586, 1444544.07477133302018 ], [ 417512.510007516713813, 1444547.628752483520657 ], [ 417516.404893738857936, 1444550.807668749941513 ], [ 417520.59932593855774, 1444553.57938046567142 ], [ 417525.050897320208605, 1444555.915864907437935 ], [ 417529.714601344487164, 1444557.793499612482265 ], [ 417534.543286756204907, 1444559.193301208084449 ], [ 417539.488134295563214, 1444560.101117337588221 ], [ 417544.499150273564737, 1444560.507769744610414 ], [ 417549.525672021263745, 1444560.409147068392485 ], [ 417551.295010034053121, 1444560.195424250792712 ], [ 417553.030355191789567, 1444560.514456566656008 ], [ 417546.475090422260109, 1444599.964509124401957 ], [ 417546.254023390705697, 1444601.868754807161167 ], [ 417503.139158794831019, 1444583.580024153692648 ], [ 417502.965328411024529, 1444583.506674377014861 ], [ 417465.946743195585441, 1444567.96846087067388 ], [ 417464.773036765283905, 1444567.493198152631521 ], [ 417445.87459156580735, 1444560.117896851617843 ] ], [ [ 417128.18232518696459, 1444567.335975390160456 ], [ 417126.929261099197902, 1444567.884283579653129 ], [ 417117.585225340211764, 1444572.126197931822389 ], [ 417116.303020909603219, 1444572.730344319250435 ], [ 417107.079051739361603, 1444577.237331954529509 ], [ 417105.858105408551637, 1444577.854741123272106 ], [ 417096.775820542592555, 1444582.604617380071431 ], [ 417095.554028407903388, 1444583.265366184758022 ], [ 417086.580968439986464, 1444588.280348208267242 ], [ 417085.377058673242573, 1444588.975342605030164 ], [ 417076.610635912918951, 1444594.199838018743321 ], [ 417075.473672858206555, 1444594.898155263857916 ], [ 417066.762331584002823, 1444600.410038925008848 ], [ 417065.701253513921984, 1444601.100372293032706 ], [ 417057.228909163561184, 1444606.766373047372326 ], [ 417056.400057978054974, 1444607.332803504774347 ], [ 417047.809455392532982, 1444613.330954198725522 ], [ 417046.839399346499704, 1444614.025631581665948 ], [ 417030.763531273696572, 1444625.830590354744345 ], [ 417030.021471953485161, 1444626.386166433105245 ], [ 416958.623359074117616, 1444680.881692916620523 ], [ 416943.307149291096721, 1444692.341402295976877 ], [ 416936.174399563868064, 1444697.47403300087899 ], [ 416923.484740345738828, 1444706.152975686825812 ], [ 416914.181428637180943, 1444712.070365988416597 ], [ 416906.848968946957029, 1444716.447397245327011 ], [ 416899.346873931353912, 1444720.711542719276622 ], [ 416891.891733634867705, 1444724.696858967421576 ], [ 416884.183309790038038, 1444728.584701329004019 ], [ 416876.419378559337929, 1444732.276923921192065 ], [ 416868.593661373131908, 1444735.77350901812315 ], [ 416862.546912598481867, 1444738.300749130314216 ], [ 416862.564313496695831, 1444738.19393700407818 ], [ 416862.703138334734831, 1444736.00435856427066 ], [ 416862.864702301332727, 1444733.816340475808829 ], [ 416862.858341972169001, 1444733.556449796073139 ], [ 416862.874791605980136, 1444733.297002250095829 ], [ 416862.79833174723899, 1444731.104360015131533 ], [ 416862.744654463196639, 1444728.911041794111952 ], [ 416862.712851019517984, 1444728.653025980107486 ], [ 416862.703791137319058, 1444728.393215399235487 ], [ 416862.412782932049595, 1444726.21862571220845 ], [ 416862.144381338963285, 1444724.041130212368444 ], [ 416844.423323661438189, 1444621.866373155498877 ], [ 416846.343131914385594, 1444620.097723718732595 ], [ 416848.546944351808634, 1444617.612868339056149 ], [ 416868.316635430674069, 1444610.916449543088675 ], [ 416868.666249017347582, 1444610.978089073672891 ], [ 416870.064563705236651, 1444611.085043359315023 ], [ 416871.457140607584734, 1444611.250732076587155 ], [ 416872.509357909555547, 1444611.272040764102712 ], [ 416873.558725815615617, 1444611.352304810425267 ], [ 416874.960790591256227, 1444611.321685274830088 ], [ 416876.362902187451255, 1444611.350079749943689 ], [ 416877.412141393579077, 1444611.268150499323383 ], [ 416878.464323557214811, 1444611.245172010967508 ], [ 416879.856635764823295, 1444611.077273537404835 ], [ 416881.254778959322721, 1444610.968100316124037 ], [ 416882.290935321419965, 1444610.783722150605172 ], [ 416883.335798654181417, 1444610.657722423318774 ], [ 416884.704949570936151, 1444610.35416196542792 ], [ 416886.085659475647844, 1444610.108472445514053 ], [ 416887.098754241131246, 1444609.823421027744189 ], [ 416888.12623613839969, 1444609.595613507553935 ], [ 416889.45904009178048, 1444609.159314518561587 ], [ 416890.809019716281909, 1444608.779474824434146 ], [ 416891.789296227740124, 1444608.396495355758816 ], [ 416892.789501478138845, 1444608.069073953432962 ], [ 416962.478700833569746, 1444581.403578808763996 ], [ 416966.126384135568514, 1444579.839181738207117 ], [ 416989.100536995625589, 1444568.88702452974394 ], [ 416991.885738512850367, 1444567.450474090641364 ], [ 417004.98285564687103, 1444560.166811587288976 ], [ 417008.58410224749241, 1444557.959937074221671 ], [ 417011.986244892934337, 1444555.456999277463183 ], [ 417021.028434882930014, 1444548.196653528371826 ], [ 417021.053907529974822, 1444548.174057792173699 ], [ 417021.081445069052279, 1444548.154030135134235 ], [ 417031.118646351562347, 1444540.072266169590876 ], [ 417035.210699877876323, 1444536.388187839649618 ], [ 417038.872857427049894, 1444532.276504815556109 ], [ 417045.256422161066439, 1444524.261079035699368 ], [ 417048.094879135722294, 1444520.318131138803437 ], [ 417050.537263609759975, 1444516.118317548185587 ], [ 417052.560515882214531, 1444511.701290679862723 ], [ 417054.145533476606943, 1444507.108753762207925 ], [ 417054.696588189573959, 1444504.80841854098253 ], [ 417061.601283673429862, 1444491.365944715915248 ], [ 417061.328421109530609, 1444492.099971780320629 ], [ 417060.077757740335073, 1444496.844674908788875 ], [ 417059.298178889497649, 1444501.689117441652343 ], [ 417058.997192327457014, 1444506.586644749157131 ], [ 417059.17769671935821, 1444511.49009096622467 ], [ 417059.837953709182329, 1444516.352233225246891 ], [ 417060.971604661317542, 1444521.126246438128874 ], [ 417062.56773189723026, 1444525.766154248267412 ], [ 417064.610963839164469, 1444530.227271806681529 ], [ 417067.081623046658933, 1444534.466636112658307 ], [ 417069.955915720784105, 1444538.443419770803303 ], [ 417073.206160851928871, 1444542.119324180064723 ], [ 417076.801056802738458, 1444545.45894837169908 ], [ 417080.705982760002371, 1444548.430129939224571 ], [ 417084.883332152152434, 1444551.004254780011252 ], [ 417089.292874820879661, 1444553.156532664317638 ], [ 417093.892144459823612, 1444554.866235979832709 ], [ 417098.636847588117234, 1444556.116899349028245 ], [ 417103.48129012103891, 1444556.896478199865669 ], [ 417108.378817428601906, 1444557.197464762022719 ], [ 417113.282263645669445, 1444557.016960370121524 ], [ 417118.144405904575251, 1444556.356703380122781 ], [ 417122.918419117573649, 1444555.223052428103983 ], [ 417127.55832692765398, 1444553.62692519207485 ], [ 417132.019444486126304, 1444551.583693250315264 ], [ 417136.25880879216129, 1444549.113034042762592 ], [ 417140.235592450131662, 1444546.238741368521005 ], [ 417143.91149685945129, 1444542.988496237434447 ], [ 417145.678356605174486, 1444541.086582554737106 ], [ 417145.759540722530801, 1444541.909979350864887 ], [ 417146.717304902616888, 1444546.722364873159677 ], [ 417148.1421534534893, 1444551.417700137477368 ], [ 417150.020364304597024, 1444555.95076649915427 ], [ 417151.184091233357321, 1444558.127400991041213 ], [ 417149.834440133883618, 1444558.608895906945691 ], [ 417148.513397413364146, 1444559.101287654135376 ], [ 417138.940104630310088, 1444562.824081994127482 ], [ 417137.646393955626991, 1444563.348074859706685 ], [ 417128.18232518696459, 1444567.335975390160456 ] ], [ [ 416838.476424962922465, 1444861.034141149604693 ], [ 416848.161710703279823, 1444858.527449664194137 ], [ 416849.736508240632247, 1444858.092296377755702 ], [ 416856.636048384942114, 1444856.063893214100972 ], [ 416861.933647014084272, 1444880.631953211035579 ], [ 416862.565504770551343, 1444882.993235006229952 ], [ 416863.196509143395815, 1444885.354744941229001 ], [ 416882.632720904774033, 1444945.99090645625256 ], [ 416879.719575176772196, 1444945.946995538659394 ], [ 416874.896837160864379, 1444946.342103433329612 ], [ 416870.134876867930871, 1444947.201548828277737 ], [ 416865.478294650849421, 1444948.51728218793869 ], [ 416860.970703895087354, 1444950.276980399852619 ], [ 416832.610609582450707, 1444962.962184720207006 ], [ 416833.561983559338842, 1444955.653641879791394 ], [ 416833.969763163244352, 1444950.225846222369 ], [ 416833.785122629720718, 1444944.785886868136004 ], [ 416832.213499169622082, 1444927.050919946515933 ], [ 416831.876401804329362, 1444924.188217289512977 ], [ 416830.204814991098829, 1444912.823929615784436 ], [ 416829.327040058327839, 1444908.309665381675586 ], [ 416828.03821220586542, 1444903.895144663052633 ], [ 416821.57335557625629, 1444885.024796722223982 ], [ 416819.452622499666177, 1444879.811811720021069 ], [ 416816.759495057165623, 1444874.870173732982948 ], [ 416811.755879536503926, 1444866.805206201272085 ], [ 416815.481629472749773, 1444866.118924704380333 ], [ 416816.630730187287554, 1444865.893316843314096 ], [ 416826.425840017269365, 1444863.850792235461995 ], [ 416827.601463598373812, 1444863.590836909366772 ], [ 416837.330819220282137, 1444861.316261715022847 ], [ 416838.476424962922465, 1444861.034141149604693 ] ], [ [ 416877.33849034603918, 1444371.46235366887413 ], [ 416874.962824649235699, 1444434.620271443855017 ], [ 416872.916789938113652, 1444489.058629117673263 ], [ 416872.658756512682885, 1444489.13945950078778 ], [ 416871.992809950606897, 1444488.804527419386432 ], [ 416870.763669992738869, 1444488.330864860443398 ], [ 416869.557342320622411, 1444487.801795106614009 ], [ 416868.475759647495579, 1444487.449193524662405 ], [ 416867.414244851970579, 1444487.040127159794793 ], [ 416866.144596489262767, 1444486.689222199143842 ], [ 416864.89221971045481, 1444486.280940849566832 ], [ 416863.781284156139009, 1444486.036050781374797 ], [ 416862.684785327815916, 1444485.733000827254727 ], [ 416861.386855968623422, 1444485.508232871768996 ], [ 416860.100491155637428, 1444485.224671898875386 ], [ 416858.970901632099412, 1444485.089851769153029 ], [ 416857.849978658894543, 1444484.895736763486639 ], [ 416856.5362680752296, 1444484.799270451534539 ], [ 416855.22830362158129, 1444484.643160702195019 ], [ 416854.090938695357181, 1444484.619708902901039 ], [ 416853.802966458315495, 1444484.598562982399017 ], [ 416852.280815023637842, 1444483.301214896608144 ], [ 416848.252426428429317, 1444480.49970602360554 ], [ 416843.9688397370046, 1444478.106538311811164 ], [ 416843.963056012697052, 1444478.104015508200973 ], [ 416843.355314655171242, 1444464.323568670777604 ], [ 416843.327033016015776, 1444463.755668144207448 ], [ 416839.095342960499693, 1444387.512010837206617 ], [ 416838.979618511395529, 1444385.898924812441692 ], [ 416837.639487421663944, 1444370.673206518637016 ], [ 416838.333799064683262, 1444370.784168649930507 ], [ 416843.231648147921078, 1444371.079872889677063 ], [ 416877.33849034603918, 1444371.46235366887413 ] ], [ [ 417883.696704108675476, 1445439.945906086824834 ], [ 417884.212429451872595, 1445438.976810869993642 ], [ 417886.17641092883423, 1445451.286158703966066 ], [ 417887.186342247819994, 1445456.087867292575538 ], [ 417888.163404072460253, 1445459.186193099943921 ], [ 417887.423923581955023, 1445459.01910602953285 ], [ 417886.218699752003886, 1445455.45509573398158 ], [ 417884.151068737206515, 1445450.900761634577066 ], [ 417881.638764411443844, 1445446.57578948722221 ], [ 417880.348204283684026, 1445444.792001383844763 ], [ 417880.876774522301275, 1445444.153859394835308 ], [ 417883.696704108675476, 1445439.945906086824834 ] ], [ [ 417966.072758014895953, 1445088.165035245707259 ], [ 417965.660583998251241, 1445089.788649333408102 ], [ 417961.197566636546981, 1445091.022576102986932 ], [ 417958.326283708272967, 1445092.129358246689662 ], [ 417959.399614132882562, 1445087.713503575883806 ], [ 417959.772579722688533, 1445086.374880765099078 ], [ 417960.0181396008702, 1445085.965645908145234 ], [ 417960.557978190714493, 1445086.227629446191713 ], [ 417965.161100548924878, 1445087.926932595670223 ], [ 417966.072758014895953, 1445088.165035245707259 ] ], [ [ 417371.788721699849702, 1445453.102068898733705 ], [ 417376.871343591425102, 1445453.397417770233005 ], [ 417381.957651468750555, 1445453.174374221125618 ], [ 417386.9949099298683, 1445452.435250791255385 ], [ 417456.65314400929492, 1445438.559373249299824 ], [ 417447.696814930823166, 1445448.851378136780113 ], [ 417443.383966064255219, 1445454.592927105957642 ], [ 417432.108647876535542, 1445472.092380188405514 ], [ 417417.066636864328757, 1445471.400523679563776 ], [ 417409.764794663060457, 1445471.068135060137138 ], [ 417365.763037806435023, 1445458.73756160447374 ], [ 417366.061867431097198, 1445457.867436226923019 ], [ 417367.193097634823062, 1445453.092848824337125 ], [ 417367.290008197131101, 1445452.376474048011005 ], [ 417371.788721699849702, 1445453.102068898733705 ] ], [ [ 417183.785970178898424, 1445193.250703237717971 ], [ 417186.715078400855418, 1445189.314119482180104 ], [ 417189.244229483709205, 1445185.109388642013073 ], [ 417191.349066319991834, 1445180.677004573401064 ], [ 417193.009318180382252, 1445176.05965355806984 ], [ 417194.208995931781828, 1445171.301803210284561 ], [ 417194.936546021723188, 1445166.449274229817092 ], [ 417195.18496174516622, 1445161.548799123615026 ], [ 417194.951850722718518, 1445156.647572145564482 ], [ 417194.23945794114843, 1445151.792794790817425 ], [ 417193.398160710814409, 1445148.411758354865015 ], [ 417193.424803305242676, 1445148.410839962773025 ], [ 417198.288475922076032, 1445147.761952210450545 ], [ 417203.065126504050568, 1445146.639465748798102 ], [ 417207.708753294835333, 1445145.054190735798329 ], [ 417212.17463562998455, 1445143.021394236246124 ], [ 417216.419764621299691, 1445140.560653192223981 ], [ 417220.403257355967071, 1445137.695665884763002 ], [ 417224.086750621325336, 1445134.454023707890883 ], [ 417227.434770363674033, 1445130.866945447865874 ], [ 417230.415073322714306, 1445126.96897662919946 ], [ 417232.998957551666535, 1445122.797656822483987 ], [ 417235.161538832995575, 1445118.393158117542043 ], [ 417236.8819903266849, 1445113.797898245044053 ], [ 417238.143743144406471, 1445109.056132069090381 ], [ 417238.934645916800946, 1445104.213525390485302 ], [ 417239.247081817768048, 1445099.31671515875496 ], [ 417239.078041918808594, 1445094.412860332988203 ], [ 417235.630207306589, 1445053.239513102220371 ], [ 417237.047390135820024, 1445053.206942065618932 ], [ 417237.165286171541084, 1445060.950770421186462 ], [ 417237.480626468488481, 1445065.847394476179034 ], [ 417238.27440140285762, 1445070.68953119404614 ], [ 417239.538966488093138, 1445075.430548150790855 ], [ 417241.26214327121852, 1445080.024786761496216 ], [ 417243.427336617722176, 1445084.428001997061074 ], [ 417246.01369453209918, 1445088.597788487793878 ], [ 417248.996308973815758, 1445092.493988910224289 ], [ 417252.346455735270865, 1445096.079080724390224 ], [ 417256.031871071842033, 1445099.318537536077201 ], [ 417260.017062419152353, 1445102.181161605753005 ], [ 417264.263650206034072, 1445104.639384298585355 ], [ 417268.730737470672466, 1445106.669531586114317 ], [ 417273.375303720706142, 1445108.252052040537819 ], [ 417278.152619244181551, 1445109.371705124154687 ], [ 417283.016675881051924, 1445110.017707966500893 ], [ 417287.920630106993485, 1445110.183839206350967 ], [ 417292.817254162044264, 1445109.868498909287155 ], [ 417297.65939087967854, 1445109.074723975034431 ], [ 417302.400407836423256, 1445107.810158889740705 ], [ 417306.994646447303239, 1445106.086982106557116 ], [ 417311.397861682926305, 1445103.921788760228083 ], [ 417315.567648173542693, 1445101.335430845851079 ], [ 417319.463848595914897, 1445098.352816404076293 ], [ 417323.048940410022624, 1445095.002669642446563 ], [ 417326.288397221884225, 1445091.317254306050017 ], [ 417329.151021291560028, 1445087.332062958739698 ], [ 417331.609243984334171, 1445083.085475171683356 ], [ 417331.61772187409224, 1445083.066820626845583 ], [ 417334.127516701351851, 1445086.538388259010389 ], [ 417337.097776100679766, 1445089.898668925510719 ], [ 417337.635868922749069, 1445091.13611902249977 ], [ 417340.024173677084036, 1445095.422418946633115 ], [ 417342.821108952397481, 1445099.453984362771735 ], [ 417345.999738732993137, 1445103.191989092156291 ], [ 417347.75464937457582, 1445104.886607758933678 ], [ 417349.139934610167984, 1445107.822061153594404 ], [ 417351.658905185584445, 1445112.032898823032156 ], [ 417354.578480495954864, 1445115.976557865971699 ], [ 417357.870543435041327, 1445119.615058689611033 ], [ 417361.503389637044165, 1445122.913360542384908 ], [ 417365.442032807215583, 1445125.839698974043131 ], [ 417366.335881509119645, 1445126.376494261901826 ], [ 417362.218972258386202, 1445128.123171276878566 ], [ 417357.911529375123791, 1445130.473129243822768 ], [ 417353.8551641664817, 1445133.233974754344672 ], [ 417350.088941646798048, 1445136.379119357094169 ], [ 417346.649132597900461, 1445139.878273590002209 ], [ 417343.568864261265844, 1445143.697738685179502 ], [ 417340.877801304799505, 1445147.800731105729938 ], [ 417338.601860135851894, 1445152.147736791754141 ], [ 417336.762959312065504, 1445156.696891702245921 ], [ 417335.378808453620877, 1445161.404384988360107 ], [ 417334.462737689900678, 1445166.22488091676496 ], [ 417334.023569283192046, 1445171.111955476226285 ], [ 417334.065532665234059, 1445176.018543467158452 ], [ 417334.58822370582493, 1445180.897391765378416 ], [ 417335.586608604469802, 1445185.701514394255355 ], [ 417337.051072368805762, 1445190.384645026642829 ], [ 417338.967511412221938, 1445194.901682554977015 ], [ 417341.317469379107933, 1445199.209125438239425 ], [ 417344.078314889629837, 1445203.265490646939725 ], [ 417347.223459492321126, 1445207.031713166506961 ], [ 417350.722613725287374, 1445210.471522215520963 ], [ 417354.542078820406459, 1445213.551790552213788 ], [ 417358.645071241015103, 1445216.242853508563712 ], [ 417362.992076927039307, 1445218.518794677453116 ], [ 417367.541231837531086, 1445220.357695501297712 ], [ 417372.248725123761687, 1445221.741846359800547 ], [ 417377.069221052050125, 1445222.657917123520747 ], [ 417381.95629561151145, 1445223.097085530171171 ], [ 417386.862883602560032, 1445223.055122148245573 ], [ 417417.829184774076566, 1445221.268256606999785 ], [ 417417.83582404156914, 1445221.568111430387944 ], [ 417418.424747575656511, 1445226.439408558420837 ], [ 417427.623745710006915, 1445280.222341286949813 ], [ 417427.822434328030795, 1445282.148274458711967 ], [ 417343.445964951533824, 1445259.437305026920512 ], [ 417240.270774609409273, 1445231.65900363936089 ], [ 417171.038614159915596, 1445204.198412289842963 ], [ 417172.898586359864566, 1445203.087531736353412 ], [ 417176.844298110052478, 1445200.170731190824881 ], [ 417180.485113731294405, 1445196.88122845464386 ], [ 417183.785970178898424, 1445193.250703237717971 ] ], [ [ 417476.533920242043678, 1444974.569184042047709 ], [ 417475.301089545944706, 1445001.759436225751415 ], [ 417472.271592646255158, 1444974.734699906315655 ], [ 417474.297409053717274, 1444974.655890593538061 ], [ 417476.533920242043678, 1444974.569184042047709 ] ], [ [ 417590.913496214954648, 1444791.80731035140343 ], [ 417590.678042317565996, 1444797.901165883056819 ], [ 417591.18621204351075, 1444803.978359092958272 ], [ 417592.23377972561866, 1444811.180114845745265 ], [ 417591.858431403001305, 1444834.186694897478446 ], [ 417588.811368944763672, 1444837.283693686127663 ], [ 417585.729478185065091, 1444841.101849783677608 ], [ 417583.036672313639428, 1444845.203698534751311 ], [ 417580.758884523238521, 1444849.549736894201487 ], [ 417578.918051155342255, 1444854.098110136343166 ], [ 417577.531900441623293, 1444858.805014940910041 ], [ 417576.613781771215145, 1444863.625121241202578 ], [ 417576.372753491508774, 1444866.294565769378096 ], [ 417531.734290936146863, 1444867.951190100749955 ], [ 417534.338200702622999, 1444860.991891556186602 ], [ 417535.790577698790003, 1444856.465332335326821 ], [ 417536.806504655163735, 1444851.821300709852949 ], [ 417538.521673033654224, 1444841.696556764421985 ], [ 417539.058212200237904, 1444837.414070482831448 ], [ 417539.223435629508458, 1444833.101268117083237 ], [ 417539.016112237528432, 1444828.790284465998411 ], [ 417538.43778679613024, 1444824.513240777654573 ], [ 417536.364771852560807, 1444812.962119387695566 ], [ 417535.013111274049152, 1444807.32980084232986 ], [ 417533.019141411874443, 1444801.891595007386059 ], [ 417530.387975161487702, 1444795.827743343310431 ], [ 417528.216307654685806, 1444791.42771756160073 ], [ 417525.62381937605096, 1444787.261739745503291 ], [ 417522.635477404866833, 1444783.369930538581684 ], [ 417519.280061107943766, 1444779.789770191302523 ], [ 417515.58988497836981, 1444776.555737604619935 ], [ 417511.600487429648638, 1444773.698978280182928 ], [ 417507.3502885409398, 1444771.24700437230058 ], [ 417502.880220050981734, 1444769.223429729696363 ], [ 417498.233331162889954, 1444767.647742482600734 ], [ 417493.454373956890777, 1444766.535117360530421 ], [ 417488.58937240333762, 1444765.896269551711157 ], [ 417483.685179126623552, 1444765.737351509509608 ], [ 417478.789024188998155, 1444766.059893701924011 ], [ 417473.948060239024926, 1444766.860789870843291 ], [ 417469.208908405795228, 1444768.132326948922127 ], [ 417464.617209312156774, 1444769.862259338609874 ], [ 417460.217183530505281, 1444772.033926845295355 ], [ 417456.05120571446605, 1444774.626415123930201 ], [ 417452.159396507660858, 1444777.614757095230743 ], [ 417448.579236160207074, 1444780.970173392212018 ], [ 417445.345203573524486, 1444784.660349521553144 ], [ 417442.488444249145687, 1444788.649747070390731 ], [ 417440.036470341146924, 1444792.899945958983153 ], [ 417438.012895698600914, 1444797.370014449115843 ], [ 417436.437208451563492, 1444802.016903337091208 ], [ 417435.32458332949318, 1444806.795860543148592 ], [ 417434.685735520615708, 1444811.660862096818164 ], [ 417434.526817478530575, 1444816.565055373357609 ], [ 417434.849359670828562, 1444821.461210310924798 ], [ 417435.650255839922465, 1444826.302174261072651 ], [ 417436.921792917884886, 1444831.041326094185933 ], [ 417437.610620491905138, 1444832.869657054543495 ], [ 417435.502289341588039, 1444836.3453192722518 ], [ 417433.261021070880815, 1444840.464079689234495 ], [ 417431.415447820618283, 1444844.774686399847269 ], [ 417427.091682352765929, 1444856.345024910988286 ], [ 417425.61118169745896, 1444860.984288163948804 ], [ 417424.589009634859394, 1444865.745570553699508 ], [ 417423.529822243202943, 1444872.195775978034362 ], [ 417417.133019015542232, 1444872.464486778248101 ], [ 417416.07326921611093, 1444832.150972741656005 ], [ 417413.720922920154408, 1444742.147215050878003 ], [ 417413.718636669509578, 1444742.062489676987752 ], [ 417412.140603492036462, 1444685.36488554184325 ], [ 417433.043224200082477, 1444693.34013308910653 ], [ 417593.559461073833518, 1444765.340162424370646 ], [ 417590.913496214954648, 1444791.80731035140343 ] ], [ [ 417435.764556560723577, 1444341.374032895080745 ], [ 417435.779370189877227, 1444342.398948460351676 ], [ 417435.823457619815599, 1444343.896368568995968 ], [ 417437.91522958810674, 1444390.961460020160303 ], [ 417375.766569530998822, 1444382.869013606105 ], [ 417366.936801449570339, 1444381.718344974098727 ], [ 417349.906123414402828, 1444377.400107742520049 ], [ 417350.466212120256387, 1444341.444582664873451 ], [ 417416.095284252951387, 1444344.457636221311986 ], [ 417421.002026417583693, 1444344.441889193840325 ], [ 417425.883597798936535, 1444343.945273157441989 ], [ 417430.69298619608162, 1444342.972570795798674 ], [ 417435.383874569728505, 1444341.533149764640257 ], [ 417435.764556560723577, 1444341.374032895080745 ] ], [ [ 417412.565754336421378, 1444026.460906973574311 ], [ 417412.87210971408058, 1444029.734327703015879 ], [ 417406.354970070708077, 1444028.36741807940416 ], [ 417412.367177489213645, 1444023.290071044815704 ], [ 417412.390343602164648, 1444023.85401941742748 ], [ 417412.457247109967284, 1444024.848313881084323 ], [ 417412.463956974796019, 1444025.202005475293845 ], [ 417412.503863596939482, 1444025.541110364021733 ], [ 417412.565754336421378, 1444026.460906973574311 ] ], [ [ 417196.167829494865146, 1444428.756993346381932 ], [ 417200.904201557277702, 1444431.011761138448492 ], [ 417188.202610081934836, 1444485.078032311284915 ], [ 417187.875925541389734, 1444485.110242293449119 ], [ 417183.063540019211359, 1444486.068006473593414 ], [ 417178.368204754719045, 1444487.492855024524033 ], [ 417173.835138393216766, 1444489.371065875515342 ], [ 417170.205915218451992, 1444491.311412201263011 ], [ 417186.333104655088391, 1444453.691647846484557 ], [ 417186.906146406545304, 1444452.297235218109563 ], [ 417196.167829494865146, 1444428.756993346381932 ] ], [ [ 417251.14470942504704, 1444200.791754915378988 ], [ 417254.210668586601969, 1444201.209976577665657 ], [ 417254.113208513997961, 1444201.421272502280772 ], [ 417252.500206930679269, 1444206.075500088976696 ], [ 417251.352993050881196, 1444210.865855905693024 ], [ 417250.682701093901414, 1444215.745847425190732 ], [ 417250.495836540474556, 1444220.668112165760249 ], [ 417251.270595810201485, 1444289.027450074907392 ], [ 417250.746623787505087, 1444322.66442401218228 ], [ 417250.164484738896135, 1444319.1250924046617 ], [ 417245.134828895854298, 1444279.049943618709221 ], [ 417239.167280479858164, 1444218.297714207787067 ], [ 417239.606074816838372, 1444204.933620962547138 ], [ 417239.632941430027131, 1444203.213364970870316 ], [ 417239.62646643538028, 1444199.138422356685624 ], [ 417250.792963196930941, 1444200.74250068468973 ], [ 417251.14470942504704, 1444200.791754915378988 ] ], [ [ 417130.465099510620348, 1444146.228904533898458 ], [ 417127.582953307777643, 1444141.542197493836284 ], [ 417124.203312837693375, 1444137.200536532094702 ], [ 417120.367101476935204, 1444133.256493934663013 ], [ 417116.931361368566286, 1444130.092734871665016 ], [ 417113.972970236151014, 1444127.655374094843864 ], [ 417114.09259468113305, 1444127.641603770665824 ], [ 417123.098064841935411, 1444126.121389500098303 ], [ 417128.370435933291446, 1444124.935178071260452 ], [ 417133.483988830819726, 1444123.186872822465375 ], [ 417138.378987020987552, 1444120.89689745218493 ], [ 417142.998247145616915, 1444118.092003447003663 ], [ 417178.055439836345613, 1444094.119545785011724 ], [ 417181.696458968042862, 1444091.355007137870416 ], [ 417161.226344947237521, 1444112.767997652059421 ], [ 417160.581574376963545, 1444113.51239708182402 ], [ 417159.894174996414222, 1444114.217621646355838 ], [ 417158.97624300949974, 1444115.365781540516764 ], [ 417158.013821943080984, 1444116.476914284517989 ], [ 417157.445120023156051, 1444117.280927794286981 ], [ 417156.830154753173701, 1444118.050133432028815 ], [ 417133.017352013674099, 1444151.031992590986192 ], [ 417132.689338513242546, 1444150.336390643613413 ], [ 417130.465099510620348, 1444146.228904533898458 ] ], [ [ 417201.003669206053019, 1444046.69984431238845 ], [ 417201.636412815540098, 1443970.520034884102643 ], [ 417274.236135205661412, 1443972.860181788215414 ], [ 417275.781804754398763, 1443973.096433338942006 ], [ 417275.735362363804597, 1443992.803147109225392 ], [ 417275.182179142371751, 1443998.477864159271121 ], [ 417274.395404100301675, 1443999.784598816651851 ], [ 417259.787982661044225, 1444016.402030220488086 ], [ 417211.770303241617512, 1444060.072550903540105 ], [ 417209.269465180521365, 1444062.51195722236298 ], [ 417189.58206025371328, 1444083.106186180608347 ], [ 417191.820746629906353, 1444079.993995780358091 ], [ 417194.304496784578077, 1444075.699094806564972 ], [ 417196.350372351123951, 1444071.179185253102332 ], [ 417197.938229483959731, 1444066.478770491667092 ], [ 417199.052434021548834, 1444061.644131161505356 ], [ 417200.225321959587745, 1444055.082214147783816 ], [ 417200.791225225431845, 1444050.907439509406686 ], [ 417201.003669206053019, 1444046.69984431238845 ] ], [ [ 417160.769202594587114, 1445309.531332987826318 ], [ 417156.846082125790417, 1445306.584217037307099 ], [ 417154.780580940947402, 1445305.32889058557339 ], [ 417180.462691834953148, 1445315.515571857569739 ], [ 417180.246414750872646, 1445315.700248848181218 ], [ 417176.845207679260056, 1445319.236936153378338 ], [ 417173.807034325203858, 1445323.089969933498651 ], [ 417172.923716003249865, 1445324.469515615608543 ], [ 417170.556038913608063, 1445320.463677485007793 ], [ 417167.657349297602195, 1445316.504641598789021 ], [ 417164.384564288367983, 1445312.848790819058195 ], [ 417160.769202594587114, 1445309.531332987826318 ] ], [ [ 417634.637388351897243, 1445215.287096468033269 ], [ 417644.010176947456785, 1445215.056897603906691 ], [ 417642.301317261357326, 1445217.626453555189073 ], [ 417641.552124964597169, 1445217.295722104143351 ], [ 417636.602889637753833, 1445215.701175901805982 ], [ 417634.637388351897243, 1445215.287096468033269 ] ], [ [ 417684.82119562337175, 1444347.714555578771979 ], [ 417682.523651399591472, 1444343.378929075086489 ], [ 417679.812204767717049, 1444339.289378512883559 ], [ 417676.712968441192061, 1444335.485288499156013 ], [ 417673.255789760034531, 1444332.003294500755146 ], [ 417669.473963244759943, 1444328.876930023077875 ], [ 417665.403909952088725, 1444326.136303665116429 ], [ 417661.08482672017999, 1444323.807809156831354 ], [ 417656.558308681589551, 1444321.913871173514053 ], [ 417651.86794867948629, 1444320.472729372791946 ], [ 417647.058917444664985, 1444319.498262738343328 ], [ 417642.177528576808982, 1444318.999855916481465 ], [ 417637.270792519208044, 1444318.982308837352321 ], [ 417632.385963822365738, 1444319.445790488971397 ], [ 417627.570086056948639, 1444320.385837289504707 ], [ 417622.869538758415729, 1444321.793396074557677 ], [ 417618.329590766865294, 1444323.654911283636466 ], [ 417613.99396426329622, 1444325.952455507358536 ], [ 417609.904413700976875, 1444328.663902139291167 ], [ 417606.100323687423952, 1444331.763138465816155 ], [ 417602.618329688964877, 1444335.220317146973684 ], [ 417599.491965211229399, 1444339.002143662190065 ], [ 417596.751338853267953, 1444343.072196954861283 ], [ 417594.422844345041085, 1444347.391280186828226 ], [ 417592.528906361549161, 1444351.91779822553508 ], [ 417591.087764560943469, 1444356.608158227521926 ], [ 417590.113297926494852, 1444361.417189462343231 ], [ 417589.614891104632989, 1444366.298578330082819 ], [ 417589.597344025503844, 1444371.205314387800172 ], [ 417590.618681679479778, 1444393.631236019777134 ], [ 417590.879688303044531, 1444396.940374491969123 ], [ 417591.984431140124798, 1444406.770678349537775 ], [ 417552.820018948114011, 1444399.970071871299297 ], [ 417549.021942292049062, 1444399.459621392656118 ], [ 417545.195926825865172, 1444399.241558031644672 ], [ 417538.376309302111622, 1444399.114687119377777 ], [ 417535.758100363018457, 1444340.204707911470905 ], [ 417534.373009172093589, 1444244.373935675714165 ], [ 417534.360982412064914, 1444243.783312014304101 ], [ 417533.126570573367644, 1444196.800230149878189 ], [ 417572.109538837336004, 1444197.599188538501039 ], [ 417664.423526170954574, 1444200.452825892018154 ], [ 417679.364098135847598, 1444202.915009860880673 ], [ 417680.108752678264864, 1444228.453495568828657 ], [ 417680.142606955720112, 1444228.940935876453295 ], [ 417680.141633396502584, 1444229.321994195692241 ], [ 417680.241098414815497, 1444230.359034585766494 ], [ 417680.387152730720118, 1444232.461952328216285 ], [ 417690.619566287321504, 1444325.50594082288444 ], [ 417696.639692297088914, 1444392.683772618649527 ], [ 417697.698606084450148, 1444425.128081347793341 ], [ 417694.548230521555524, 1444424.580979572376236 ], [ 417694.442531310254708, 1444423.04208867973648 ], [ 417690.439584729087073, 1444387.422775391023606 ], [ 417689.493798069655895, 1444366.65575733105652 ], [ 417689.030316418036819, 1444361.77092863433063 ], [ 417688.090269617445301, 1444356.955050868680701 ], [ 417686.682710832392331, 1444352.254503570264205 ], [ 417684.82119562337175, 1444347.714555578771979 ] ], [ [ 417553.271557310654316, 1445546.122769771376625 ], [ 417548.193315472104587, 1445546.190158403711393 ], [ 417543.148106419306714, 1445546.772349963663146 ], [ 417518.365325236925855, 1445550.916743871290237 ], [ 417514.53929495671764, 1445551.711386270355433 ], [ 417503.745427459012717, 1445554.397130992263556 ], [ 417505.978434931545053, 1445542.073373254621401 ], [ 417525.495936235995032, 1445511.781935560517013 ], [ 417558.703201449825428, 1445473.622402465203777 ], [ 417580.093317252467386, 1445457.836608110927045 ], [ 417590.220610166375991, 1445452.583454177482054 ], [ 417592.70329223072622, 1445453.269350809277967 ], [ 417591.509927917155437, 1445455.243264335673302 ], [ 417589.384740425099153, 1445459.699627965921536 ], [ 417587.709412897063885, 1445464.343858403386548 ], [ 417586.500280177628156, 1445469.13067328883335 ], [ 417585.769131600332912, 1445474.013400031020865 ], [ 417585.52309603895992, 1445478.944430874893442 ], [ 417585.485851062869187, 1445559.511316842166707 ], [ 417585.435305205814075, 1445559.464335836935788 ], [ 417581.544547408120707, 1445556.200123043963686 ], [ 417577.342729980184231, 1445553.347438045311719 ], [ 417572.87320404953789, 1445550.935712655773386 ], [ 417568.18208275467623, 1445548.989829207304865 ], [ 417563.31776548497146, 1445547.529863831354305 ], [ 417558.330438532982953, 1445546.570879330625758 ], [ 417553.271557310654316, 1445546.122769771376625 ] ], [ [ 417562.935387062258087, 1445217.048121918691322 ], [ 417566.605348104785662, 1445216.957986431894824 ], [ 417518.685660663992167, 1445219.474544574972242 ], [ 417518.441151902661659, 1445218.044997784076259 ], [ 417518.927927772339899, 1445218.034126064972952 ], [ 417562.827596700575668, 1445217.050652999896556 ], [ 417562.935387062258087, 1445217.048121918691322 ] ], [ [ 417806.64832707302412, 1443892.915091261500493 ], [ 417807.531907798431348, 1443898.441683151293546 ], [ 417807.59597097360529, 1443904.23252349277027 ], [ 417791.111757306556683, 1443904.999416484264657 ], [ 417791.135445378953591, 1443904.940074034966528 ], [ 417791.667030994954985, 1443903.770466664573178 ], [ 417792.044443195569329, 1443902.662887611659244 ], [ 417792.478241138742305, 1443901.576153662754223 ], [ 417792.83528804051457, 1443900.342021505348384 ], [ 417793.249672356643714, 1443899.125941612524912 ], [ 417793.516705482790712, 1443897.986702991183847 ], [ 417793.841896016499959, 1443896.86268232902512 ], [ 417794.076257534907199, 1443895.599496139213443 ], [ 417794.369449803838506, 1443894.348655237816274 ], [ 417794.523532180755865, 1443893.188728537643328 ], [ 417794.658659584936686, 1443892.460404741344973 ], [ 417806.64832707302412, 1443892.915091261500493 ] ], [ [ 417799.132588501786813, 1445548.0920428133104 ], [ 417828.599701407598332, 1445556.091449929168448 ], [ 417766.445015516073909, 1445561.392874785931781 ], [ 417761.547712268773466, 1445562.055701579200104 ], [ 417756.73976346157724, 1445563.198744326131418 ], [ 417752.068138751201332, 1445564.810836451128125 ], [ 417747.578476021415554, 1445566.876229156274348 ], [ 417743.314635538787115, 1445569.374745274428278 ], [ 417739.318271474796347, 1445572.281976383645087 ], [ 417735.628424978873227, 1445575.569521256256849 ], [ 417732.281142779043876, 1445579.205263316631317 ], [ 417731.042242018505931, 1445580.851182787679136 ], [ 417732.869465068681166, 1445522.639090547338128 ], [ 417738.276917801587842, 1445524.073700348846614 ], [ 417745.360320610518102, 1445525.415220758877695 ], [ 417750.305918918049429, 1445525.98656849632971 ], [ 417754.620364973437972, 1445526.296650999691337 ], [ 417758.94546644971706, 1445526.232673318125308 ], [ 417763.248853256460279, 1445525.795114275766537 ], [ 417767.498317820951343, 1445524.987248668912798 ], [ 417768.436033725505695, 1445524.766563447657973 ], [ 417768.882198178267572, 1445525.417437917087227 ], [ 417772.376238309254404, 1445530.029916987754405 ], [ 417775.383208846091293, 1445533.634496878366917 ], [ 417778.714962120051496, 1445536.941200390690938 ], [ 417782.34213223378174, 1445539.920882414560765 ], [ 417786.232749501243234, 1445542.547280190046877 ], [ 417790.35252222744748, 1445544.797244785586372 ], [ 417794.665138952957932, 1445546.65094513236545 ], [ 417799.132588501786813, 1445548.0920428133104 ] ], [ [ 418262.539388372795656, 1444506.547226023627445 ], [ 418262.382012204907369, 1444505.694725468754768 ], [ 418261.022581154713407, 1444500.98003418953158 ], [ 418259.207575579814147, 1444496.421292981598526 ], [ 418256.954474976169877, 1444492.062405014410615 ], [ 418254.284977934206836, 1444487.945348762441427 ], [ 418251.224793169763871, 1444484.109773727832362 ], [ 418247.803391934954561, 1444480.592618594877422 ], [ 418244.053724194061942, 1444477.427755490178242 ], [ 418240.011901297140867, 1444474.645663775503635 ], [ 418235.716848208219744, 1444472.273136514937505 ], [ 418231.209928636380937, 1444470.333022442879155 ], [ 418226.534546680981293, 1444468.84400591859594 ], [ 418221.735728825908154, 1444467.82042698492296 ], [ 418216.859690310549922, 1444467.272143266862258 ], [ 418211.953390051261522, 1444467.204435036052018 ], [ 418207.064078401541337, 1444467.617954359855503 ], [ 418202.238842105434742, 1444468.508718821452931 ], [ 418197.524150826211553, 1444469.8681498717051 ], [ 418192.965409618103877, 1444471.683155446546152 ], [ 418188.606521651148796, 1444473.936256050132215 ], [ 418184.4894653991214, 1444476.605753092095256 ], [ 418180.653890364512336, 1444479.665937856538221 ], [ 418177.136735231499188, 1444483.08733909134753 ], [ 418173.9718721267418, 1444486.837006832240149 ], [ 418171.189780412067194, 1444490.878829729277641 ], [ 418168.817253151442856, 1444495.173882818082348 ], [ 418166.877139079442713, 1444499.680802389979362 ], [ 418165.937190752709284, 1444502.632158116437495 ], [ 418144.06307120382553, 1444496.391831232700497 ], [ 418139.284193328814581, 1444495.278865422587842 ], [ 418134.419237330963369, 1444494.639670790173113 ], [ 418129.515055396012031, 1444494.480403129477054 ], [ 418124.618877476837952, 1444494.802596274996176 ], [ 418119.777856443368364, 1444495.603147330693901 ], [ 418115.038613974582404, 1444496.874346552183852 ], [ 418110.446791566035245, 1444498.60395159595646 ], [ 418109.566588436544407, 1444499.038304775953293 ], [ 418109.404497581534088, 1444496.887517850846052 ], [ 418109.404339986736886, 1444496.886256618192419 ], [ 418109.40430670871865, 1444496.884986012708396 ], [ 418108.354462978197262, 1444482.964021078310907 ], [ 418108.324285798124038, 1444482.614549081772566 ], [ 418110.76952242932748, 1444468.73869900777936 ], [ 418111.382947963196784, 1444463.8704266496934 ], [ 418111.516245550476015, 1444458.965470136841759 ], [ 418111.16813146264758, 1444454.071066881995648 ], [ 418110.34195822867332, 1444449.234352664090693 ], [ 418109.045682348369155, 1444444.501907684840262 ], [ 418107.291787667083554, 1444439.919307976495475 ], [ 418105.097165149461944, 1444435.530686479527503 ], [ 418102.482950209931005, 1444431.378308017970994 ], [ 418099.474319167493377, 1444427.502162266056985 ], [ 418096.100246783811599, 1444423.939578626537696 ], [ 418092.393227220338304, 1444420.724866727367043 ], [ 418088.388961101940367, 1444417.888986001256853 ], [ 418084.12601170031121, 1444415.459247530205175 ], [ 418079.645433548546862, 1444413.459051023703068 ], [ 418074.990377063571941, 1444411.907659467309713 ], [ 418070.205672984069679, 1444410.820013610180467 ], [ 418065.337400625867303, 1444410.206588076427579 ], [ 418060.432444113073871, 1444410.073290489148349 ], [ 418055.53804085822776, 1444410.421404576860368 ], [ 418050.701326640264597, 1444411.247577810892835 ], [ 418045.968881661072373, 1444412.543853691313416 ], [ 418041.386281952844001, 1444414.297748372424394 ], [ 418036.997660455817822, 1444416.492370890220627 ], [ 418036.342856924340595, 1444416.904615869745612 ], [ 418036.921699113736395, 1444393.351645209593698 ], [ 418036.902991715469398, 1444390.66210838756524 ], [ 418036.906879188434687, 1444390.393933459185064 ], [ 418036.900606186012737, 1444390.319144114619121 ], [ 418036.899774465709925, 1444390.199568833224475 ], [ 418035.237378063437063, 1444347.021859533851966 ], [ 418034.604547596245538, 1444327.022534329909831 ], [ 418039.117443924536929, 1444322.564302131766453 ], [ 418051.013383310346399, 1444317.491147394059226 ], [ 418051.623886105138808, 1444318.771498007001355 ], [ 418054.299773445585743, 1444323.15811380953528 ], [ 418057.411735565867275, 1444327.246935524512082 ], [ 418060.92690669640433, 1444330.994780662702397 ], [ 418064.808162733446807, 1444334.362067824695259 ], [ 418069.014513310859911, 1444337.313234725501388 ], [ 418073.501534703886136, 1444339.817113771103323 ], [ 418158.890687528764829, 1444381.865879604592919 ], [ 418163.39373159466777, 1444383.814971901010722 ], [ 418168.06613672565436, 1444385.313303283182904 ], [ 418172.862905106216203, 1444386.34644400072284 ], [ 418177.737841234600637, 1444386.904444344108924 ], [ 418182.643996811064426, 1444386.981930464506149 ], [ 418187.534122875309549, 1444386.578156128292903 ], [ 418192.36112484021578, 1444385.697009903378785 ], [ 418197.078516038134694, 1444384.346977709559724 ], [ 418201.640865413064603, 1444382.541061094496399 ], [ 418206.004235046450049, 1444380.296652022749186 ], [ 418210.126603303477168, 1444377.635365380439907 ], [ 418213.968269524280913, 1444374.582830812782049 ], [ 418217.492236363119446, 1444371.168445896357298 ], [ 418218.840477113903034, 1444369.577520199352875 ], [ 418234.348848892492242, 1444384.889706146437675 ], [ 418236.110046518035233, 1444386.546461013611406 ], [ 418248.644609300943557, 1444397.778956690104678 ], [ 418252.303524739807472, 1444400.758794639259577 ], [ 418256.227057547308505, 1444403.380432810634375 ], [ 418260.380261450074613, 1444405.620520696043968 ], [ 418281.932946111599449, 1444415.96355653507635 ], [ 418286.455529345432296, 1444417.866871414938942 ], [ 418291.14289258653298, 1444419.317730638198555 ], [ 418295.949893964454532, 1444420.302161636995152 ], [ 418300.830239428265486, 1444420.810683802701533 ], [ 418305.736928583180998, 1444420.838399789296091 ], [ 418310.622707330447156, 1444420.38504267623648 ], [ 418315.440522949793376, 1444419.454978540539742 ], [ 418320.143977243220434, 1444418.057164408033714 ], [ 418324.687773374724202, 1444416.205061993328854 ], [ 418329.028152103535831, 1444413.916508054826409 ], [ 418333.123313209915068, 1444411.213542618323117 ], [ 418336.933818053745199, 1444408.122196718119085 ], [ 418340.422969390347134, 1444404.672241705469787 ], [ 418343.557164784986526, 1444400.896902533015236 ], [ 418346.306220222613774, 1444396.83253778074868 ], [ 418348.643660796689801, 1444392.518289502942935 ], [ 418350.546975676668808, 1444387.99570626905188 ], [ 418351.997834899753798, 1444383.308343028184026 ], [ 418352.982265898550395, 1444378.501341650029644 ], [ 418353.490788064431399, 1444373.620996186276898 ], [ 418353.518504050851334, 1444368.714307031361386 ], [ 418353.065146937791724, 1444363.828528284095228 ], [ 418352.135082802094985, 1444359.010712664807215 ], [ 418350.737268669705372, 1444354.307258371263742 ], [ 418348.885166254942305, 1444349.76346223987639 ], [ 418346.596612316498067, 1444345.423083510948345 ], [ 418343.893646879878361, 1444341.327922404743731 ], [ 418340.802300979732536, 1444337.517417560797185 ], [ 418337.352345967083238, 1444334.028266224311665 ], [ 418333.57700679457048, 1444330.894070829730481 ], [ 418329.512642042303924, 1444328.145015391986817 ], [ 418325.198393764614593, 1444325.80757481791079 ], [ 418310.845861922949553, 1444318.919859735062346 ], [ 418316.020555799361318, 1444319.348989523248747 ], [ 418391.391240315046161, 1444321.628953552106395 ], [ 418393.672460677684285, 1444394.366208020597696 ], [ 418393.708389883104246, 1444395.083019206766039 ], [ 418393.708410930179525, 1444395.258237315109 ], [ 418393.726229349907953, 1444395.438928257208318 ], [ 418393.766216885764152, 1444396.236705794231966 ], [ 418397.47735052119242, 1444450.083587112138048 ], [ 418393.614918124047108, 1444450.32531418884173 ], [ 418388.743952712626196, 1444450.870868815341964 ], [ 418383.949806837830693, 1444451.890721363713965 ], [ 418379.278550196962897, 1444453.37507148552686 ], [ 418374.775071574375033, 1444455.309655209770426 ], [ 418370.482647479162551, 1444457.675882011186332 ], [ 418366.442526276339777, 1444460.451013459591195 ], [ 418362.693531807861291, 1444463.608381725149229 ], [ 418359.271690311725251, 1444467.117645845282823 ], [ 418356.209884225565474, 1444470.945083288475871 ], [ 418356.137499109609053, 1444471.056377994595096 ], [ 418336.045212641358376, 1444472.690934092039242 ], [ 418331.180015245394316, 1444473.328288732329383 ], [ 418326.40071678388631, 1444474.439447071403265 ], [ 418321.753344513650518, 1444476.013708047568798 ], [ 418317.282655170187354, 1444478.035910666687414 ], [ 418313.03170393576147, 1444480.486580012366176 ], [ 418309.041429794568103, 1444483.342114798957482 ], [ 418305.350261267914902, 1444486.575014665257186 ], [ 418301.993746326479595, 1444490.154145018896088 ], [ 418299.004210044047795, 1444494.045036877272651 ], [ 418296.410443289205432, 1444498.210218825377524 ], [ 418294.237425453786273, 1444502.609577883966267 ], [ 418292.506083887361456, 1444507.200745820300654 ], [ 418291.233092355716508, 1444511.939507177332416 ], [ 418290.430710463202558, 1444516.780225093010813 ], [ 418290.148939593636896, 1444521.03755478025414 ], [ 418287.041357331909239, 1444518.056646373588592 ], [ 418283.184445827559102, 1444515.023397243116051 ], [ 418279.048796000715811, 1444512.382797472644597 ], [ 418274.67423641984351, 1444510.16027748095803 ], [ 418270.102896485186648, 1444508.377241351176053 ], [ 418265.378800699254498, 1444507.050860695308074 ], [ 418262.539388372795656, 1444506.547226023627445 ] ], [ [ 418330.960321833030321, 1443914.152283570263535 ], [ 418364.254544851079118, 1443919.63447256013751 ], [ 418359.671066454786342, 1443927.676054572220892 ], [ 418331.554549764434341, 1443922.07531367125921 ], [ 418331.503269313427154, 1443918.884158588713035 ], [ 418330.960321833030321, 1443914.152283570263535 ] ], [ [ 417979.792102670297027, 1445477.725589259527624 ], [ 417980.365611058659852, 1445477.586823741672561 ], [ 417984.998690538865048, 1445475.970983041217551 ], [ 417989.451080390368588, 1445473.908801853889599 ], [ 417993.67990166490199, 1445471.420140111586079 ], [ 417997.644428501953371, 1445468.528964987723157 ], [ 417999.656773174589034, 1445466.734341128496453 ], [ 418005.432075748802163, 1445484.484513877658173 ], [ 417979.792102670297027, 1445477.725589259527624 ] ], [ [ 418166.091747254889924, 1444651.251609729370102 ], [ 418167.630273671646137, 1444646.335549307055771 ], [ 418168.654836817993782, 1444641.287283865502104 ], [ 418168.774630006693769, 1444640.487622761400416 ], [ 418182.770277422270738, 1444642.77498680842109 ], [ 418185.718015207035933, 1444643.969641977222636 ], [ 418184.917847355827689, 1444644.768020275281742 ], [ 418181.800782804493792, 1444648.557515653548762 ], [ 418179.070163271157071, 1444652.634289329173043 ], [ 418176.752286114788149, 1444656.959079743362963 ], [ 418175.281696146645118, 1444660.498186597134918 ], [ 418164.778690871724393, 1444654.302921378752217 ], [ 418166.091747254889924, 1444651.251609729370102 ] ], [ [ 418434.411833640246186, 1444018.727063758065924 ], [ 418439.859350349463057, 1444009.209128410788253 ], [ 418475.636030686728191, 1444035.616469584405422 ], [ 418477.729916692012921, 1444043.44624663842842 ], [ 418459.031737594748847, 1444044.728608715115115 ], [ 418432.704120639362372, 1444021.496427997248247 ], [ 418434.411833640246186, 1444018.727063758065924 ] ], [ [ 418373.955479523981921, 1444114.933637784095481 ], [ 418373.337654734845273, 1444109.944644896779209 ], [ 418372.221983318508137, 1444105.042906960938126 ], [ 418371.066489812568761, 1444101.606562410714105 ], [ 418371.658981274929829, 1444100.995610331417993 ], [ 418381.413911068753805, 1444109.60361660271883 ], [ 418382.284423767472617, 1444126.523944134125486 ], [ 418383.471152234473266, 1444158.246397534850985 ], [ 418377.171975227887742, 1444159.182896272512153 ], [ 418377.165297158237081, 1444158.875100954435766 ], [ 418373.955479523981921, 1444114.933637784095481 ] ], [ [ 418387.073196854616981, 1444661.515484841540456 ], [ 418386.767877989390399, 1444656.618225707206875 ], [ 418386.371516178245656, 1444654.16897697839886 ], [ 418389.640538082516287, 1444655.135230971965939 ], [ 418394.613141632522456, 1444656.071734410244972 ], [ 418410.014525541453622, 1444658.171964133623987 ], [ 418410.204842014063615, 1444662.932360240723938 ], [ 418410.307688472559676, 1444664.307642041938379 ], [ 418410.329559384321328, 1444664.989093099487945 ], [ 418410.397344028227963, 1444665.506532659055665 ], [ 418410.46345185872633, 1444666.390538754407316 ], [ 418412.480419485887978, 1444684.765672621550038 ], [ 418412.490406199125573, 1444684.855899099959061 ], [ 418412.874321861076169, 1444688.295882178470492 ], [ 418413.883086231595371, 1444698.25236183241941 ], [ 418410.785001976590138, 1444694.75078716664575 ], [ 418407.189045614213683, 1444691.412304805126041 ], [ 418403.283176270429976, 1444688.442363508045673 ], [ 418399.105009602266364, 1444685.869565433589742 ], [ 418395.871168782294262, 1444684.292413788381964 ], [ 418392.914436589868274, 1444682.438170840730891 ], [ 418388.521975293057039, 1444680.251243682578206 ], [ 418387.202927072939929, 1444679.749054214917123 ], [ 418387.28319986833958, 1444677.451804754557088 ], [ 418387.073196854616981, 1444661.515484841540456 ] ], [ [ 418575.818313166557346, 1444837.123524252325296 ], [ 418575.087271721218713, 1444832.091083565494046 ], [ 418569.946872605709359, 1444806.082999974256381 ], [ 418569.875075689109508, 1444805.799197370419279 ], [ 418583.470953590061981, 1444803.497374443802983 ], [ 418596.773973771370947, 1444851.416776152327657 ], [ 418594.948312862368766, 1444864.870251076761633 ], [ 418585.54466298938496, 1444884.346126338932663 ], [ 418583.686700945661869, 1444888.711894580163062 ], [ 418582.250920756196138, 1444893.234116438776255 ], [ 418581.250251308607403, 1444897.872070292243734 ], [ 418580.836846500751562, 1444901.372094747843221 ], [ 418577.340489497408271, 1444897.113885230850428 ], [ 418576.002047827758361, 1444895.550542775075883 ], [ 418568.563009936537128, 1444887.215053629362956 ], [ 418569.546597879554611, 1444877.273326262133196 ], [ 418574.91818069817964, 1444852.300035576568916 ], [ 418575.733328114380129, 1444847.280532060191035 ], [ 418576.034410397463944, 1444842.204191811615601 ], [ 418575.818313166557346, 1444837.123524252325296 ] ], [ [ 418731.625444187026005, 1444473.316590685397387 ], [ 418725.799939516931772, 1444474.576109373709187 ], [ 418723.97326461377088, 1444467.93203365104273 ], [ 418727.759630517160986, 1444466.357896499335766 ], [ 418731.625444187026005, 1444473.316590685397387 ] ] ], [ [ [ 418718.841958173143212, 1444945.636652797926217 ], [ 418720.888599069265183, 1444937.466004335554317 ], [ 418712.665820729220286, 1444958.146361244609579 ], [ 418711.07879037305247, 1444962.789388413075358 ], [ 418709.954498247418087, 1444967.565614313818514 ], [ 418709.332611987658311, 1444972.213494975119829 ], [ 418718.841958173143212, 1444945.636652797926217 ] ] ], [ [ [ 417848.480843066761736, 1450267.743757933145389 ], [ 417798.029191020934377, 1450183.570261739660054 ], [ 417739.57003208110109, 1450104.747210595523939 ], [ 417673.666359904920682, 1450032.033713572658598 ], [ 417600.952862882055342, 1449966.130041396478191 ], [ 417522.129811737977434, 1449907.670882456703112 ], [ 417437.956315544375684, 1449857.219230410875753 ], [ 417349.243011083453894, 1449815.260962247848511 ], [ 417256.84425597282825, 1449782.20015902700834 ], [ 417161.649900734541006, 1449758.355214355979115 ], [ 417064.576719047967345, 1449743.955768086947501 ], [ 416966.559578718384728, 1449739.140494759194553 ], [ 416868.542438388802111, 1449743.955768086947501 ], [ 416771.469256702228449, 1449758.355214355979115 ], [ 416676.274901463941205, 1449782.20015902700834 ], [ 416583.876146353315562, 1449815.260962247848511 ], [ 416495.162841892393772, 1449857.219230410875753 ], [ 416410.989345698792022, 1449907.670882456703112 ], [ 416332.166294554714113, 1449966.130041396478191 ], [ 416259.452797531848773, 1450032.033713572658598 ], [ 416193.549125355668366, 1450104.747210595523939 ], [ 416135.089966415835079, 1450183.570261739660054 ], [ 416084.63831437000772, 1450267.743757933145389 ], [ 416042.680046207096893, 1450356.457062394125387 ], [ 416009.619242986198515, 1450448.855817504692823 ], [ 415985.77429831516929, 1450544.05017274315469 ], [ 415971.374852046195883, 1450641.123354429611936 ], [ 415966.559578718384728, 1450739.140494759194553 ], [ 415971.374852046195883, 1450837.15763508877717 ], [ 415985.77429831516929, 1450934.230816775234416 ], [ 416009.619242986198515, 1451029.425172013696283 ], [ 416042.680046207096893, 1451121.823927124263719 ], [ 416084.63831437000772, 1451210.537231585243717 ], [ 416135.089966415835079, 1451294.710727778729051 ], [ 416193.549125355668366, 1451373.533778922865167 ], [ 416259.452797531848773, 1451446.247275945730507 ], [ 416332.166294554714113, 1451512.150948121910915 ], [ 416410.989345698792022, 1451570.610107061685994 ], [ 416495.162841892393772, 1451621.061759107513353 ], [ 416583.876146353315562, 1451663.020027270540595 ], [ 416676.274901463941205, 1451696.080830491380766 ], [ 416771.469256702228449, 1451719.925775162409991 ], [ 416868.542438388802111, 1451734.325221431441605 ], [ 416966.559578718384728, 1451739.140494759194553 ], [ 417064.576719047967345, 1451734.325221431441605 ], [ 417161.649900734541006, 1451719.925775162409991 ], [ 417256.84425597282825, 1451696.080830491380766 ], [ 417349.243011083453894, 1451663.020027270540595 ], [ 417437.956315544375684, 1451621.061759107513353 ], [ 417522.129811737977434, 1451570.610107061685994 ], [ 417535.067278356291354, 1451561.01502787694335 ], [ 417534.943169768550433, 1451557.602026269538328 ], [ 417534.340152221673634, 1451541.233755768509582 ], [ 417534.270178016682621, 1451539.853325655916706 ], [ 417533.342994508973788, 1451525.491464375751093 ], [ 417555.969824747124221, 1451522.897122266236693 ], [ 417589.071697914914694, 1451519.246653680922464 ], [ 417588.082070190052036, 1451520.575026334729046 ], [ 417586.861177917919122, 1451522.602053973358124 ], [ 417600.952862882055342, 1451512.150948121910915 ], [ 417673.666359904920682, 1451446.247275945730507 ], [ 417709.698343218246009, 1451406.492108670994639 ], [ 417700.881223128002603, 1451407.090064360992983 ], [ 417699.238764727662783, 1451407.22868315805681 ], [ 417619.798617773165461, 1451415.253958133747801 ], [ 417619.343419802607968, 1451415.302049402147532 ], [ 417544.90086587832775, 1451423.511560783488676 ], [ 417544.686056963575538, 1451423.535719969775528 ], [ 417475.641014386026654, 1451431.452271229121834 ], [ 417420.362164475896861, 1451436.66827871161513 ], [ 417419.041581727040466, 1451431.397446974413469 ], [ 417417.758318956999574, 1451427.102383407764137 ], [ 417416.095533436280675, 1451422.939514362020418 ], [ 417414.066590192262083, 1451418.942299870308489 ], [ 417411.687797330436297, 1451415.142868478782475 ], [ 417408.25990295218071, 1451410.177485160762444 ], [ 417410.386540028150193, 1451410.684433676302433 ], [ 417415.248107137565967, 1451411.348912328947335 ], [ 417420.151394769840408, 1451411.533674429636449 ], [ 417425.04918158473447, 1451411.23694061813876 ], [ 417429.894299217790831, 1451410.461568603757769 ], [ 417434.640086537634488, 1451409.215025642653927 ], [ 417439.240839017962571, 1451407.509316624607891 ], [ 417443.652248897473328, 1451405.36086846049875 ], [ 417447.831831887422595, 1451402.790371880168095 ], [ 417451.739336318860296, 1451399.822582171065733 ], [ 417455.337130788015202, 1451396.486080770613626 ], [ 417458.590566567436326, 1451392.813000010792166 ], [ 417461.468311292061117, 1451388.838713667355478 ], [ 417463.942650707089342, 1451384.601496290415525 ], [ 417465.989755571237765, 1451380.142154599772766 ], [ 417467.589911145681981, 1451375.503634493565187 ], [ 417468.727707057492808, 1451370.730607455829158 ], [ 417469.392185710021295, 1451365.869040346471593 ], [ 417469.5769478106522, 1451360.965752714080736 ], [ 417469.280213999329135, 1451356.067965899361297 ], [ 417447.044162493140902, 1451153.994886992964894 ], [ 417456.119210391305387, 1451154.210933433147147 ], [ 417502.282309287635144, 1451155.603662473382428 ], [ 417522.967941169859841, 1451156.227027905639261 ], [ 417616.47777400322957, 1451158.965853398665786 ], [ 417617.392997170449235, 1451158.984276029746979 ], [ 417675.918102868599817, 1451159.626449917443097 ], [ 417676.46148503141012, 1451159.629459334770218 ], [ 417733.293684080825187, 1451159.635387995513156 ], [ 417733.6451984072919, 1451159.634189027361572 ], [ 417758.298285498807672, 1451159.463438443606719 ], [ 417734.109783009858802, 1451287.059434023452923 ], [ 417733.95503648405429, 1451288.171532082371414 ], [ 417733.741291146725416, 1451289.273812224622816 ], [ 417733.645945926953573, 1451290.292105951579288 ], [ 417733.492462327994872, 1451291.303271422162652 ], [ 417733.476219325792044, 1451291.612589187687263 ], [ 417733.433530285896268, 1451291.919377324869856 ], [ 417733.38853357831249, 1451293.04128813999705 ], [ 417733.28385983069893, 1451294.159211208345369 ], [ 417732.928588707349263, 1451302.178566948045045 ], [ 417732.880756677477621, 1451304.050618826644495 ], [ 417732.476585461001378, 1451363.335736216744408 ], [ 417732.13412883906858, 1451381.738033866509795 ], [ 417739.57003208110109, 1451373.533778922865167 ], [ 417798.029191020934377, 1451294.710727778729051 ], [ 417848.480843066761736, 1451210.537231585243717 ], [ 417890.439111229672562, 1451121.823927124263719 ], [ 417923.499914450570941, 1451029.425172013696283 ], [ 417947.344859121600166, 1450934.230816775234416 ], [ 417961.744305390573572, 1450837.15763508877717 ], [ 417966.559578718384728, 1450739.140494759194553 ], [ 417964.482079460110981, 1450696.852025866275653 ], [ 417962.276585653133225, 1450696.399261607090011 ], [ 417962.582491931505501, 1450695.026687636738643 ], [ 417962.668705937277991, 1450694.296235885703936 ], [ 417962.812957427930087, 1450693.535037893336266 ], [ 417962.982447613379918, 1450691.638046480482444 ], [ 417963.178868108079769, 1450689.973865666426718 ], [ 417963.676551721757278, 1450682.510378236183897 ], [ 417963.73473762528738, 1450681.639533343492076 ], [ 417961.744305390573572, 1450641.123354429611936 ], [ 417947.344859121600166, 1450544.05017274315469 ], [ 417923.499914450570941, 1450448.855817504692823 ], [ 417890.439111229672562, 1450356.457062394125387 ], [ 417848.480843066761736, 1450267.743757933145389 ] ], [ [ 416910.951549652614631, 1451314.709432339994237 ], [ 416911.002663686289452, 1451315.194357722299173 ], [ 416909.541778903629165, 1451314.775325040565804 ], [ 416910.951549652614631, 1451314.709432339994237 ] ], [ [ 417053.531159815436695, 1450924.12734179222025 ], [ 417099.480221891251858, 1450924.51107260864228 ], [ 417099.348191358149052, 1451007.099539107643068 ], [ 417052.301408131141216, 1451004.688225245568901 ], [ 417053.531159815436695, 1450924.12734179222025 ] ], [ [ 417184.561683621897828, 1449884.635918139480054 ], [ 417189.2720266522374, 1449886.675509989727288 ], [ 417194.166655554960016, 1449888.221431813202798 ], [ 417199.193986293452326, 1449889.257391283754259 ], [ 417204.301036298798863, 1449889.772470521973446 ], [ 417209.433982848364394, 1449889.761241155443713 ], [ 417214.538730297994334, 1449889.223821529652923 ], [ 417219.561480191419832, 1449888.165875459555537 ], [ 417234.201933939999435, 1449884.28767902799882 ], [ 417244.385946615308058, 1449881.596523864427581 ], [ 417245.589025118853897, 1449886.479289640439674 ], [ 417246.259928243467584, 1449888.931932930136099 ], [ 417247.192535532754846, 1449892.029540742048994 ], [ 417245.493432513438165, 1449892.24688594089821 ], [ 417240.710784400871489, 1449893.343537057051435 ], [ 417236.058656652574427, 1449894.903688989579678 ], [ 417231.581851801776793, 1449896.912316622212529 ], [ 417227.4648857669672, 1449899.269128415035084 ], [ 417224.845866938063409, 1449899.535823279991746 ], [ 417220.036572183773387, 1449900.508988530607894 ], [ 417215.345822373114061, 1449901.948861043201759 ], [ 417210.818791991041508, 1449903.841574058867991 ], [ 417206.499078814871609, 1449906.1688997161109 ], [ 417202.428284043911844, 1449908.908424596535042 ], [ 417198.645611657062545, 1449912.033765578409657 ], [ 417195.187490857264493, 1449915.514823919394985 ], [ 417192.087225238268729, 1449919.318075124640018 ], [ 417189.374672052683309, 1449923.406891806051135 ], [ 417188.643135974707548, 1449924.786449075909331 ], [ 417188.359583501063753, 1449923.217456904938444 ], [ 417187.850728355930187, 1449920.756807828089222 ], [ 417184.292323536414187, 1449905.494119413429871 ], [ 417182.980825848178938, 1449900.881613215897232 ], [ 417181.233498448040336, 1449896.415956873679534 ], [ 417179.066413420834579, 1449892.138225922361016 ], [ 417176.499503822415136, 1449888.087767340475693 ], [ 417173.556380333204288, 1449884.301837634993717 ], [ 417170.264114085235633, 1449880.815260149538517 ], [ 417166.652987658861093, 1449877.660104758571833 ], [ 417163.549124179698993, 1449875.434055585414171 ], [ 417166.830956280522514, 1449872.517450148705393 ], [ 417167.09816886583576, 1449872.267075246199965 ], [ 417175.889957295847125, 1449879.166680837748572 ], [ 417180.085268328955863, 1449882.124151330441236 ], [ 417184.561683621897828, 1449884.635918139480054 ] ], [ [ 416622.069989839685149, 1449994.94951551547274 ], [ 416625.381661615334451, 1449997.843656053068116 ], [ 416629.375048577552661, 1450000.694836020935327 ], [ 416633.628670797043014, 1450003.140866407426074 ], [ 416635.904553263506386, 1450004.167314615100622 ], [ 416615.648835679981858, 1450005.377738423645496 ], [ 416622.069989839685149, 1449994.94951551547274 ] ], [ [ 416500.199327712995, 1450166.246504098176956 ], [ 416504.800835173809901, 1450163.925562765914947 ], [ 416528.856634814874269, 1450150.193271626951173 ], [ 416529.469714855018537, 1450150.833663901779801 ], [ 416485.304755893128458, 1450174.553499199915677 ], [ 416485.017134062421974, 1450174.709187463158742 ], [ 416463.407888402522076, 1450186.497708716662601 ], [ 416462.336625655647367, 1450178.757357724010944 ], [ 416495.383353184675798, 1450168.081450670259073 ], [ 416500.199327712995, 1450166.246504098176956 ] ], [ [ 416782.457759869867004, 1450176.7904571313411 ], [ 416781.810096076165792, 1450172.657198243075982 ], [ 416784.541659273381811, 1450172.044084927532822 ], [ 416788.968524720577989, 1450170.83461292902939 ], [ 416793.265853119723033, 1450169.224355548154563 ], [ 416795.647214105410967, 1450168.073051740648225 ], [ 416796.603363961796276, 1450174.124033132568002 ], [ 416782.457759869867004, 1450176.7904571313411 ] ], [ [ 416781.712905506778043, 1449980.750190170481801 ], [ 416782.332257165689953, 1449980.321631632279605 ], [ 416783.316707368358038, 1449982.304660256020725 ], [ 416781.41119162918767, 1449998.618327558971941 ], [ 416772.547987217083573, 1450006.910425363807008 ], [ 416752.083125066186767, 1450017.748068813700229 ], [ 416750.957106613263022, 1449988.311624801950529 ], [ 416754.884494670492131, 1449988.338727706810459 ], [ 416759.588196466269437, 1449988.149576789466664 ], [ 416764.253262073441874, 1449987.518901330651715 ], [ 416768.838339251931757, 1449986.452291786205024 ], [ 416773.302784798084758, 1449984.959202834172174 ], [ 416777.6070248153992, 1449983.052869566483423 ], [ 416781.712905506778043, 1449980.750190170481801 ] ], [ [ 417875.557433688256424, 1451125.917171255219728 ], [ 417876.713020340597723, 1451120.21602965448983 ], [ 417881.721329558931757, 1451096.406573426444083 ], [ 417888.270098618639167, 1451097.944170417264104 ], [ 417880.323361982300412, 1451127.560451260302216 ], [ 417877.395470698713325, 1451126.600251416442916 ], [ 417875.557433688256424, 1451125.917171255219728 ] ], [ [ 417657.073448582261335, 1450676.868141178507358 ], [ 417658.655108200386167, 1450672.223281709011644 ], [ 417659.773875852697529, 1450667.445758754620329 ], [ 417660.418977195105981, 1450662.581582473125309 ], [ 417660.584199549106415, 1450657.677597541362047 ], [ 417660.267951733025257, 1450652.781032014405355 ], [ 417659.473279386293143, 1450647.939042495796457 ], [ 417658.207835637906101, 1450643.198259990895167 ], [ 417656.483807403070386, 1450638.604340826859698 ], [ 417654.317798016010784, 1450634.201526956865564 ], [ 417651.730667331255972, 1450630.032219885149971 ], [ 417648.74733083153842, 1450626.136572317685932 ], [ 417645.396519678237382, 1450622.552101470530033 ], [ 417641.710504014452454, 1450619.313327757408842 ], [ 417637.724782186094671, 1450616.451442339457572 ], [ 417633.477738873043563, 1450613.994006737833843 ], [ 417632.312444877054077, 1450613.464678704971448 ], [ 417632.336189269321039, 1450611.723909888416529 ], [ 417631.908987403556239, 1450606.76530093466863 ], [ 417626.943194079678506, 1450570.404888217803091 ], [ 417626.019215247884858, 1450565.488620384363458 ], [ 417624.608619353035465, 1450560.689282355830073 ], [ 417622.725525572022889, 1450556.054912484716624 ], [ 417614.497944210714195, 1450538.395374935586005 ], [ 417597.393448454269674, 1450467.678988885367289 ], [ 417596.007263962063007, 1450462.972094028722495 ], [ 417594.166397953405976, 1450458.423733997158706 ], [ 417591.888578974234406, 1450454.077711984049529 ], [ 417589.195743666554336, 1450449.975882557453588 ], [ 417588.34253292880021, 1450448.918854842660949 ], [ 417588.639927885204088, 1450448.126561467535794 ], [ 417589.905682443233673, 1450443.385861937189475 ], [ 417589.915390994690824, 1450443.326731368666515 ], [ 417662.285436084843241, 1450440.454625866841525 ], [ 417661.667546237702481, 1450442.659020263236016 ], [ 417660.812700317474082, 1450447.490749259479344 ], [ 417660.43556297296891, 1450452.383001712383702 ], [ 417660.539766243135091, 1450457.288662556326017 ], [ 417661.124306593381334, 1450462.160487596178427 ], [ 417662.183554580667987, 1450466.951558493077755 ], [ 417663.707309067831375, 1450471.615734615596011 ], [ 417665.680895466182847, 1450476.108097397955135 ], [ 417668.085307059809566, 1450480.385382930515334 ], [ 417670.897388050740119, 1450484.406398615567014 ], [ 417674.09005656169029, 1450488.132419873960316 ], [ 417677.632565449748654, 1450491.527563084149733 ], [ 417681.490798417653423, 1450494.559131160844117 ], [ 417685.315993027179502, 1450496.999160355888307 ], [ 417687.218123977538198, 1450509.171760021476075 ], [ 417688.212642914091703, 1450513.976684445748106 ], [ 417689.673337921733037, 1450518.660991943674162 ], [ 417691.586141709063668, 1450523.179570072796196 ], [ 417693.932632929878309, 1450527.488902456127107 ], [ 417696.69021359103499, 1450531.547487866831943 ], [ 417699.832326683332212, 1450535.316239908803254 ], [ 417703.328711940033827, 1450538.758863439783454 ], [ 417707.145697259809822, 1450541.842204113025218 ], [ 417711.246522987436038, 1450544.536567672621459 ], [ 417715.591695929470006, 1450546.816005924250931 ], [ 417720.139369695039932, 1450548.658566631842405 ], [ 417724.845747699902859, 1450550.046504928031936 ], [ 417729.665504951030016, 1450550.966454208828509 ], [ 417734.552224551385734, 1450551.409554859623313 ], [ 417735.836897419183515, 1450551.399601531680673 ], [ 417736.80472024937626, 1450558.05049503990449 ], [ 417737.748703179822769, 1450562.865602812962607 ], [ 417739.160103668749798, 1450567.564998018555343 ], [ 417741.025329157884698, 1450572.103422912070528 ], [ 417743.326416506082751, 1450576.437169980723411 ], [ 417746.041204984416254, 1450580.524502871092409 ], [ 417749.143549695611, 1450584.326058333273977 ], [ 417752.603573364322074, 1450587.80522530968301 ], [ 417756.387954071105924, 1450590.928497520973906 ], [ 417760.460246161033865, 1450593.665796147892252 ], [ 417764.781231235072482, 1450595.990759508684278 ], [ 417769.309295844985172, 1450597.880996935069561 ], [ 417774.000832253193948, 1450599.318304407177493 ], [ 417778.810658399481326, 1450600.288839868502691 ], [ 417783.692453028692398, 1450600.783256531925872 ], [ 417788.599201789940707, 1450600.796792894601822 ], [ 417793.483650010311976, 1450600.329318594420329 ], [ 417798.298757783311885, 1450599.385335663799196 ], [ 417802.998152988962829, 1450597.973935174988583 ], [ 417807.536577882478014, 1450596.108709685970098 ], [ 417811.870324951072689, 1450593.807622337713838 ], [ 417815.957657841499895, 1450591.092833859380335 ], [ 417819.759213303681463, 1450587.990489148069173 ], [ 417820.414995389583055, 1450587.338315350702032 ], [ 417822.389222822210286, 1450591.034919852158055 ], [ 417825.113860929908697, 1450595.115693531464785 ], [ 417828.22536492679501, 1450598.909755934262648 ], [ 417831.6937693284126, 1450602.38056816556491 ], [ 417835.485671504342463, 1450605.494704406475648 ], [ 417839.564553363830782, 1450608.222173822578043 ], [ 417843.891133044788148, 1450610.536709392210469 ], [ 417848.423743219755124, 1450612.416020872769877 ], [ 417853.118732374918181, 1450613.842009467305616 ], [ 417857.930885198235046, 1450614.800942126195878 ], [ 417862.813858027395327, 1450615.283583803568035 ], [ 417867.720625164743979, 1450615.285286396276206 ], [ 417868.395330064289737, 1450615.219070141902193 ], [ 417867.200916539004538, 1450631.053366098785773 ], [ 417818.071720572072081, 1450643.779378965031356 ], [ 417712.64510918490123, 1450671.105364052345976 ], [ 417651.630953679850791, 1450686.913698307005689 ], [ 417652.586693643359467, 1450685.582647940376773 ], [ 417655.044129245041404, 1450681.335604627383873 ], [ 417657.073448582261335, 1450676.868141178507358 ] ], [ [ 417808.028482139692642, 1450405.576221221359447 ], [ 417828.711853763146792, 1450404.031209381297231 ], [ 417829.554397584637627, 1450403.961104963440448 ], [ 417851.572193915431853, 1450401.941521561006084 ], [ 417852.43162183201639, 1450407.952898778952658 ], [ 417852.497831914399285, 1450408.38599781319499 ], [ 417852.502741917211097, 1450408.433668105630204 ], [ 417852.51229143718956, 1450408.480581676354632 ], [ 417852.578145512205083, 1450408.911351965041831 ], [ 417859.998134678637143, 1450454.485087145352736 ], [ 417863.70806509378599, 1450509.194721621228382 ], [ 417863.238644588680472, 1450509.25567360338755 ], [ 417858.547743623668794, 1450510.093739636940882 ], [ 417853.957925746741239, 1450511.374551253160462 ], [ 417849.510879184061196, 1450513.086475144606084 ], [ 417845.246995404013433, 1450515.213962312554941 ], [ 417843.082665202266071, 1450516.425967179005966 ], [ 417838.638780297769699, 1450519.231018793070689 ], [ 417834.513851276889909, 1450522.486996092833579 ], [ 417832.910578572715167, 1450524.052122190827504 ], [ 417826.132921731157694, 1450477.475959198083729 ], [ 417825.318212908052374, 1450473.195647805230692 ], [ 417815.754836363892537, 1450432.657408678438514 ], [ 417812.261066660576034, 1450417.860545654548332 ], [ 417810.273201462870929, 1450411.419086223701015 ], [ 417808.028482139692642, 1450405.576221221359447 ] ], [ [ 417833.481057989527471, 1450303.181138772750273 ], [ 417820.841213012812659, 1450304.340529146837071 ], [ 417807.036614991433453, 1450305.371708578197286 ], [ 417818.81498466670746, 1450297.96041755285114 ], [ 417832.533140332903713, 1450293.103034169180319 ], [ 417833.463796085619833, 1450303.069122983142734 ], [ 417833.481057989527471, 1450303.181138772750273 ] ], [ [ 417524.595077435253188, 1450879.982153331395239 ], [ 417522.397310277854558, 1450875.595105786575004 ], [ 417519.780120115261525, 1450871.444601926486939 ], [ 417516.768711919314228, 1450867.570613372605294 ], [ 417513.392087197222281, 1450864.010448751971126 ], [ 417509.682764690893237, 1450860.798394396435469 ], [ 417505.67646720376797, 1450857.965384145267308 ], [ 417501.411777570727281, 1450855.538701435551047 ], [ 417496.929767084249761, 1450853.541716548847035 ], [ 417492.273599955427926, 1450851.993661541026086 ], [ 417487.488117619068362, 1450850.909445027820766 ], [ 417482.619406886049546, 1450850.299508607247844 ], [ 417477.714356102223974, 1450850.16972630051896 ], [ 417472.820203587994911, 1450850.521347982110456 ], [ 417467.984082707611378, 1450851.350987342884764 ], [ 417463.252567948715296, 1450852.650654502213001 ], [ 417458.671226384991314, 1450854.407832955243066 ], [ 417454.284178840112872, 1450856.605600112583488 ], [ 417450.133674980141222, 1450859.222790275234729 ], [ 417446.259686426143162, 1450862.234198471065611 ], [ 417442.699521805625409, 1450865.61082319309935 ], [ 417439.487467450031545, 1450869.320145699661225 ], [ 417436.654457198805176, 1450873.326443186728284 ], [ 417434.227774489263538, 1450877.591132819652557 ], [ 417432.23078960244311, 1450882.073143306188285 ], [ 417430.682734594505746, 1450886.72931043501012 ], [ 417429.598518081416842, 1450891.514792771311477 ], [ 417428.988581660902128, 1450896.383503504330292 ], [ 417428.858799354115035, 1450901.288554288214073 ], [ 417429.210421035648324, 1450906.182706802384928 ], [ 417447.151779899315443, 1451053.969115199986845 ], [ 417437.539400356938131, 1451053.740276696393266 ], [ 417426.000693108770065, 1450901.024236089084297 ], [ 417425.39137403620407, 1450896.155448056524619 ], [ 417424.307764321682043, 1450891.369828282156959 ], [ 417422.760299719113391, 1450886.713464900385588 ], [ 417420.763883158622775, 1450882.231201236136258 ], [ 417418.337741222931072, 1450877.966203938703984 ], [ 417415.50523898517713, 1450873.95954726357013 ], [ 417412.293654990324285, 1450870.249817504780367 ], [ 417411.552283461438492, 1450869.546487883431837 ], [ 417424.961089475022163, 1450865.120154238538817 ], [ 417426.051611443806905, 1450864.727649718290195 ], [ 417426.420162263326347, 1450864.613381493603811 ], [ 417426.71913355961442, 1450864.487392799695954 ], [ 417427.467783754924312, 1450864.217935976106673 ], [ 417495.288127813953906, 1450837.746424298500642 ], [ 417499.6567836208269, 1450835.795527873095125 ], [ 417503.818972407665569, 1450833.436007810756564 ], [ 417507.736583258607425, 1450830.689468963071704 ], [ 417511.373744725889992, 1450827.581059903372079 ], [ 417512.780143880634569, 1450826.124552591238171 ], [ 417514.168743435991928, 1450825.83536508702673 ], [ 417516.850665187288541, 1450825.139934251550585 ], [ 417530.863741631270386, 1450838.444211304187775 ], [ 417534.406765769410413, 1450841.505689267069101 ], [ 417538.220645292953122, 1450844.222303030546755 ], [ 417542.271931460301857, 1450846.57022716710344 ], [ 417546.525093410338741, 1450848.528869755100459 ], [ 417550.942829777428415, 1450850.081052976194769 ], [ 417555.486395834304858, 1450851.213163769105449 ], [ 417560.115943293785676, 1450851.915273220045492 ], [ 417564.790869788790587, 1450852.181223641848192 ], [ 417569.470174966030754, 1450852.008682577870786 ], [ 417621.704594647861086, 1450847.626501921797171 ], [ 417623.658981085987762, 1450847.365450880024582 ], [ 417625.618038898275699, 1450847.142142710741609 ], [ 417625.717385877564084, 1450847.120793891372159 ], [ 417625.818299466336612, 1450847.108875762904063 ], [ 417626.190494368376676, 1450847.027311929501593 ], [ 417626.568167315446772, 1450846.976865449454635 ], [ 417628.487555374973454, 1450846.525508069433272 ], [ 417630.415291757381056, 1450846.111253946088254 ], [ 417751.059942963707726, 1450813.919002985814586 ], [ 417782.552525676204823, 1450805.519240726018324 ], [ 417783.48677622055402, 1450806.991895454702899 ], [ 417786.508763328951318, 1450810.85763737000525 ], [ 417789.895107711199671, 1450814.408558146795258 ], [ 417793.613197019789368, 1450817.610460477182642 ], [ 417797.627224022115115, 1450820.432508290978149 ], [ 417801.898531443846878, 1450822.847523725358769 ], [ 417806.385984259657562, 1450824.83224886120297 ], [ 417808.200286358362064, 1450825.429954389808699 ], [ 417800.477501787710935, 1450875.464749132050201 ], [ 417800.285251984430943, 1450877.250233859289438 ], [ 417734.566941026598215, 1450867.581226048991084 ], [ 417734.216851228964515, 1450867.541515960590914 ], [ 417733.997908800607547, 1450867.500843583373353 ], [ 417733.426556606311351, 1450867.4518741897773 ], [ 417731.27520816976903, 1450867.207850406644866 ], [ 417590.682835694868118, 1450855.963134419405833 ], [ 417585.778383941564243, 1450855.812404069118202 ], [ 417580.882774306111969, 1450856.143119862535968 ], [ 417576.043154185405001, 1450856.95209682546556 ], [ 417571.306131766934413, 1450858.231544067850336 ], [ 417566.717327166057657, 1450859.969139812979847 ], [ 417562.320933079579845, 1450862.148150064283982 ], [ 417558.159289185889065, 1450864.747589761856943 ], [ 417554.272474390629213, 1450867.742424880387262 ], [ 417550.697920845006593, 1450871.103813520167023 ], [ 417547.470053453813307, 1450874.799383671488613 ], [ 417544.619958344497718, 1450878.793544973712415 ], [ 417542.175083490961697, 1450883.047831469681114 ], [ 417540.158974374586251, 1450887.521272054873407 ], [ 417538.591047228255775, 1450892.170785051072016 ], [ 417537.486402047506999, 1450896.951593106612563 ], [ 417536.855677169281989, 1450901.817654426442459 ], [ 417536.704946818994358, 1450906.722106179688126 ], [ 417537.03566261229571, 1450911.617715815082192 ], [ 417537.844639575283509, 1450916.457335935905576 ], [ 417539.124086817610078, 1450921.19435835420154 ], [ 417540.861682562856004, 1450925.783162955194712 ], [ 417543.040692814218346, 1450930.179557041730732 ], [ 417545.640132511674892, 1450934.341200935421512 ], [ 417548.634967630088795, 1450938.228015730623156 ], [ 417551.996356270043179, 1450941.802569276187569 ], [ 417555.691926421422977, 1450945.030436667380854 ], [ 417559.686087723472156, 1450947.880531776696444 ], [ 417563.940374219382647, 1450950.325406630290672 ], [ 417568.413814804691356, 1450952.341515746666119 ], [ 417573.063327800948173, 1450953.909442892996594 ], [ 417577.84413585648872, 1450955.01408807374537 ], [ 417582.7101971762022, 1450955.644812952028587 ], [ 417675.579183245718013, 1450963.07256563869305 ], [ 417675.179283719277009, 1450974.050473120063543 ], [ 417675.23114637308754, 1450978.784954899456352 ], [ 417677.071139698091429, 1451010.299581202212721 ], [ 417677.078681136888918, 1451010.425996235338971 ], [ 417679.650494305416942, 1451052.637252784799784 ], [ 417679.999979934305884, 1451059.629827921744436 ], [ 417676.743616151390597, 1451059.629488222068176 ], [ 417618.947889273928013, 1451058.995317532680929 ], [ 417548.244774817139842, 1451056.924495433690026 ], [ 417528.481562408385798, 1450894.131130534457043 ], [ 417527.651923047669698, 1450889.295009654015303 ], [ 417526.352255888166837, 1450884.56349489511922 ], [ 417524.595077435253188, 1450879.982153331395239 ] ], [ [ 417187.533066175354179, 1451527.306628080317751 ], [ 417184.313759385840967, 1451531.009657979477197 ], [ 417184.122320958471391, 1451531.279259683564305 ], [ 417183.417190399486572, 1451530.715218171942979 ], [ 417179.40017684182385, 1451528.090943095972762 ], [ 417175.150111636321526, 1451525.863800678867847 ], [ 417170.706134853360709, 1451524.054301314521581 ], [ 417168.904746327316388, 1451523.515411712694913 ], [ 417192.542121225269511, 1451522.820347230648622 ], [ 417191.099831524072215, 1451523.936976527795196 ], [ 417187.533066175354179, 1451527.306628080317751 ] ], [ [ 417334.646378378733061, 1451506.017367272172123 ], [ 417336.163574272126425, 1451512.073187961708754 ], [ 417340.041419896821026, 1451530.773480634437874 ], [ 417337.944231898291036, 1451528.818059124983847 ], [ 417334.044743344828021, 1451525.839744893833995 ], [ 417329.872106050665025, 1451523.257988776313141 ], [ 417325.46650479384698, 1451521.097654495388269 ], [ 417320.870367922936566, 1451519.3795472511556 ], [ 417316.127958748431411, 1451518.120213355636224 ], [ 417311.284949263150338, 1451517.331780882319435 ], [ 417307.851759572338779, 1451517.114488102961332 ], [ 417311.97563559532864, 1451515.500698479125276 ], [ 417316.347721208410803, 1451513.273315703030676 ], [ 417320.480432344076689, 1451510.62811905471608 ], [ 417324.333968735008966, 1451507.590583224082366 ], [ 417327.871218719170429, 1451504.18996134144254 ], [ 417331.058116645552218, 1451500.459003254538402 ], [ 417332.673222185054328, 1451498.141924180556089 ], [ 417334.646378378733061, 1451506.017367272172123 ] ], [ [ 417103.71320772182662, 1451183.721898946678266 ], [ 417107.822204238618724, 1451183.415255490224808 ], [ 417111.891999791318085, 1451182.771324792644009 ], [ 417115.894955775467679, 1451181.794479885371402 ], [ 417122.566343748534564, 1451179.871984800323844 ], [ 417127.069483375642449, 1451178.33881715987809 ], [ 417131.406542951532174, 1451176.384646299760789 ], [ 417145.978492140828166, 1451168.965723259141669 ], [ 417174.141286958707497, 1451156.792899827472866 ], [ 417177.09063717443496, 1451155.402268009493127 ], [ 417184.180686285835691, 1451151.772124278824776 ], [ 417185.34208202722948, 1451151.822399538243189 ], [ 417186.089959170087241, 1451151.82013542833738 ], [ 417187.138696546491701, 1451176.913390898145735 ], [ 417187.566688643186353, 1451181.676654095761478 ], [ 417189.755069226317573, 1451197.496983866207302 ], [ 417132.551617193093989, 1451195.914493350079283 ], [ 417127.645976441272069, 1451196.019638263387606 ], [ 417122.774263694183901, 1451196.60511375288479 ], [ 417117.983396208786871, 1451197.665281370049343 ], [ 417113.319512657879386, 1451199.189931120723486 ], [ 417108.827528789639473, 1451201.164379794849083 ], [ 417104.550704864261206, 1451203.569612371968105 ], [ 417100.53022903407691, 1451206.382465147878975 ], [ 417096.804820679244585, 1451209.575848812237382 ], [ 417093.410357518587261, 1451213.119009335059673 ], [ 417090.379530088044703, 1451216.977824143366888 ], [ 417087.741526912606787, 1451221.115130741382018 ], [ 417085.521753404871561, 1451225.491084604524076 ], [ 417083.741587197175249, 1451230.063542905263603 ], [ 417082.418172263249289, 1451234.788470370694995 ], [ 417081.564253812364768, 1451239.620363365858793 ], [ 417081.188055546022952, 1451244.512688120361418 ], [ 417081.293200459156651, 1451249.418328872183338 ], [ 417081.878675948712043, 1451254.290041619446129 ], [ 417082.938843565818388, 1451259.080909104784951 ], [ 417084.463493316667154, 1451263.74479265557602 ], [ 417086.437941990676336, 1451268.236776523990557 ], [ 417088.843174567911774, 1451272.513600449310616 ], [ 417091.65602734364802, 1451276.534076279494911 ], [ 417094.849411008122843, 1451280.259484634269029 ], [ 417098.392571530886926, 1451283.653947794809937 ], [ 417102.251386339252349, 1451286.684775225352496 ], [ 417106.388692937209271, 1451289.322778400965035 ], [ 417110.764646800409537, 1451291.542551908642054 ], [ 417115.337105101207271, 1451293.32271811645478 ], [ 417120.062032566405833, 1451294.646133050322533 ], [ 417124.893925561744254, 1451295.500051501207054 ], [ 417129.786250316246878, 1451295.876249767607078 ], [ 417202.719573394104373, 1451297.893895346205682 ], [ 417202.276283474115189, 1451318.812772094504908 ], [ 417202.284225731506012, 1451321.256318133324385 ], [ 417204.791107608994935, 1451411.772539292927831 ], [ 417205.254065707849804, 1451417.315049629192799 ], [ 417206.251307068218011, 1451422.37399999727495 ], [ 417093.00425541982986, 1451425.704065355472267 ], [ 417026.847924234636594, 1451421.954311127541587 ], [ 417016.396759459341411, 1451361.11309423786588 ], [ 417008.252375772281084, 1451283.846283309860155 ], [ 417007.92830056452658, 1451281.367780127329752 ], [ 417002.580108919821214, 1451247.143542004516348 ], [ 416994.49539850075962, 1451187.357284310506657 ], [ 417103.71320772182662, 1451183.721898946678266 ] ], [ [ 417231.582314751169179, 1450902.27297980315052 ], [ 417236.110815828491468, 1450903.643273122143 ], [ 417240.748562446213327, 1450904.579399233916774 ], [ 417245.454028173233382, 1450905.072976056020707 ], [ 417250.408648391487077, 1450905.356598776066676 ], [ 417251.76362695399439, 1450905.37062456808053 ], [ 417251.450654089159798, 1450909.914261487312615 ], [ 417251.620423134998418, 1450915.012296886881813 ], [ 417255.049196733161807, 1450955.580025302944705 ], [ 417255.12320805870695, 1450956.379207431105897 ], [ 417264.712027006142307, 1451051.591418865369633 ], [ 417235.893746287852991, 1451051.668904954334721 ], [ 417199.276890854060184, 1451051.779756001429632 ], [ 417199.524262540333439, 1450897.042455888818949 ], [ 417208.517632965988014, 1450896.500862484565005 ], [ 417211.943142187723424, 1450896.175962274428457 ], [ 417218.570764852454886, 1450895.316359446151182 ], [ 417219.050709879782517, 1450895.698537497781217 ], [ 417223.013900944031775, 1450898.282747701276094 ], [ 417227.203607459610794, 1450900.480788897490129 ], [ 417231.582314751169179, 1450902.27297980315052 ] ], [ [ 417360.259372034750413, 1451649.791875178692862 ], [ 417358.047322327736765, 1451648.815188189735636 ], [ 417360.413459955889266, 1451646.633032283280045 ], [ 417363.377037671743892, 1451643.305779318325222 ], [ 417365.338243265287019, 1451652.763380816904828 ], [ 417364.423163633677177, 1451652.128111838828772 ], [ 417360.259372034750413, 1451649.791875178692862 ] ], [ [ 417286.95151039439952, 1451170.345799013972282 ], [ 417286.166149472119287, 1451151.554381160065532 ], [ 417318.969846526102629, 1451151.504820380592719 ], [ 417333.213630004553124, 1451152.108727999497205 ], [ 417334.887705434404779, 1451152.151636521564797 ], [ 417346.248817329120357, 1451152.252509148325771 ], [ 417366.584975137549918, 1451337.060051095904782 ], [ 417340.150905476068147, 1451285.904329794924706 ], [ 417337.313196510542184, 1451281.092511086957529 ], [ 417333.956437375687528, 1451276.627272060373798 ], [ 417330.122528738866094, 1451272.564349957276136 ], [ 417307.261388156854082, 1451250.901160185458139 ], [ 417305.68349270283943, 1451249.468524327734485 ], [ 417296.915310719516128, 1451241.842055845074356 ], [ 417295.922357619565446, 1451238.610274038743228 ], [ 417292.060142373957206, 1451207.316527482820675 ], [ 417291.96504478470888, 1451206.589845401467755 ], [ 417286.95151039439952, 1451170.345799013972282 ] ], [ [ 417779.623832284414675, 1451049.60637604445219 ], [ 417779.512210098269861, 1451047.373018049169332 ], [ 417779.481996703834739, 1451046.828158422373235 ], [ 417776.897440941247623, 1451004.407757246401161 ], [ 417775.199278774671257, 1450975.322354948846623 ], [ 417775.22415062651271, 1450974.639581225812435 ], [ 417794.698613612272311, 1450977.504821247421205 ], [ 417779.623832284414675, 1451049.60637604445219 ] ] ], [ [ [ 420920.145847872132435, 1451339.938736469484866 ], [ 420869.694195826305076, 1451255.765240275999531 ], [ 420846.818973295856267, 1451224.921573207480833 ], [ 420846.157214410486631, 1451225.327512363903224 ], [ 420845.625507116317749, 1451225.378056053770706 ], [ 420840.809794674161822, 1451226.318949413252994 ], [ 420836.10949488019105, 1451227.727334476076066 ], [ 420831.569874190725386, 1451229.589647724526003 ], [ 420827.234651634760667, 1451231.887954063713551 ], [ 420826.435237685625907, 1451232.418182422174141 ], [ 420823.212556316284463, 1451233.089239232009277 ], [ 420818.530002941843122, 1451234.555547703756019 ], [ 420814.013720704999287, 1451236.473765990696847 ], [ 420809.707203872560058, 1451238.825420601991937 ], [ 420805.651926555845421, 1451241.587863818276674 ], [ 420801.886943292163778, 1451244.734491801355034 ], [ 420801.597067201917525, 1451245.029601417016238 ], [ 420797.046223040029872, 1451246.428402743767947 ], [ 420792.519905279972591, 1451248.322819322580472 ], [ 420788.201068272755947, 1451250.651770490920171 ], [ 420784.131304779672064, 1451253.392827175790444 ], [ 420780.34980884793913, 1451256.519591502845287 ], [ 420776.892998350493144, 1451260.001951022306457 ], [ 420773.794164262188133, 1451263.806368708843365 ], [ 420771.083150049205869, 1451267.896205939818174 ], [ 420770.340326326200739, 1451269.298324516043067 ], [ 420769.929701103304978, 1451269.268547107465565 ], [ 420765.024564656720031, 1451269.395050386665389 ], [ 420760.155447272525635, 1451270.001731965458021 ], [ 420755.369241212902125, 1451271.082749168621376 ], [ 420750.712040258513298, 1451272.627691209549084 ], [ 420746.228695800469723, 1451274.621679451549426 ], [ 420741.962384896760341, 1451277.045510698109865 ], [ 420737.954194453603122, 1451279.875842129345983 ], [ 420737.531559519469738, 1451280.241324938600883 ], [ 420730.668911782559007, 1451279.805029666051269 ], [ 420725.174786663905252, 1451279.758224171819165 ], [ 420719.708696914894972, 1451280.314519443083555 ], [ 420714.063913548190612, 1451281.204597200732678 ], [ 420709.244143199874088, 1451282.209990786621347 ], [ 420704.546621410176158, 1451283.684538686648011 ], [ 420700.016897234134376, 1451285.613943092525005 ], [ 420695.698892693617381, 1451287.979495726060122 ], [ 420691.634476892184466, 1451290.758259240072221 ], [ 420687.863060035277158, 1451293.923289629165083 ], [ 420684.4212112929672, 1451297.443897489923984 ], [ 420682.833665860816836, 1451299.424933539004996 ], [ 420670.500999306037556, 1451297.162296614143997 ], [ 420663.233083233702928, 1451296.37226235633716 ], [ 420656.251755993056577, 1451296.127089683664963 ], [ 420652.320988843799569, 1451296.143654937157407 ], [ 420648.403670000319835, 1451296.468951521674171 ], [ 420647.009972113417462, 1451296.640069926157594 ], [ 420651.18374533415772, 1451295.885189798194915 ], [ 420656.060297403077129, 1451294.748404886107892 ], [ 420660.79869385418715, 1451293.129566077142954 ], [ 420665.351412285934202, 1451291.04490905534476 ], [ 420669.672792501747608, 1451288.515341296326369 ], [ 420670.374363488401286, 1451288.05601495062001 ], [ 420675.926361202204134, 1451286.010590092511848 ], [ 420680.735988580447156, 1451283.946746036875993 ], [ 420685.303530806151684, 1451281.391452350886539 ], [ 420689.578942291380372, 1451278.372706844005734 ], [ 420697.99285256996518, 1451271.745689766481519 ], [ 420701.551502407179214, 1451268.660431549651548 ], [ 420704.804063742689323, 1451265.254018232459202 ], [ 420707.721676200453658, 1451261.556675338419154 ], [ 420710.278451446967665, 1451257.601209845161065 ], [ 420712.451702901511453, 1451253.422719083726406 ], [ 420715.672475428320467, 1451246.445802301168442 ], [ 420717.424045550520532, 1451242.134919344913214 ], [ 420718.76728250621818, 1451237.679874537279829 ], [ 420719.690552944783121, 1451233.119251613505185 ], [ 420720.185860712837894, 1451228.492548686917871 ], [ 420720.248916106298566, 1451223.839836169034243 ], [ 420715.549641283112578, 1451081.47476340434514 ], [ 420715.626587546605151, 1451077.305851420387626 ], [ 420672.617867687426042, 1451038.325019932817668 ], [ 420593.794816543348134, 1450979.865860993042588 ], [ 420509.621320349746384, 1450929.414208947215229 ], [ 420420.908015888824593, 1450887.455940784187987 ], [ 420328.50926077819895, 1450854.395137563347816 ], [ 420233.314905539911706, 1450830.550192892318591 ], [ 420136.241723853338044, 1450816.150746623286977 ], [ 420038.224583523755427, 1450811.33547329553403 ], [ 419940.207443194172811, 1450816.150746623286977 ], [ 419843.134261507599149, 1450830.550192892318591 ], [ 419747.939906269311905, 1450854.395137563347816 ], [ 419655.541151158686262, 1450887.455940784187987 ], [ 419566.827846697764471, 1450929.414208947215229 ], [ 419482.654350504162721, 1450979.865860993042588 ], [ 419403.831299360084813, 1451038.325019932817668 ], [ 419331.117802337219473, 1451104.228692108998075 ], [ 419265.214130161039066, 1451176.942189131863415 ], [ 419206.754971221205778, 1451255.765240275999531 ], [ 419156.303319175378419, 1451339.938736469484866 ], [ 419114.345051012467593, 1451428.652040930464864 ], [ 419081.284247791569214, 1451521.050796041032299 ], [ 419057.439303120539989, 1451616.245151279494166 ], [ 419043.039856851566583, 1451713.318332965951413 ], [ 419038.224583523755427, 1451811.33547329553403 ], [ 419043.039856851566583, 1451909.352613625116646 ], [ 419057.439303120539989, 1452006.425795311573893 ], [ 419081.284247791569214, 1452101.62015055003576 ], [ 419114.345051012467593, 1452194.018905660603195 ], [ 419156.303319175378419, 1452282.732210121583194 ], [ 419206.754971221205778, 1452366.905706315068528 ], [ 419251.31361967761768, 1452426.986088754609227 ], [ 419252.352367862244137, 1452426.851198189659044 ], [ 419252.964355404197704, 1452429.211848224280402 ], [ 419265.214130161039066, 1452445.728757459204644 ], [ 419331.117802337219473, 1452518.442254482069984 ], [ 419403.831299360084813, 1452584.345926658250391 ], [ 419482.654350504162721, 1452642.805085598025471 ], [ 419564.162312690343242, 1452691.659078043885529 ], [ 419566.05461014888715, 1452688.207647543866187 ], [ 419567.98045780492248, 1452683.694613371044397 ], [ 419569.454677274217829, 1452679.014544611331075 ], [ 419570.463071017467882, 1452674.212512885453179 ], [ 419570.995927651645616, 1452669.334764383500442 ], [ 419571.048115476150997, 1452664.428274490637705 ], [ 419570.619131893618032, 1452659.54029538622126 ], [ 419569.713108250522055, 1452654.717900981195271 ], [ 419568.33877004974056, 1452650.007533570053056 ], [ 419566.509352919529192, 1452645.454556565498933 ], [ 419564.242475146835204, 1452641.10281762550585 ], [ 419561.559968003828544, 1452636.994226374663413 ], [ 419558.487665500782896, 1452633.168350792722777 ], [ 419555.05515559023479, 1452629.662036152789369 ], [ 419551.295495219004806, 1452626.509050182066858 ], [ 419547.244891971698962, 1452623.739757858682424 ], [ 419542.942355371953454, 1452621.380828981753439 ], [ 419538.429321199131664, 1452619.454981325892732 ], [ 419537.826069226663094, 1452619.264957236824557 ], [ 419538.212668230989948, 1452617.939459033077583 ], [ 419539.11822246061638, 1452613.116976459044963 ], [ 419539.546730247850064, 1452608.228955620899796 ], [ 419539.494064828613773, 1452603.322470830986276 ], [ 419538.960733399551827, 1452598.44477422023192 ], [ 419537.951872233941685, 1452593.642840673681349 ], [ 419536.47719721624162, 1452588.962915435899049 ], [ 419534.550910273101181, 1452584.450068745296448 ], [ 419532.191562600783072, 1452580.147761782864109 ], [ 419529.421876007050741, 1452576.09742811601609 ], [ 419526.268524087907281, 1452572.338074672501534 ], [ 419522.761875346128363, 1452568.905906080966815 ], [ 419518.935700726055074, 1452565.833976001245901 ], [ 419514.826848380849697, 1452563.151868799002841 ], [ 419510.474888804717921, 1452560.885414632968605 ], [ 419505.921733747411054, 1452559.056440695654601 ], [ 419501.211232581175864, 1452557.682561005931348 ], [ 419490.885232757893391, 1452555.21350882994011 ], [ 419486.041978118359111, 1452554.305105300620198 ], [ 419484.446820473414846, 1452554.166276993229985 ], [ 419484.631165008177049, 1452552.20025564962998 ], [ 419484.608187456207816, 1452547.293542017228901 ], [ 419484.104378508753143, 1452542.41270774579607 ], [ 419483.124590121442452, 1452537.60475793806836 ], [ 419481.67825819196878, 1452532.915995778515935 ], [ 419479.779311687452719, 1452528.39157661003992 ], [ 419477.446038500929717, 1452524.075073062442243 ], [ 419474.700909328530543, 1452520.008055424550548 ], [ 419471.570361264923122, 1452516.229691299842671 ], [ 419468.084543199278414, 1452512.776368399616331 ], [ 419464.277025465038605, 1452509.681344111915678 ], [ 419460.184476539492607, 1452506.974425211781636 ], [ 419455.846309905929957, 1452504.681680808542296 ], [ 419451.304304480494466, 1452502.825191284064204 ], [ 419446.602202258480247, 1452501.422835647128522 ], [ 419441.785287054546643, 1452500.48811934934929 ], [ 419436.899948395439424, 1452500.030044219456613 ], [ 419434.57951315358514, 1452500.040910539682955 ], [ 419433.151910184475128, 1452498.930110652232543 ], [ 419429.002624834363814, 1452496.31098909676075 ], [ 419424.99400489096297, 1452494.300467371474952 ], [ 419428.222838119254448, 1452492.935044613899663 ], [ 419432.533037108136341, 1452490.590145614929497 ], [ 419436.592641016526613, 1452487.834064566530287 ], [ 419440.362553639628459, 1452484.693344035418704 ], [ 419443.806468657974619, 1452481.198230877751485 ], [ 419446.891219287354033, 1452477.382384943543002 ], [ 419449.587097692885436, 1452473.282554915174842 ], [ 419451.868141091836151, 1452468.938224397134036 ], [ 419453.712381789344363, 1452464.391231666784734 ], [ 419455.102058739226777, 1452459.68536675022915 ], [ 419456.023788592894562, 1452454.865949698723853 ], [ 419456.468694587936625, 1452449.979394133202732 ], [ 419456.432492036430631, 1452445.072760255075991 ], [ 419455.915529588703066, 1452440.193301630672067 ], [ 419454.922785875736736, 1452435.388010114198551 ], [ 419453.4638215622399, 1452430.70316328946501 ], [ 419451.552687271963805, 1452426.183878792449832 ], [ 419449.207788272993639, 1452421.873679803684354 ], [ 419446.451707224478014, 1452417.814075895352289 ], [ 419443.310986693599261, 1452414.044163272250444 ], [ 419439.815873535873834, 1452410.600248253904283 ], [ 419436.000027601665352, 1452407.515497624408454 ], [ 419431.962655644339975, 1452404.86068905913271 ], [ 419449.213475513970479, 1452403.452827935107052 ], [ 419454.942918637185358, 1452402.649408014724031 ], [ 419463.988235013093799, 1452400.842133288737386 ], [ 419514.267383127065841, 1452390.768254737136886 ], [ 419516.824804058182053, 1452390.185686944052577 ], [ 419549.518865703314077, 1452381.830363397020847 ], [ 419552.839508110482711, 1452392.739947341382504 ], [ 419612.54035004862817, 1452638.480098098050803 ], [ 419613.085316753829829, 1452640.53230717824772 ], [ 419638.00060627044877, 1452726.918945924844593 ], [ 419655.541151158686262, 1452735.215005806880072 ], [ 419747.939906269311905, 1452768.275809027720243 ], [ 419753.162569720239844, 1452769.584018119610846 ], [ 419741.813167169457301, 1452726.064669856103137 ], [ 419741.473123214673251, 1452724.826138595119119 ], [ 419709.463116681203246, 1452613.840598216746002 ], [ 419684.897072972264141, 1452512.722036257851869 ], [ 419714.777626946975943, 1452501.408485738327727 ], [ 419719.678369168017525, 1452499.246129123028368 ], [ 419724.319663344242144, 1452496.57190983183682 ], [ 419728.648240301990882, 1452493.416520478902385 ], [ 419732.614419993013144, 1452489.816176174907014 ], [ 419736.172681683965493, 1452485.812198878964409 ], [ 419737.824963065620977, 1452483.739183890633285 ], [ 419740.613394534157123, 1452479.876592679414898 ], [ 419740.735223653318826, 1452479.668646208476275 ], [ 419741.399019229400437, 1452479.819757150486112 ], [ 419744.967234851734247, 1452480.270505137043074 ], [ 419765.787096868443768, 1452558.76570379245095 ], [ 419773.313544498872943, 1452595.820671884575859 ], [ 419774.525011825317051, 1452600.57553398096934 ], [ 419776.196703590801917, 1452605.188755553914234 ], [ 419778.312520489795133, 1452609.615908757550642 ], [ 419780.852086048980709, 1452613.814357686555013 ], [ 419783.790942863619421, 1452617.743668982759118 ], [ 419787.100788136187475, 1452621.36600123019889 ], [ 419790.749746247311123, 1452624.646469389088452 ], [ 419794.702675735636149, 1452627.553480758098885 ], [ 419798.921507729333825, 1452630.059039228362963 ], [ 419803.365612570079975, 1452632.139014902291819 ], [ 419807.992191098805051, 1452633.773376476950943 ], [ 419812.756686835142318, 1452634.946384156821296 ], [ 419817.613215080578811, 1452635.646741237258539 ], [ 419822.515004813380074, 1452635.867702896241099 ], [ 419827.414849118678831, 1452635.6071411522571 ], [ 419832.265559817431495, 1452634.867565357359126 ], [ 419837.020421913883183, 1452633.656098030973226 ], [ 419841.633643486711662, 1452631.984406265430152 ], [ 419846.060796690406278, 1452629.868589366553351 ], [ 419850.259245619468857, 1452627.329023807309568 ], [ 419854.188556915556546, 1452624.390166992787272 ], [ 419857.810889162996318, 1452621.080321720102802 ], [ 419861.091357322002295, 1452617.431363608920947 ], [ 419863.998368690954521, 1452613.478434120770544 ], [ 419866.503927161218598, 1452609.259602126898244 ], [ 419868.583902835089248, 1452604.815497286384925 ], [ 419870.218264409748372, 1452600.188918757485226 ], [ 419871.391272089793347, 1452595.424423021264374 ], [ 419872.091629170055967, 1452590.567894775653258 ], [ 419872.312590829038527, 1452585.666105042910203 ], [ 419872.088043599273078, 1452581.443511010613292 ], [ 419895.41655410581734, 1452570.906510466942564 ], [ 419907.127021668246016, 1452571.876618046313524 ], [ 419912.820143353252206, 1452572.022801279323176 ], [ 419917.87372310803039, 1452571.575457261409611 ], [ 419930.12759309442481, 1452629.690845945850015 ], [ 419963.154544733639341, 1452807.647518777754158 ], [ 420038.224583523755427, 1452811.33547329553403 ], [ 420065.299735522072297, 1452810.005356370937079 ], [ 420037.468115461291745, 1452660.042303176131099 ], [ 420133.75389755127253, 1452642.245224210433662 ], [ 420136.728979005652945, 1452641.601092351134866 ], [ 420139.610054501914419, 1452640.884850024245679 ], [ 420144.017133079876658, 1452639.571325765922666 ], [ 420148.284890494309366, 1452637.858452676329762 ], [ 420152.377225464908406, 1452635.760720077203587 ], [ 420156.259520623192657, 1452633.295872845919803 ], [ 420158.444514371745754, 1452631.763250994030386 ], [ 420162.300914435007144, 1452628.766934388317168 ], [ 420165.846611498156562, 1452625.408695715246722 ], [ 420169.047779987566173, 1452621.720572215272114 ], [ 420171.873881095671095, 1452617.737748195184395 ], [ 420174.297954117821064, 1452613.498219373170286 ], [ 420176.296873654704541, 1452609.042430404340848 ], [ 420177.851570226077456, 1452604.41288904263638 ], [ 420178.817078980850056, 1452600.992630556924269 ], [ 420180.022113076061942, 1452595.599999246187508 ], [ 420180.624745470937341, 1452590.107330148341134 ], [ 420180.881813836458605, 1452585.35092386091128 ], [ 420180.919627471128479, 1452580.780605168314651 ], [ 420180.539949142257683, 1452576.225927661871538 ], [ 420180.029848743113689, 1452572.290179348783568 ], [ 420179.787452742981259, 1452570.637114397482947 ], [ 420148.747569458733778, 1452381.075080747250468 ], [ 420148.24107449996518, 1452377.064912139205262 ], [ 420147.440382043190766, 1452372.46510788728483 ], [ 420146.214121695607901, 1452367.960044832667336 ], [ 420144.572986107785255, 1452363.589005877496675 ], [ 420144.419859800487757, 1452363.274090874474496 ], [ 420148.115819686034229, 1452363.303222339367494 ], [ 420153.213638001412619, 1452362.819642961258069 ], [ 420158.235261371184606, 1452361.817196292569861 ], [ 420163.128019794414286, 1452360.306396635482088 ], [ 420167.840594888199121, 1452358.303090224508196 ], [ 420172.323558147880249, 1452355.828289019642398 ], [ 420176.529889384633861, 1452352.907950320281088 ], [ 420180.415469903266057, 1452349.572704508434981 ], [ 420182.801326728193089, 1452347.05747297196649 ], [ 420258.011657533410471, 1452785.934539365349337 ], [ 420328.50926077819895, 1452768.275809027720243 ], [ 420354.829365935525857, 1452758.858324816916138 ], [ 420276.448883673932869, 1452301.482379927765578 ], [ 420275.409684798505623, 1452296.787317262496799 ], [ 420273.924271792930085, 1452292.213796087773517 ], [ 420272.006383864558302, 1452287.804118817439303 ], [ 420269.673760362609755, 1452283.599072404904291 ], [ 420257.857639756926801, 1452264.522484441287816 ], [ 420255.160416602098849, 1452260.598508893046528 ], [ 420252.102161839487962, 1452256.94889594707638 ], [ 420248.710610900132451, 1452253.606744084041566 ], [ 420245.016521890764125, 1452250.602363409008831 ], [ 420241.053396647796035, 1452247.963000766700134 ], [ 420236.857176907593384, 1452245.712592639029026 ], [ 420232.465918349509593, 1452243.87154806451872 ], [ 420227.919445467472542, 1452242.45656354771927 ], [ 420223.25899040029617, 1452241.480471638031304 ], [ 420218.526818995422218, 1452240.952124550938606 ], [ 420186.458794035250321, 1452238.911267686635256 ], [ 420181.69943312916439, 1452238.835405956488103 ], [ 420176.954425251111388, 1452239.212462283438072 ], [ 420151.318665344675537, 1452242.483602032298222 ], [ 420146.68628588685533, 1452243.297707402845845 ], [ 420142.150897711515427, 1452244.543484707828611 ], [ 420137.752633029944263, 1452246.209910459583625 ], [ 420133.530410691164434, 1452248.282238984946162 ], [ 420129.52159180137096, 1452250.742132906336337 ], [ 420125.76164912735112, 1452253.567825402598828 ], [ 420122.28385320911184, 1452256.734312816988677 ], [ 420119.118977959617041, 1452260.213575907051563 ], [ 420116.622736181423534, 1452263.538349849404767 ], [ 420058.043681814975571, 1452271.472060984466225 ], [ 420053.705964784487151, 1452272.255615259986371 ], [ 420049.454113631567452, 1452273.418159071123227 ], [ 420045.321173312026076, 1452274.95065724523738 ], [ 420009.736328453524038, 1452289.961208584019914 ], [ 419954.654825772275217, 1452300.230253036599606 ], [ 419951.767244571994524, 1452297.831913465401158 ], [ 419947.602031504444312, 1452295.027160556521267 ], [ 419945.995007522229571, 1452294.058620004914701 ], [ 419941.262407329923008, 1452291.541787422494963 ], [ 419936.28757490881253, 1452289.546043648850173 ], [ 419931.127684915089048, 1452288.094325328944251 ], [ 419929.131980416364968, 1452287.64672832749784 ], [ 419924.686459772870876, 1452286.858588059432805 ], [ 419920.187968424579594, 1452286.474668193142861 ], [ 419915.673184944724198, 1452286.49809902976267 ], [ 419913.343124672654085, 1452286.615525100380182 ], [ 419908.472624671878293, 1452287.100856764940545 ], [ 419903.672914842143655, 1452288.060076568974182 ], [ 419727.031674743338954, 1452332.45280756871216 ], [ 419759.237755078647751, 1452318.601093621226028 ], [ 419760.826876439910848, 1452317.884539539227262 ], [ 419806.114991324022412, 1452296.505927799968049 ], [ 419809.659838407533243, 1452294.655743821756914 ], [ 419827.362829336663708, 1452284.495243816636503 ], [ 419831.101171408547089, 1452282.123666954692453 ], [ 419849.024882598139811, 1452269.606822618516162 ], [ 419849.739789415791165, 1452269.098185267299414 ], [ 419900.499967274372466, 1452232.308615393238142 ], [ 419902.269327049376443, 1452230.96528160921298 ], [ 419975.728601176058874, 1452172.576141954865307 ], [ 419975.9896616897895, 1452172.356282604858279 ], [ 419976.134778111125343, 1452172.249824315076694 ], [ 419976.422684753895737, 1452171.991600224981084 ], [ 419977.896157793700695, 1452170.750674049602821 ], [ 419987.619727915618569, 1452162.078998067416251 ], [ 420023.808817428478505, 1452134.910373444203287 ], [ 420025.99131664034212, 1452133.174647144041955 ], [ 420103.209756974654738, 1452068.166997758671641 ], [ 420147.592399925284553, 1452034.00689084129408 ], [ 420252.089414133166429, 1452165.894164634402841 ], [ 420252.495663470996078, 1452166.400118474150077 ], [ 420266.686622745764907, 1452183.840893452288583 ], [ 420277.223346729762852, 1452198.345595047809184 ], [ 420405.490226262190845, 1452417.293315887684003 ], [ 420409.529562574753072, 1452423.180005497764796 ], [ 420421.866119843092747, 1452438.660781572107226 ], [ 420425.121272440359462, 1452442.356404239544645 ], [ 420428.724197462550364, 1452445.713870042236522 ], [ 420443.458135453169234, 1452458.146268263924867 ], [ 420446.944202129961923, 1452460.834242322016507 ], [ 420450.653179732267745, 1452463.205181072233245 ], [ 420454.556319432565942, 1452465.240707021905109 ], [ 420460.848502350097988, 1452468.177406822098419 ], [ 420460.107785618805792, 1452469.26050855894573 ], [ 420439.899195172591135, 1452501.171123256441206 ], [ 420436.730000010691583, 1452506.997746342327446 ], [ 420423.98796556238085, 1452534.650793794542551 ], [ 420422.23095281427959, 1452538.986956344451755 ], [ 420420.886932081426494, 1452543.468363235704601 ], [ 420419.967671286605764, 1452548.055776346242055 ], [ 420419.481219256413169, 1452552.70902938884683 ], [ 420419.431835248018615, 1452557.387379597639665 ], [ 420420.586774716037326, 1452589.235821332549676 ], [ 420421.030816959915683, 1452594.313039995497093 ], [ 420421.989410753012635, 1452599.318678896408528 ], [ 420423.452596182061825, 1452604.200728800613433 ], [ 420425.40517056157114, 1452608.908464578911662 ], [ 420427.826846391428262, 1452613.392972248839214 ], [ 420443.06634088861756, 1452638.466546474490315 ], [ 420448.814496916718781, 1452662.631100734695792 ], [ 420450.226942393928766, 1452667.470593224512413 ], [ 420452.119543851003982, 1452672.143253014190122 ], [ 420454.47306057944661, 1452676.601576555054635 ], [ 420457.263566078676376, 1452680.800239299656823 ], [ 420477.645071993698366, 1452708.345824162708595 ], [ 420477.665382336475886, 1452708.37077070469968 ], [ 420509.621320349746384, 1452693.25673764385283 ], [ 420593.794816543348134, 1452642.805085598025471 ], [ 420660.321798738383222, 1452593.465312911197543 ], [ 420644.938135220552795, 1452590.782474306412041 ], [ 420640.099577437271364, 1452590.179987190756947 ], [ 420635.225342899677344, 1452590.051652395166457 ], [ 420630.361784861132037, 1452590.398690364789218 ], [ 420625.555155042908154, 1452591.217800819547847 ], [ 420620.851163787243422, 1452592.501194139476866 ], [ 420616.294545358920004, 1452594.236665443051606 ], [ 420611.928632528753951, 1452596.407710653496906 ], [ 420607.794944485242013, 1452598.993683450389653 ], [ 420584.186401780811138, 1452615.416890864260495 ], [ 420549.493998133111745, 1452637.326122927246615 ], [ 420543.733407267893199, 1452629.540690133348107 ], [ 420538.528410019003786, 1452607.659509833203629 ], [ 420537.061104925349355, 1452602.662970756413415 ], [ 420535.082071392680518, 1452597.846144699957222 ], [ 420532.612776699708775, 1452593.261281484737992 ], [ 420520.048862402501982, 1452572.589845319045708 ], [ 420519.798095965234097, 1452565.674746746895835 ], [ 420526.161113153153565, 1452551.865584878018126 ], [ 420543.646960152254906, 1452524.254350550239906 ], [ 420557.498666566738393, 1452505.459273600019515 ], [ 420559.983659821620677, 1452501.751648583449423 ], [ 420562.128111799014732, 1452497.837188153760508 ], [ 420563.914934069151059, 1452493.747085353592411 ], [ 420565.329888035135809, 1452489.513932862551883 ], [ 420565.819440686784219, 1452487.453605129849166 ], [ 420575.789254771254491, 1452487.358023753855377 ], [ 420582.461960902961437, 1452486.846161321504042 ], [ 420604.250107524567284, 1452483.697186748264357 ], [ 420609.36685031914385, 1452482.682750958949327 ], [ 420630.097517870832235, 1452477.435533149400726 ], [ 420634.640097771247383, 1452476.053173950174823 ], [ 420661.789948243065737, 1452466.360347761772573 ], [ 420721.171310635341797, 1452526.234801950864494 ], [ 420724.793329797917977, 1452529.544989834539592 ], [ 420728.722363098582719, 1452532.484218298224732 ], [ 420729.391666881158017, 1452532.889154484495521 ], [ 420745.331364710291382, 1452518.442254482069984 ], [ 420796.945405200880487, 1452461.494936440140009 ], [ 420795.45387509529246, 1452459.466364417690784 ], [ 420792.17375209525926, 1452455.817096033133566 ], [ 420765.855484132014681, 1452429.280286064138636 ], [ 420787.380460168700665, 1452439.115838826401159 ], [ 420795.432498063019011, 1452445.741917147533968 ], [ 420801.926856953708921, 1452455.998751398641616 ], [ 420811.235036886471789, 1452445.728757459204644 ], [ 420864.88551417546114, 1452373.389462950872257 ], [ 420845.876060171576682, 1452357.746450247475877 ], [ 420842.415695199859329, 1452355.141821535071358 ], [ 420838.742907110077795, 1452352.846425247844309 ], [ 420834.885253883781843, 1452350.877484402386472 ], [ 420806.121471306309104, 1452337.734254848910496 ], [ 420868.251117254782002, 1452289.286481364397332 ], [ 420872.120091563730966, 1452285.937463592039421 ], [ 420875.6265068895882, 1452282.210543441819027 ], [ 420883.069244115555193, 1452273.440804133657366 ], [ 420885.864779105468187, 1452269.823887776117772 ], [ 420888.31829338055104, 1452265.966768706450239 ], [ 420894.22828089853283, 1452255.664181142579764 ], [ 420896.48111174616497, 1452251.241906994720921 ], [ 420898.284426931641065, 1452246.618076352402568 ], [ 420899.306781487131957, 1452243.555695975432172 ], [ 420931.32523388118716, 1452259.095384338870645 ], [ 420962.104116035043262, 1452194.018905660603195 ], [ 420971.597820475348271, 1452167.485779232578352 ], [ 420943.965438734099735, 1452154.074806218734011 ], [ 420939.496802821056917, 1452151.105706318281591 ], [ 420933.663230839709286, 1452145.773271564394236 ], [ 420931.447600818064529, 1452142.529031535843387 ], [ 420926.217934146698099, 1452134.693112265551463 ], [ 420925.951328435097821, 1452134.324585676193237 ], [ 420925.777335248189047, 1452134.044023510767147 ], [ 420925.248839857173152, 1452133.353542265249416 ], [ 420924.004328490351327, 1452131.633265806827694 ], [ 420923.241664452129044, 1452130.731159937102348 ], [ 420922.795008808665443, 1452130.147602634038776 ], [ 420922.304215070558712, 1452129.622311810962856 ], [ 420921.566085768106859, 1452128.749226490268484 ], [ 420913.605969125113916, 1452120.024573584087193 ], [ 420898.586941319284961, 1452102.435173249570653 ], [ 420895.76267666707281, 1452099.392927919048816 ], [ 420883.427237054216675, 1452087.165157967247069 ], [ 420849.418899193871766, 1452053.320374486269429 ], [ 420831.097465236380231, 1452034.419912733370438 ], [ 420830.760860497248359, 1452034.075997189152986 ], [ 420813.182346054876689, 1452016.287746536312625 ], [ 420812.97503415052779, 1452016.079191348515451 ], [ 420727.177827517443802, 1451930.27358197257854 ], [ 420715.307474559638649, 1451916.802945210365579 ], [ 420703.686290911980905, 1451902.36768359108828 ], [ 420692.86012914031744, 1451886.813827745849267 ], [ 420653.080746799358167, 1451825.386782276444137 ], [ 420645.771794908272568, 1451811.440497947158292 ], [ 420643.109398884698749, 1451805.89413897623308 ], [ 420641.18032010702882, 1451799.760123047046363 ], [ 420640.32388632936636, 1451793.457088012015447 ], [ 420639.051459554873873, 1451698.869777341838926 ], [ 420639.039952155726496, 1451698.686013659695163 ], [ 420639.045158187509514, 1451698.50196364405565 ], [ 420638.616832204395905, 1451677.921209436608478 ], [ 420638.569537672272418, 1451677.245673604309559 ], [ 420638.570355132629629, 1451676.568484734278172 ], [ 420636.884317205986008, 1451641.381755739683285 ], [ 420759.390712632331997, 1451544.86822957964614 ], [ 420760.51973765011644, 1451545.066386847989634 ], [ 420765.626750028517563, 1451545.431120079243556 ], [ 420770.744286586763337, 1451545.271666832501069 ], [ 420775.818685643607751, 1451544.589699109317735 ], [ 420780.32543593266746, 1451543.747165212407708 ], [ 420786.25397012924077, 1451542.258727008244023 ], [ 420791.956580727477558, 1451540.058000225340948 ], [ 420795.626268399995752, 1451538.377360228681937 ], [ 420799.370287214871496, 1451536.468419572571293 ], [ 420802.940772856818512, 1451534.251808737404644 ], [ 420819.438331029145047, 1451523.022711543133482 ], [ 420823.369309956440702, 1451520.053512355312705 ], [ 420826.989018931810278, 1451516.711889085592702 ], [ 420830.262319646019023, 1451513.030280526960269 ], [ 420833.157436546694953, 1451509.044425878906623 ], [ 420835.646265299059451, 1451504.79301780811511 ], [ 420837.704645608842839, 1451500.317326839780435 ], [ 420839.312595758063253, 1451495.660800724523142 ], [ 420840.454506577632856, 1451490.868642669636756 ], [ 420841.84764434985118, 1451483.40949672437273 ], [ 420858.040822761191521, 1451469.806664908770472 ], [ 420868.179110530647449, 1451486.173543894197792 ], [ 420878.162577040784527, 1451502.308555057505146 ], [ 420885.954277524317149, 1451515.54565859423019 ], [ 420887.130296092131175, 1451517.445171173894778 ], [ 420895.491558430425357, 1451530.299522113054991 ], [ 420904.974380636936985, 1451545.618382237153128 ], [ 420918.464966859610286, 1451567.418179583502933 ], [ 420929.735727936204057, 1451585.632931611733511 ], [ 420937.95550176379038, 1451598.905648384010419 ], [ 420948.581255201017484, 1451616.067676772829145 ], [ 420957.182913815311622, 1451629.964302680222318 ], [ 420966.44222927489318, 1451644.921088078292087 ], [ 420973.793988376331981, 1451656.816886275075376 ], [ 420987.448344649281353, 1451678.873592325486243 ], [ 420997.522043064644095, 1451695.135888886172324 ], [ 421007.958568817353807, 1451712.004359678830951 ], [ 421009.464921846869402, 1451714.434340823907405 ], [ 421019.638546019850764, 1451730.869826557813212 ], [ 421020.371477580454666, 1451731.933456240687519 ], [ 421021.05415961984545, 1451733.030015405965969 ], [ 421021.762727443769109, 1451733.952436907682568 ], [ 421022.422718981222715, 1451734.910216088406742 ], [ 421023.256375214667059, 1451735.896884246496484 ], [ 421024.043251548311673, 1451736.921248640166596 ], [ 421024.838820543431211, 1451737.769776639528573 ], [ 421025.589512816455681, 1451738.658253367291763 ], [ 421026.515865158406086, 1451739.558457848383114 ], [ 421027.399357736110687, 1451740.500762279611081 ], [ 421028.274266136053484, 1451741.267224986106157 ], [ 421029.108429569692817, 1451742.077842746628448 ], [ 421030.118556742207147, 1451742.882914090761915 ], [ 421031.090157045982778, 1451743.734083651332185 ], [ 421032.035979004809633, 1451744.411099610384554 ], [ 421032.945580149011221, 1451745.13605171116069 ], [ 421034.029754074173979, 1451745.838236639974639 ], [ 421035.042524510936346, 1451746.563174078939483 ], [ 421033.409310195944272, 1451713.318332965951413 ], [ 421019.009863926970866, 1451616.245151279494166 ], [ 420995.164919255941641, 1451521.050796041032299 ], [ 420962.104116035043262, 1451428.652040930464864 ], [ 420920.145847872132435, 1451339.938736469484866 ] ], [ [ 419557.93149218900362, 1451242.326214957749471 ], [ 419557.449898803548422, 1451237.547509518219158 ], [ 419556.512023071642034, 1451232.837058692937717 ], [ 419555.126518944394775, 1451228.238326674327254 ], [ 419553.757905121077783, 1451224.896705893334001 ], [ 419572.180049221205991, 1451230.882201933534816 ], [ 419572.464499273221008, 1451230.953639047686011 ], [ 419572.865017648262437, 1451231.099324501585215 ], [ 419577.618407111789566, 1451232.316557119833305 ], [ 419578.322070580150466, 1451232.424716264475137 ], [ 419578.779450587229803, 1451232.53958320710808 ], [ 419600.731163335265592, 1451236.487797434441745 ], [ 419597.990043705911376, 1451239.416251813760027 ], [ 419595.004181097086985, 1451243.309963554376736 ], [ 419592.414346723002382, 1451247.477591723203659 ], [ 419590.245482104306575, 1451251.878999782726169 ], [ 419588.518474593001883, 1451256.471799766877666 ], [ 419587.976403387612663, 1451258.497309427708387 ], [ 419585.303903132036794, 1451258.097385725704953 ], [ 419584.810314463509712, 1451258.026038026204333 ], [ 419557.193891813687515, 1451254.174620936624706 ], [ 419557.512308123172261, 1451251.911790783517063 ], [ 419557.95235947764013, 1451247.12908102106303 ], [ 419557.93149218900362, 1451242.326214957749471 ] ], [ [ 419179.797525471018162, 1452299.340649408753961 ], [ 419179.927061797236092, 1452297.072713148547336 ], [ 419179.946384628128726, 1452294.647410145495087 ], [ 419185.49883733614115, 1452301.172994714928791 ], [ 419179.700939640868455, 1452301.279471152462065 ], [ 419179.797525471018162, 1452299.340649408753961 ] ], [ [ 420040.037956771557219, 1452411.806033834349364 ], [ 420039.446115270024166, 1452411.881819414673373 ], [ 419989.770101472327951, 1452420.739000223111361 ], [ 419985.360034797573462, 1452396.228800211567432 ], [ 420022.923427054367494, 1452389.225720664020628 ], [ 420023.576420290803071, 1452391.015308371279389 ], [ 420025.702066048746929, 1452395.43775076768361 ], [ 420028.250951398338657, 1452399.630548176821321 ], [ 420031.198529180313926, 1452403.553321667481214 ], [ 420034.516412609315012, 1452407.168292786227539 ], [ 420038.172648654202931, 1452410.4406473855488 ], [ 420040.037956771557219, 1452411.806033834349364 ] ], [ [ 420509.824645583401434, 1451747.764144429937005 ], [ 420513.222894693317357, 1451744.463571209227666 ], [ 420519.090421251254156, 1451738.197801258880645 ], [ 420522.268462840060238, 1451734.450903251301497 ], [ 420523.833008985267952, 1451732.411044295877218 ], [ 420539.32894722907804, 1451720.169733189046383 ], [ 420540.373874776472803, 1451797.845626634312794 ], [ 420540.824616824684199, 1451803.905027938308194 ], [ 420542.663250804995187, 1451817.43669226160273 ], [ 420543.411721768905409, 1451821.60999067989178 ], [ 420544.511069652100559, 1451825.70487318164669 ], [ 420548.788743961136788, 1451839.306869458407164 ], [ 420551.409962294448633, 1451845.944230518070981 ], [ 420556.001081668015104, 1451855.508546232013032 ], [ 420556.790104713174514, 1451857.080750414868817 ], [ 420565.575249456858728, 1451873.843773115659133 ], [ 420567.893537035386544, 1451877.812265764689073 ], [ 420609.377116166229825, 1451941.870920061133802 ], [ 420610.307774312910624, 1451943.256768685532734 ], [ 420622.60741097520804, 1451960.927553551737219 ], [ 420624.697927044471726, 1451963.718164559919387 ], [ 420638.111057992035057, 1451980.379294805461541 ], [ 420639.544966889370698, 1451982.081436233362183 ], [ 420653.193140571238473, 1451997.569567950209603 ], [ 420655.349373805220239, 1451999.866375195560977 ], [ 420742.156931098026689, 1452086.682434182148427 ], [ 420759.46296632674057, 1452104.194954564096406 ], [ 420777.929539682052564, 1452123.245142678031698 ], [ 420778.560511104704347, 1452123.884462856221944 ], [ 420812.922166906297207, 1452158.080865086521953 ], [ 420812.992157035158016, 1452158.150381327373907 ], [ 420822.0860040471307, 1452167.164852860383689 ], [ 420819.689461469708476, 1452171.361705789109692 ], [ 420816.143918826186564, 1452178.450145140755922 ], [ 420813.435032527602743, 1452184.98435592232272 ], [ 420805.0080577111803, 1452210.226677361642942 ], [ 420803.858557783532888, 1452212.230543465120718 ], [ 420802.707265108590946, 1452213.587105751270428 ], [ 420735.792742776218802, 1452265.766054645879194 ], [ 420730.582987538829912, 1452270.451062883250415 ], [ 420718.965841727622319, 1452282.47340922569856 ], [ 420717.183403174974956, 1452284.418167002033442 ], [ 420704.867957534268498, 1452298.58811590122059 ], [ 420701.692813029862009, 1452302.646098327822983 ], [ 420690.941649743646849, 1452317.950442938832566 ], [ 420677.031554229382891, 1452337.751091396203265 ], [ 420671.082615961728152, 1452345.103873361134902 ], [ 420660.032760817790404, 1452354.006084074499086 ], [ 420646.757606419094373, 1452362.920730291400105 ], [ 420630.757905879814643, 1452371.257354059256613 ], [ 420603.255810371425468, 1452381.075936001492664 ], [ 420587.361165964743122, 1452385.099089669762179 ], [ 420571.477071858942509, 1452387.39476948720403 ], [ 420549.534987085149623, 1452387.605129944859073 ], [ 420530.193679346237332, 1452385.578562270151451 ], [ 420526.092526669439394, 1452385.148023408837616 ], [ 420510.798019560286775, 1452381.134635783731937 ], [ 420502.869416102359537, 1452377.434182618744671 ], [ 420496.990883479651529, 1452372.473916152957827 ], [ 420489.965084436815232, 1452363.657451448962092 ], [ 420362.263851741503458, 1452145.675272814929485 ], [ 420359.574840860383119, 1452141.562835769960657 ], [ 420346.787506575579755, 1452123.959976637735963 ], [ 420345.118155275238678, 1452121.789539768826216 ], [ 420330.267560354259331, 1452103.538068582769483 ], [ 420225.893037254631054, 1451971.805392683716491 ], [ 420259.610000994987786, 1451944.081649244297296 ], [ 420263.46853775891941, 1451941.032692026579753 ], [ 420360.075943079311401, 1451865.723583048442379 ], [ 420360.790983257640619, 1451865.155609233770519 ], [ 420467.252591873228084, 1451778.993342552799731 ], [ 420506.129284986818675, 1451750.728295346954837 ], [ 420509.824645583401434, 1451747.764144429937005 ] ], [ [ 420336.103062757116277, 1451345.519557444844395 ], [ 420272.510772372130305, 1451330.888727322220802 ], [ 420310.838006663951091, 1451333.207156117539853 ], [ 420329.087557913444471, 1451334.398633321048692 ], [ 420329.915317956998479, 1451336.23839663923718 ], [ 420332.357515607611276, 1451340.494220563443378 ], [ 420335.205097099824343, 1451344.490174302365631 ], [ 420336.103062757116277, 1451345.519557444844395 ] ], [ [ 420130.316788774682209, 1451300.746202056529 ], [ 420129.656402658787556, 1451300.606274213409051 ], [ 420108.842986767005641, 1451296.342764882836491 ], [ 420108.697324525855947, 1451296.313152336748317 ], [ 420100.232146197289694, 1451294.605314617976546 ], [ 420101.845216339046601, 1451294.556970013538375 ], [ 420164.391851635882631, 1451293.766164240194485 ], [ 420165.825623693526722, 1451296.64350643241778 ], [ 420168.433940207469277, 1451300.79959252406843 ], [ 420171.437064638186712, 1451304.680006199516356 ], [ 420174.806075255619362, 1451308.247376953717321 ], [ 420176.213012001942843, 1451309.470970890717581 ], [ 420171.920856773213018, 1451308.604640530189499 ], [ 420171.035320934955962, 1451308.444210536777973 ], [ 420170.831039713521022, 1451308.397226820001379 ], [ 420170.641321223578416, 1451308.372830736683682 ], [ 420169.958794198231772, 1451308.249179268954322 ], [ 420149.778229939343873, 1451305.007318460382521 ], [ 420130.316788774682209, 1451300.746202056529 ] ], [ [ 419889.329680156894028, 1452470.475083192577586 ], [ 419884.737565938849002, 1452470.839169506914914 ], [ 419879.699282046814915, 1452471.473285315092653 ], [ 419873.379622822627425, 1452472.686029594857246 ], [ 419869.372237015399151, 1452473.726330725708976 ], [ 419865.251159221108537, 1452474.988055032212287 ], [ 419861.254048452945426, 1452476.599990489892662 ], [ 419857.677645876829047, 1452478.224814416142181 ], [ 419848.930349559057504, 1452482.175785311963409 ], [ 419832.473191070195753, 1452420.128883951576427 ], [ 419831.060570322559215, 1452415.659871599171311 ], [ 419829.23569492896786, 1452411.342766251880676 ], [ 419828.540842695103493, 1452410.051583871012554 ], [ 419883.745067070645746, 1452396.177891173865646 ], [ 419897.158330924343318, 1452470.725920600583777 ], [ 419893.935813221207354, 1452470.535166716203094 ], [ 419889.329680156894028, 1452470.475083192577586 ] ], [ [ 420008.96437108295504, 1452518.893771833973005 ], [ 420056.999182088417001, 1452510.329215750331059 ], [ 420061.78168681205716, 1452509.23193948273547 ], [ 420066.433610586333089, 1452507.671179463621229 ], [ 420068.028134293213952, 1452506.955507130827755 ], [ 420075.298506486113183, 1452551.356013590702787 ], [ 420018.040702540602069, 1452561.939317128388211 ], [ 420008.96437108295504, 1452518.893771833973005 ] ], [ [ 419865.20568524254486, 1452117.229935311013833 ], [ 419852.780653645982966, 1452126.746724983444437 ], [ 419851.214383069775067, 1452123.207703603431582 ], [ 419850.532230930344667, 1452122.001896911067888 ], [ 419851.205936394166201, 1452120.706223802175373 ], [ 419853.031958590552676, 1452116.151884160004556 ], [ 419853.41870492201997, 1452114.822676069568843 ], [ 419855.234054545057006, 1452115.297369970008731 ], [ 419861.546402568928897, 1452116.639199533965439 ], [ 419865.20568524254486, 1452117.229935311013833 ] ], [ [ 419848.271800410875585, 1451440.500878308434039 ], [ 419849.327142287918832, 1451442.162039657821879 ], [ 419850.045875498442911, 1451443.080226098652929 ], [ 419848.798326773801818, 1451443.672109951963648 ], [ 419846.403847876761574, 1451445.11122292210348 ], [ 419845.346953555534128, 1451442.938177113421261 ], [ 419848.271800410875585, 1451440.500878308434039 ] ], [ [ 420295.7654513726593, 1451599.532096299342811 ], [ 420302.694166372413747, 1451630.461297756526619 ], [ 420311.560767750896048, 1451669.990509852068499 ], [ 420309.704655363690108, 1451668.891045914497226 ], [ 420305.258167122490704, 1451666.816170265199617 ], [ 420300.629716559837107, 1451665.187117771245539 ], [ 420295.863878184871282, 1451664.019577098544687 ], [ 420291.006549626297783, 1451663.324792301980779 ], [ 420286.104509613534901, 1451663.109454539371654 ], [ 420284.475423177704215, 1451663.197959801880643 ], [ 420284.266176745004486, 1451661.567549832165241 ], [ 420283.167539318557829, 1451656.785357610555366 ], [ 420281.605455325625371, 1451652.133878250373527 ], [ 420279.594968488847371, 1451647.657908040797338 ], [ 420277.155440895527136, 1451643.40055302134715 ], [ 420274.310366530029569, 1451639.402813848573714 ], [ 420271.087145013734698, 1451635.703190935775638 ], [ 420267.516817731841002, 1451632.337313674390316 ], [ 420263.633768887841143, 1451629.337597302161157 ], [ 420259.47539436473744, 1451626.732930727535859 ], [ 420256.285967420611996, 1451625.147141661727801 ], [ 420253.057099798345007, 1451610.331421395298094 ], [ 420252.988068025326356, 1451610.028574053896591 ], [ 420295.7654513726593, 1451599.532096299342811 ] ], [ [ 420565.214510687161237, 1451321.163577266503125 ], [ 420560.680053305404726, 1451322.4051822158508 ], [ 420554.090238794218749, 1451323.705008029006422 ], [ 420543.298431037052069, 1451325.44771721190773 ], [ 420541.438876440864988, 1451325.784180511021987 ], [ 420527.02428311156109, 1451328.674655406968668 ], [ 420507.109292662295047, 1451331.756566022522748 ], [ 420503.590508806111757, 1451332.001534297363833 ], [ 420497.228033014340326, 1451331.888895148877054 ], [ 420490.968254414212424, 1451322.778002450009808 ], [ 420494.562694633379579, 1451322.892246469855309 ], [ 420565.214510687161237, 1451321.163577266503125 ] ] ] ] } }
]
}
