{
"type": "FeatureCollection",
"name": "zones_processed",
"crs": { "type": "name", "properties": { "name": "urn:ogc:def:crs:EPSG::32644" } },
"features": [
{ "type": "Feature", "properties": { "id": 0, "Zone_No": "I", "Area": 25.7508, "Population": 286063, "Name": "Zone_I", "Zone_name": "THIRUVOTRIYUR", "Projec_Pop": 314533, "No_of_stop": 20, "Route_leng": 45.683333, "Buffer_are": 8.580296, "Route_Dens": 1.7740549597, "Stop_Densi": 0.77667492418100004, "P500": 104803.979985, "P500_Perce": 33.320503726200002, "zone_area_sqm": 25750841.568662446, "school_access_area": 0.0, "school_access_percentage": 0.0, "hospital_access_area": 1768290.0971602837, "hospital_access_percentage": 6.8669215817482598, "park_access_area": 0.0, "park_access_percentage": 0.0 }, "geometry": { "type": "Polygon", "coordinates": [ [ [ 426086.061595318955369, 1462863.622826991137117 ], [ 426800.822081944090314, 1463010.06578160636127 ], [ 427079.840966058429331, 1463289.119303591549397 ], [ 427719.137312641367316, 1463177.181114999577403 ], [ 427494.4678086375352, 1463029.399526323424652 ], [ 427535.682815494947135, 1462910.584194222465158 ], [ 427284.340473314689007, 1462109.997062477050349 ], [ 426852.797051441157237, 1460720.610609537223354 ], [ 426248.010338206076995, 1458263.353644270449877 ], [ 425845.188100689905696, 1456780.635046392912045 ], [ 425777.820038324978668, 1456450.140278010861948 ], [ 425542.912199066253379, 1455619.846113663399592 ], [ 425341.180912830401212, 1454772.505018288036808 ], [ 425005.861286117637064, 1453696.601015586405993 ], [ 424532.557362634863239, 1453816.61055989167653 ], [ 424348.601284057716839, 1453401.651972520863637 ], [ 424181.423806050326675, 1453046.000403035897762 ], [ 423849.136565867636818, 1453080.840733177959919 ], [ 423818.21234347904101, 1453165.716401991900057 ], [ 423419.415064812754281, 1453188.029284933581948 ], [ 423394.320023289998062, 1453128.747033243300393 ], [ 423114.040428006905131, 1453188.887426022440195 ], [ 422711.478756937140133, 1453349.004417866235599 ], [ 422462.116227826161776, 1453322.154808191116899 ], [ 421856.417955245880876, 1452910.531590644037351 ], [ 420386.438587808748707, 1452841.645691988989711 ], [ 420460.444707092887256, 1453286.577524696011096 ], [ 420541.471863308106549, 1453289.521230111829937 ], [ 420543.786740092269611, 1453371.124860956100747 ], [ 420624.844436071463861, 1453384.667457924922928 ], [ 420701.253518522775266, 1453585.821610333630815 ], [ 420736.66709114232799, 1453619.634750560624525 ], [ 420743.200739832944237, 1453723.483502326533198 ], [ 420500.169503623445053, 1453730.549511131132022 ], [ 420671.732014534703922, 1454149.760895463638008 ], [ 420728.317103462177329, 1455035.652324248803779 ], [ 420840.611550067493226, 1455077.721148758893833 ], [ 421725.054533279733732, 1454914.067287610378116 ], [ 421745.936547009798232, 1454952.162807523272932 ], [ 421870.522967994736973, 1454934.84763031755574 ], [ 422166.315382383239921, 1455222.287215686170384 ], [ 422274.572934192954563, 1455306.768211445072666 ], [ 422613.381646179477684, 1456115.546820665709674 ], [ 422626.169632111792453, 1456229.976738864090294 ], [ 422730.556124021997675, 1456416.218054986093193 ], [ 422656.308775033452548, 1457334.278748730197549 ], [ 423175.473108386620879, 1457296.773178203497082 ], [ 423482.574956605792977, 1457187.801466413075104 ], [ 424006.25761118310038, 1458023.632680347654969 ], [ 424122.481339961872436, 1457991.512236237293109 ], [ 424160.375580152671319, 1458173.704364626435563 ], [ 424168.866699755890295, 1458239.392687760526314 ], [ 424397.942274099390488, 1458457.088504375191405 ], [ 424401.425916528562084, 1458589.56264063459821 ], [ 424581.255549564142711, 1459025.73004290368408 ], [ 424649.967457986203954, 1459088.071913685416803 ], [ 424590.836865048564505, 1459110.493115348974243 ], [ 425100.482338891597465, 1460153.056366348639131 ], [ 425047.759427385986783, 1460615.305332590127364 ], [ 425507.122064361930825, 1461512.811530692735687 ], [ 425924.771793130144943, 1462355.325086135417223 ], [ 426086.061595318955369, 1462863.622826991137117 ] ] ] } },
{ "type": "Feature", "properties": { "id": 0, "Zone_No": "II", "Area": 42.6893, "Population": 89170, "Name": "Zone_II", "Zone_name": "MANALI", "Projec_Pop": 98045, "No_of_stop": 3, "Route_leng": 27.241155, "Buffer_are": 1.714721, "Route_Dens": 0.63812605634800001, "Stop_Densi": 0.070275220307099998, "P500": 3938.2191399200001, "P500_Perce": 4.0167465346700002, "zone_area_sqm": 42689303.138482951, "school_access_area": 0.0, "school_access_percentage": 0.0, "hospital_access_area": 528670.95959869225, "hospital_access_percentage": 1.2384155297257908, "park_access_area": 0.0, "park_access_percentage": 0.0 }, "geometry": { "type": "MultiPolygon", "coordinates": [ [ [ [ 425589.335701084812172, 1461678.654484155820683 ], [ 425588.96570728631923, 1461678.174487156094983 ], [ 425593.966869036317803, 1461687.996630786685273 ], [ 425589.335701084812172, 1461678.654484155820683 ] ] ], [ [ [ 425588.96570728631923, 1461678.174487156094983 ], [ 425047.759427387383766, 1460615.305332597112283 ], [ 425100.482338905450888, 1460153.056366354692727 ], [ 424590.836865049961489, 1459110.493115356890485 ], [ 424649.967457986203954, 1459088.07191368821077 ], [ 424581.255549564142711, 1459025.730042915325612 ], [ 424401.425916527223308, 1458589.562640649266541 ], [ 424397.942274099390488, 1458457.088504378683865 ], [ 424168.866699764155783, 1458239.392687761690468 ], [ 424122.481339961872436, 1457991.512236234266311 ], [ 424006.257611196837388, 1458023.632680339971557 ], [ 423482.574956611264497, 1457187.801466412376612 ], [ 423175.473108379810583, 1457296.773178215837106 ], [ 422656.308775048644748, 1457334.278748737648129 ], [ 422730.556124028866179, 1456416.218054982833564 ], [ 422626.169632110395469, 1456229.976738861529157 ], [ 422613.38164619600866, 1456115.546820676419884 ], [ 422274.57293419301277, 1455306.76821145392023 ], [ 422166.315382383239921, 1455222.287215698044747 ], [ 421870.522968005738221, 1454934.847630325937644 ], [ 421745.936547008459456, 1454952.162807532353327 ], [ 421725.054533276997972, 1454914.067287613404915 ], [ 420840.611550064757466, 1455077.721148757496849 ], [ 420728.3171034718398, 1455035.65232425625436 ], [ 420671.732014551293105, 1454149.76089547527954 ], [ 420500.169503623445053, 1453730.549511134391651 ], [ 420743.200739838473964, 1453723.483502338174731 ], [ 420736.66709115478443, 1453619.634750575991347 ], [ 420701.253518517245539, 1453585.821610341779888 ], [ 420624.844436085259076, 1453384.667457937961444 ], [ 420543.786740095063578, 1453371.124860961455852 ], [ 420541.471863306709565, 1453289.52123011322692 ], [ 420460.444707101210952, 1453286.577524705324322 ], [ 419878.594537725497503, 1453335.643982497276738 ], [ 419693.215911930601578, 1453441.452900331933051 ], [ 419327.200828940141946, 1453510.953839899972081 ], [ 419468.065717920137104, 1454052.649463330861181 ], [ 419510.462104823440313, 1454436.739438661141321 ], [ 419627.062733119004406, 1454798.154339528176934 ], [ 419457.790181029879022, 1455114.44706458132714 ], [ 419359.841058823396452, 1455130.526222557295114 ], [ 419453.316609935893212, 1455346.04214541753754 ], [ 418815.61558542761486, 1455621.270760332001373 ], [ 418795.267480061156675, 1455716.069567538099363 ], [ 418176.280069480300881, 1455691.604493463877589 ], [ 418093.616476731433067, 1455644.483595018275082 ], [ 417789.17584047105629, 1455598.030881039565429 ], [ 417690.911276554921642, 1455508.852243960602209 ], [ 417489.843793767504394, 1455535.776302010752261 ], [ 416845.623206168296747, 1455695.631437696283683 ], [ 416742.198078421060927, 1455606.471795382443815 ], [ 416731.706011967267841, 1455548.608025783207268 ], [ 416710.689608881890308, 1455422.354084849590436 ], [ 416431.789550120243803, 1455296.889354891609401 ], [ 416369.994354909460526, 1455328.658383212517947 ], [ 416076.055917820776813, 1455345.351365246577188 ], [ 416107.474071379867382, 1455917.634578353259712 ], [ 416226.453817520989105, 1456033.060382866067812 ], [ 416216.527130638889503, 1456159.409236164065078 ], [ 416118.615436919499189, 1456186.026796418940648 ], [ 416051.762439559155609, 1456249.391877023037523 ], [ 416010.372686691291165, 1456207.413296694634482 ], [ 415850.31125892419368, 1456150.011195382336155 ], [ 415731.297750130644999, 1456024.060524221509695 ], [ 415623.070857118698768, 1456050.711761364946142 ], [ 415524.979747465404216, 1456019.436029204400256 ], [ 415545.381572533049621, 1455945.686996045522392 ], [ 415431.768295838031918, 1455898.669862223556265 ], [ 415246.554127930256072, 1456046.616904754191637 ], [ 415190.558332421642262, 1456283.638540923129767 ], [ 414886.348077251284849, 1456310.903557578334585 ], [ 414268.276329358108342, 1456576.005779429106042 ], [ 414335.439069857704453, 1456612.637501091230661 ], [ 414443.943776429223362, 1456675.455928408773616 ], [ 414471.334304451011121, 1457185.908783753635362 ], [ 414740.447986500046682, 1457208.310972946463153 ], [ 414694.806102647329681, 1457043.976257598260418 ], [ 414720.304461944033392, 1456951.788911257404834 ], [ 414887.487397569988389, 1456813.104738402413204 ], [ 415197.586913796782028, 1457022.66859442437999 ], [ 415873.87999227643013, 1456823.198295751819387 ], [ 415855.637524964287877, 1457178.525476790498942 ], [ 415481.956239395425655, 1457252.052869306644425 ], [ 415488.913425399397966, 1457416.508680500090122 ], [ 415741.226792400528211, 1457705.206725476542488 ], [ 415979.890446271689143, 1457750.52259578066878 ], [ 416282.552768904075492, 1457644.324589127209038 ], [ 416418.152220964839216, 1457716.277805684832856 ], [ 416514.627993751782924, 1457643.611806565430015 ], [ 416605.000382641912438, 1457682.809267643140629 ], [ 416695.372497006959748, 1457722.007015200564638 ], [ 416677.201260614558123, 1458103.649384147953242 ], [ 416767.873773053055629, 1458241.532603540224954 ], [ 416664.892770115111489, 1458294.480494671268389 ], [ 416587.81863788299961, 1458386.823871959000826 ], [ 416592.816171631333418, 1458615.102827748516575 ], [ 416577.675965473405086, 1458723.04628054657951 ], [ 416529.152708790265024, 1458875.82999465521425 ], [ 416418.592795082309749, 1458978.803362028440461 ], [ 416424.235063461470418, 1459136.684201057301834 ], [ 416957.657017460442148, 1459029.784544376423582 ], [ 417535.116347745701205, 1458988.552776511991397 ], [ 417552.47396762057906, 1459327.278659524628893 ], [ 418666.094618574541528, 1459234.449108406668529 ], [ 418750.209637819149066, 1459771.048913448583335 ], [ 418719.945721014286391, 1459997.459144415101036 ], [ 418797.454341616947204, 1460049.859916286310181 ], [ 419318.301033586380072, 1460053.571694312617183 ], [ 419452.126634097541682, 1459968.962799490429461 ], [ 419885.200725344126113, 1459936.103169194655493 ], [ 420207.209104989888147, 1459836.799104127567261 ], [ 420349.058871602523141, 1459849.541082005947828 ], [ 420477.74705197365256, 1459770.215774190612137 ], [ 420877.569855458801612, 1459828.260158305056393 ], [ 420981.259939846117049, 1460018.750389398541301 ], [ 420897.597142791608348, 1460065.047032413771376 ], [ 420982.350544928805903, 1460393.75207842211239 ], [ 421034.433485210058279, 1460571.234535210300237 ], [ 421054.344491164432839, 1460768.547674527857453 ], [ 421152.501430555712432, 1461274.848163126735017 ], [ 420928.035645471187308, 1461663.664299175376073 ], [ 420792.852463343471754, 1461723.269838362932205 ], [ 420567.952803077350836, 1461960.772761330706999 ], [ 420542.421416076889727, 1462046.375118609750643 ], [ 420671.580163685721345, 1462131.524810167960823 ], [ 420903.672554751159623, 1462150.584369390737265 ], [ 421290.988485988113098, 1462353.408226310275495 ], [ 421645.368805117090233, 1462312.908175365068018 ], [ 422071.064690825471189, 1462416.946488512679935 ], [ 422386.885704583022743, 1462416.041074863867834 ], [ 422509.140147700207308, 1462343.322330612223595 ], [ 422607.177422467619181, 1462216.286680076969787 ], [ 422606.802107416908257, 1462084.70735183544457 ], [ 422716.373912877752446, 1462084.39504579291679 ], [ 422947.399541010498069, 1461728.471245776629075 ], [ 423224.294633334269747, 1461635.580421187449247 ], [ 423488.560072420397773, 1461634.834205202525482 ], [ 423893.611787050729617, 1461271.850455153035 ], [ 423969.871874631033279, 1460883.475966312456876 ], [ 424201.695585484092589, 1460803.880017158808187 ], [ 424252.582209787098691, 1460560.315359108150005 ], [ 424807.207216497627087, 1460664.038138643372804 ], [ 425588.96570728631923, 1461678.174487156094983 ] ] ] ] } },
{ "type": "Feature", "properties": { "id": 0, "Zone_No": "III", "Area": 31.422, "Population": 191453, "Name": "Zone_III", "Zone_name": "MADHAVARAM", "Projec_Pop": 210507, "No_of_stop": 19, "Route_leng": 41.285224, "Buffer_are": 11.091531, "Route_Dens": 1.31389545023, "Stop_Densi": 0.60467186890900004, "P500": 74306.054689600001, "P500_Perce": 35.298614625500001, "zone_area_sqm": 31421974.592383981, "school_access_area": 4820.3285209470087, "school_access_percentage": 0.015340628918067273, "hospital_access_area": 11652651.85618368, "hospital_access_percentage": 37.084403533977891, "park_access_area": 840224.93142807181, "park_access_percentage": 2.6740042353408446 }, "geometry": { "type": "Polygon", "coordinates": [ [ [ 414268.276329358108342, 1456576.005779429106042 ], [ 414886.348077251284849, 1456310.903557578567415 ], [ 415190.558332421642262, 1456283.638540923362598 ], [ 415246.554127930256072, 1456046.616904754191637 ], [ 415431.768295838031918, 1455898.669862223556265 ], [ 415545.381572533049621, 1455945.686996045522392 ], [ 415524.979747465404216, 1456019.436029204400256 ], [ 415623.070857118698768, 1456050.711761364946142 ], [ 415731.297750130644999, 1456024.060524221509695 ], [ 415850.31125892419368, 1456150.011195382801816 ], [ 416010.372686691291165, 1456207.413296694634482 ], [ 416051.762439559155609, 1456249.391877023037523 ], [ 416118.615436919499189, 1456186.026796418940648 ], [ 416216.527130638889503, 1456159.409236164065078 ], [ 416226.453817521047313, 1456033.060382866067812 ], [ 416107.474071379867382, 1455917.634578353492543 ], [ 416076.055917820776813, 1455345.351365246344358 ], [ 416369.994354909460526, 1455328.658383212517947 ], [ 416431.789550120243803, 1455296.889354892075062 ], [ 416710.689608881890308, 1455422.354084849590436 ], [ 416742.198078421060927, 1455606.471795382210985 ], [ 416845.623206168296747, 1455695.631437696283683 ], [ 417489.843793767504394, 1455535.776302010985091 ], [ 417690.911276554921642, 1455508.852243960602209 ], [ 417789.17584047105629, 1455598.030881039565429 ], [ 418093.616476731433067, 1455644.483595018275082 ], [ 418176.280069480300881, 1455691.604493463644758 ], [ 418795.267480061156675, 1455716.069567537866533 ], [ 418815.61558542761486, 1455621.270760332001373 ], [ 419453.316609935893212, 1455346.04214541753754 ], [ 419359.841058823396452, 1455130.526222557295114 ], [ 419457.790181029879022, 1455114.44706458109431 ], [ 419627.062733119004406, 1454798.154339528176934 ], [ 419510.462104823440313, 1454436.73943866090849 ], [ 419468.065717920137104, 1454052.649463331094012 ], [ 419327.200828940141946, 1453510.953839899972081 ], [ 418912.749933163577225, 1453604.687661208445206 ], [ 418559.813107216730714, 1453561.527205384569243 ], [ 418509.674411744694225, 1453353.252995189744979 ], [ 418355.028318359632976, 1453385.294377993559465 ], [ 418305.227932138717733, 1453290.705207134829834 ], [ 418082.609396723215468, 1453360.84686281834729 ], [ 417952.380553309107199, 1453279.131454161601141 ], [ 417630.614235289918724, 1453311.679657025262713 ], [ 417543.42523424240062, 1453135.098024897510186 ], [ 417703.995303809468169, 1453014.611866573104635 ], [ 417641.793492548516952, 1452913.745247377781197 ], [ 417615.834507769555785, 1452515.92294257460162 ], [ 417528.452552638249472, 1452276.183066390454769 ], [ 417658.21155513334088, 1452200.001167214475572 ], [ 417961.535145748755895, 1452205.404698521597311 ], [ 417893.123774426348973, 1452098.240279109915718 ], [ 417830.066373878507875, 1451713.1613776658196 ], [ 417898.00461616681423, 1451662.430244225077331 ], [ 417798.831489002448507, 1451618.517159173963591 ], [ 417773.691470634774305, 1451492.27526304172352 ], [ 417742.22816850466188, 1451321.841288145398721 ], [ 417889.197425702121109, 1450790.866343266796321 ], [ 417338.344937589776237, 1450817.789007949875668 ], [ 416861.832990026334301, 1450863.444416021928191 ], [ 416806.466946107859258, 1450977.298702558968216 ], [ 416862.293758394720498, 1451015.024250999558717 ], [ 416887.783869598235469, 1451254.950417632237077 ], [ 416312.160751293005887, 1451275.65377498161979 ], [ 416188.048631298763212, 1451174.979589973809198 ], [ 416138.721179175598081, 1451238.289779200218618 ], [ 415996.289976821804885, 1451219.779274413129315 ], [ 415960.216898835904431, 1451567.264575189910829 ], [ 415830.3618042122107, 1451611.875387377105653 ], [ 415347.479101589531638, 1451594.418706903001294 ], [ 415125.048741282254923, 1451727.742541190469638 ], [ 414933.138069799751975, 1451722.023186827311292 ], [ 414821.520615763904061, 1451659.211607130477205 ], [ 414734.978095082042273, 1451697.376913895364851 ], [ 414600.604863906337414, 1451731.560238132020459 ], [ 414509.860250673082191, 1451580.524961807532236 ], [ 414432.504925116023514, 1451587.346061450429261 ], [ 414180.661427268758416, 1451469.711913407081738 ], [ 414051.845724224927835, 1451516.170198032399639 ], [ 413883.927930768229999, 1451431.170413521118462 ], [ 413490.805724224541336, 1451498.202460406348109 ], [ 413426.471295608556829, 1451544.459804131183773 ], [ 413239.562311652000062, 1451571.368744764477015 ], [ 413161.872696958482265, 1451472.928864119108766 ], [ 413020.078664490021765, 1451493.116921765264124 ], [ 412974.733010564057622, 1451427.470167848048732 ], [ 412691.039741916989442, 1451434.953744613099843 ], [ 412736.827105418662541, 1451638.759967664955184 ], [ 412620.657884911284782, 1451606.235488094156608 ], [ 412556.998559790139552, 1451863.024460352724418 ], [ 412441.715271437889896, 1452106.820826526032761 ], [ 412119.553046193323098, 1452180.225287050474435 ], [ 412139.150548113160767, 1452259.11173117836006 ], [ 412178.429846260172781, 1452443.200871729990467 ], [ 412043.406845284742303, 1452562.059473232598975 ], [ 412075.815219759591855, 1452614.588144985493273 ], [ 412018.018263035453856, 1452687.144614037359133 ], [ 411701.545992713537998, 1452523.687508120667189 ], [ 411449.015259554726072, 1452195.548227018211037 ], [ 410785.526561598468106, 1452395.080646951682866 ], [ 410579.884326631319709, 1452606.285607338650152 ], [ 410367.365746155905072, 1452685.931887309765443 ], [ 410109.822152035078034, 1452798.623816885054111 ], [ 409884.475861768820323, 1452898.053746096091345 ], [ 410033.099096761259716, 1452996.251133770914748 ], [ 410104.002369099354837, 1452989.438495686743408 ], [ 410258.445015231962316, 1452896.822407453786582 ], [ 410689.604553810553625, 1452638.822406233288348 ], [ 410870.056950888829306, 1452611.916461144806817 ], [ 410876.934052521479316, 1452743.476887432392687 ], [ 410858.063124039501417, 1452888.279635916929692 ], [ 410781.74349405214889, 1453210.907006742199883 ], [ 410588.852257958671544, 1453376.016692335950211 ], [ 410570.1128189539304, 1453560.294310335069895 ], [ 410667.192524432670325, 1453671.822021331870928 ], [ 410957.681576320494059, 1453619.818731309846044 ], [ 410932.784409616957419, 1453893.592483728658408 ], [ 410989.591036410944071, 1453914.460430858191103 ], [ 411087.112806075601839, 1453766.76969363167882 ], [ 411257.104964690865017, 1453697.793401231523603 ], [ 411524.759545721055474, 1453523.235315873054788 ], [ 411876.272133046062663, 1453758.947144805919379 ], [ 411886.910988595511299, 1453858.915622251806781 ], [ 411933.400854304316454, 1453879.818799993488938 ], [ 412005.663594865240157, 1453895.375640484737232 ], [ 412108.670736240630504, 1453847.673992929747328 ], [ 412196.729118427494541, 1453963.183236022479832 ], [ 412533.397333494387567, 1454398.956071480875835 ], [ 412482.32502649264643, 1454557.018907296704128 ], [ 412437.306765546556562, 1454994.017557377694175 ], [ 412440.514568533224519, 1455136.335784024791792 ], [ 412563.17977136967238, 1455188.575215135933831 ], [ 412608.837113372341264, 1455352.907074008602649 ], [ 412667.198458111961372, 1455457.98613039823249 ], [ 412693.239705119573046, 1455536.852267959387973 ], [ 412564.340226407744922, 1455550.423654970480129 ], [ 412390.459283559699543, 1455610.194121380336583 ], [ 412403.691699905029964, 1455715.417740295408294 ], [ 412268.515496642154176, 1455781.643852801760659 ], [ 412444.656953547615558, 1456425.832731217611581 ], [ 412406.2930016098544, 1456524.643118444131687 ], [ 412483.993424260057509, 1456629.659581392770633 ], [ 412548.440574377949815, 1456622.873464066768065 ], [ 412560.848527823865879, 1456471.513509474927559 ], [ 412560.616252609877847, 1456399.143767377594486 ], [ 412683.106978172203526, 1456398.750910706119612 ], [ 412625.73919943429064, 1456602.88800574792549 ], [ 412658.331986046861857, 1456714.628773857839406 ], [ 412761.438713239156641, 1456701.140078224241734 ], [ 412832.100938207877334, 1456621.964266067137942 ], [ 412922.209256695699878, 1456575.62215190497227 ], [ 413083.212156370631419, 1456522.474939888343215 ], [ 413231.699117771058809, 1456587.792842130642384 ], [ 413161.203498713730369, 1456719.600027443375438 ], [ 413258.01020292082103, 1456752.187194532714784 ], [ 413296.96319420740474, 1456837.591806224780157 ], [ 413342.237096595577896, 1456883.501595454290509 ], [ 413291.081994214036968, 1457015.246948229847476 ], [ 413394.648069160291925, 1457146.499899704707786 ], [ 413523.143151924596168, 1457007.929914577398449 ], [ 413458.06963017070666, 1456817.342037139693275 ], [ 413702.504859560052864, 1456645.509333457332104 ], [ 413921.800200829980895, 1456677.71104010893032 ], [ 414024.554396138293669, 1456552.383343119174242 ], [ 414268.276329358108342, 1456576.005779429106042 ] ] ] } },
{ "type": "Feature", "properties": { "id": 0, "Zone_No": "IV", "Area": 20.4106, "Population": 697271, "Name": "Zone_IV", "Zone_name": "TONDIARPET", "Projec_Pop": 766667, "No_of_stop": 11, "Route_leng": 41.884743, "Buffer_are": 7.488912, "Route_Dens": 2.0521073188000001, "Stop_Densi": 0.53893563359700003, "P500": 281299.98677199997, "P500_Perce": 36.691286669699998, "zone_area_sqm": 20410639.464367565, "school_access_area": 5473202.3616822045, "school_access_percentage": 26.815437954490346, "hospital_access_area": 17144780.36383776, "hospital_access_percentage": 83.999231840671783, "park_access_area": 2497986.2883370384, "park_access_percentage": 12.23864785176362 }, "geometry": { "type": "Polygon", "coordinates": [ [ [ 424181.423806054517627, 1453046.000403046840802 ], [ 423931.129401965183206, 1452359.685861052479595 ], [ 423953.83572136296425, 1452178.043464474612847 ], [ 423953.594051921041682, 1452091.201924803201109 ], [ 423736.883498791547026, 1452068.121596564073116 ], [ 423681.994830869138241, 1451807.748087438521907 ], [ 423797.571403962851036, 1451633.741194972069934 ], [ 423874.769847261020914, 1451570.368147304514423 ], [ 423772.97246442688629, 1451136.440829537808895 ], [ 423711.049849031609483, 1451128.718764598248526 ], [ 423772.422339143347926, 1450939.073780931998044 ], [ 423865.120048974757083, 1450883.552389167016372 ], [ 424027.698259452939965, 1450914.679267983650789 ], [ 424143.062124171759933, 1450661.727503977250308 ], [ 423965.051054397539701, 1450646.432237913832068 ], [ 423810.670660503965337, 1450781.072370600188151 ], [ 423702.299179306311999, 1450765.584959819214419 ], [ 423647.584540352982003, 1450568.369053607340902 ], [ 423376.763714487606194, 1450569.126244371058419 ], [ 423392.548709591967054, 1450679.608494656626135 ], [ 423284.375768689089455, 1450735.174891172908247 ], [ 423269.63125168957049, 1450995.74300488550216 ], [ 423191.81162525061518, 1450838.066413669614121 ], [ 422774.222681571496651, 1450926.084597803186625 ], [ 422455.412514832394663, 1450374.353312223684043 ], [ 422687.345955001423135, 1450302.644154333975166 ], [ 422540.819510374567471, 1449984.899822187842801 ], [ 422490.84969893458765, 1449827.146149288397282 ], [ 422558.818685935111716, 1449782.743131825234741 ], [ 422503.069506653468125, 1449770.269302277360111 ], [ 422440.68252907320857, 1449599.919255045242608 ], [ 421902.439869536145125, 1449715.134069101186469 ], [ 421691.893875656998716, 1449690.472307610325515 ], [ 421729.632313845911995, 1449898.78627397515811 ], [ 421680.091335009317845, 1449892.612174720270559 ], [ 421680.290137282805517, 1449962.085584937827662 ], [ 421599.652766440121923, 1449905.474101625848562 ], [ 421494.688326004543342, 1450000.512250867439434 ], [ 421245.566396038106177, 1449477.014839607523754 ], [ 420886.501102522423025, 1449471.734225487569347 ], [ 421076.020704071095679, 1449073.290508687729016 ], [ 420951.680907776812091, 1448890.490299030439928 ], [ 420544.255556355812587, 1449289.56629341468215 ], [ 420309.328419381869026, 1449397.618133477633819 ], [ 419789.326710214780178, 1449399.136557456804439 ], [ 418934.532229314383585, 1449231.126111972844228 ], [ 418928.640870110539254, 1449332.19714518985711 ], [ 418967.522665390803013, 1449919.456147758755833 ], [ 418813.081340667617042, 1450027.283349425299093 ], [ 418435.412192621966824, 1450009.458738473476842 ], [ 418434.885184920742176, 1449832.616258488036692 ], [ 418533.762692365562543, 1449775.479076283751056 ], [ 418490.316840075072832, 1449737.713268809951842 ], [ 418026.166100347414613, 1449783.310348101425916 ], [ 418126.989189891144633, 1450376.699791814666241 ], [ 418263.27009065047605, 1450407.87165091978386 ], [ 418269.667917329526972, 1450477.327037199633196 ], [ 418127.310484056477435, 1450484.068541537271813 ], [ 418258.230981473810971, 1450793.154431188479066 ], [ 418091.435913362540305, 1450907.339012422133237 ], [ 417999.871034472016618, 1451337.092552288202569 ], [ 417882.145628844387829, 1451299.550631639780477 ], [ 417742.22816850466188, 1451321.841288145398721 ], [ 417798.831489002448507, 1451618.517159173963591 ], [ 417898.00461616681423, 1451662.4302442248445 ], [ 417830.066373878507875, 1451713.1613776658196 ], [ 417893.123774426348973, 1452098.240279109915718 ], [ 417961.535145748755895, 1452205.404698521597311 ], [ 417658.21155513334088, 1452200.001167214708403 ], [ 417528.452552638249472, 1452276.1830663906876 ], [ 417615.834507769555785, 1452515.92294257460162 ], [ 417641.793492548516952, 1452913.745247377781197 ], [ 417703.995303809468169, 1453014.611866573337466 ], [ 417543.42523424240062, 1453135.098024897044525 ], [ 417630.614235289918724, 1453311.679657025495544 ], [ 417952.380553309107199, 1453279.131454161601141 ], [ 418082.609396723215468, 1453360.84686281811446 ], [ 418305.227932138717733, 1453290.705207134829834 ], [ 418355.028318359632976, 1453385.294377993326634 ], [ 418509.674411744694225, 1453353.252995189744979 ], [ 418559.813107216730714, 1453561.527205384569243 ], [ 418912.749933163577225, 1453604.687661208678037 ], [ 419327.200828940141946, 1453510.953839899972081 ], [ 419693.215911930601578, 1453441.452900331933051 ], [ 419878.594537725497503, 1453335.643982497276738 ], [ 420460.444707101210952, 1453286.577524705324322 ], [ 420386.438587810145691, 1452841.645691998070106 ], [ 421856.417955252807587, 1452910.531590653117746 ], [ 422462.116227839956991, 1453322.154808204388246 ], [ 422711.478756946860813, 1453349.00441787019372 ], [ 423114.040428010979667, 1453188.88742602407001 ], [ 423394.320023284468334, 1453128.747033252147958 ], [ 423419.415064818284009, 1453188.029284934978932 ], [ 423818.212343490042258, 1453165.716401988407597 ], [ 423849.136565873166546, 1453080.840733177494258 ], [ 424181.423806054517627, 1453046.000403046840802 ] ] ] } },
{ "type": "Feature", "properties": { "id": 0, "Zone_No": "V", "Area": 21.558, "Population": 619437, "Name": "Zone_V", "Zone_name": "ROYAPURAM", "Projec_Pop": 681086, "No_of_stop": 62, "Route_leng": 83.420418, "Buffer_are": 16.29531, "Route_Dens": 3.869580472, "Stop_Densi": 2.8759624443999998, "P500": 514820.819, "P500_Perce": 75.588225128700003, "zone_area_sqm": 21557971.171732828, "school_access_area": 12092921.908907628, "school_access_percentage": 56.094897857383117, "hospital_access_area": 19114218.84559172, "hospital_access_percentage": 88.664275006799357, "park_access_area": 2706.0159864079988, "park_access_percentage": 0.012552275744556946 }, "geometry": { "type": "Polygon", "coordinates": [ [ [ 424143.062124171759933, 1450661.727503977250308 ], [ 424304.290321079432033, 1450182.786068786168471 ], [ 424235.497973162564449, 1449930.345070055220276 ], [ 424216.524799534701742, 1449785.134570811409503 ], [ 423822.930556045437697, 1448491.49107998679392 ], [ 423820.94867898611119, 1448446.654534330591559 ], [ 423944.446436572005041, 1448332.627386573469266 ], [ 424414.433540961006656, 1448148.169436295283958 ], [ 424488.391624017211143, 1448027.965869632083923 ], [ 424463.21086462540552, 1447876.45672598737292 ], [ 424251.170956784626469, 1447314.938071871409193 ], [ 423496.711232193512842, 1446043.087435471825302 ], [ 422990.777921545319259, 1445011.60918354918249 ], [ 422957.645097348664422, 1444695.913233701139688 ], [ 422880.195648643712047, 1444676.39373547071591 ], [ 422828.470215692359488, 1444630.486436962615699 ], [ 422796.592379689100198, 1444762.154721592087299 ], [ 422377.80297257413622, 1444914.650543092750013 ], [ 422003.715539171826094, 1444909.131286231568083 ], [ 421886.2596381342737, 1444429.201843239367008 ], [ 421731.619637736701407, 1444482.273487473139539 ], [ 421544.826331010088325, 1444568.332592205377296 ], [ 421415.891752946539782, 1444588.437934674788266 ], [ 421235.530723729229067, 1444667.901888892520219 ], [ 421241.357915175671224, 1444450.779625189490616 ], [ 420983.33672993251821, 1444438.362495352979749 ], [ 421015.301010869152378, 1444339.586215622955933 ], [ 420886.346655695000663, 1444353.115097097819671 ], [ 420833.68851845851168, 1443984.844993229024112 ], [ 420969.226713052310515, 1444017.349735100986436 ], [ 420969.018634862150066, 1443944.981803088448942 ], [ 420872.216245702002198, 1443925.52342563890852 ], [ 420968.659251230885275, 1443819.982656270032749 ], [ 420375.016653999860864, 1443729.590267214458436 ], [ 420337.099783750250936, 1443999.437694183550775 ], [ 420150.823034372704569, 1444263.136978853028268 ], [ 420086.001409527321812, 1444151.482907062396407 ], [ 419931.650241926079616, 1444303.248526489362121 ], [ 419841.547277193574701, 1444369.300950032891706 ], [ 419757.202752905257512, 1444198.493765654973686 ], [ 419550.370659464329947, 1444047.781978316837922 ], [ 419410.954591724672355, 1444068.201468324288726 ], [ 419301.676793191465549, 1444193.522739674663171 ], [ 419263.326698141172528, 1444312.057051490526646 ], [ 419296.309171037049964, 1444561.96149533172138 ], [ 419180.642479105736129, 1444707.039159295847639 ], [ 419109.581217237166129, 1444667.774388063699007 ], [ 419109.794301733374596, 1444740.142608043504879 ], [ 418859.156094526930247, 1445043.51532286638394 ], [ 418569.222306088078767, 1445143.058332180371508 ], [ 418621.090865580365062, 1445235.010520534589887 ], [ 418762.939415862841997, 1445221.432552045211196 ], [ 418763.172961071017198, 1445300.379783433163539 ], [ 418737.686815293331165, 1445405.719100399408489 ], [ 418744.233549501921516, 1445438.594698950648308 ], [ 418892.627617278543767, 1445457.89293424366042 ], [ 418918.930266575596761, 1445628.869059578049928 ], [ 418783.630450322292745, 1445675.321945656556636 ], [ 418803.192474518786184, 1445747.633026443887502 ], [ 418996.710526183829643, 1445760.219303379300982 ], [ 418984.491538282192778, 1445990.520127069437876 ], [ 419145.703365429828409, 1445983.465756312711164 ], [ 419211.106100606382824, 1446292.485762903466821 ], [ 419301.336506665567867, 1446272.483291220618412 ], [ 419327.848896876559593, 1446515.828001972287893 ], [ 419476.564857470453717, 1446646.970927711576223 ], [ 419360.442572761559859, 1446634.154029444092885 ], [ 419309.217497535399161, 1446759.30550675932318 ], [ 419464.458602630416863, 1446916.745089365169406 ], [ 419419.644007844850421, 1447028.719579926226288 ], [ 419497.321667830692604, 1447127.176345561631024 ], [ 419472.10534929309506, 1447324.620162091217935 ], [ 420271.485066893743351, 1447223.599497009301558 ], [ 420581.148558367742226, 1447262.174795594299212 ], [ 420697.248310058843344, 1447268.417770645581186 ], [ 420809.718218987225555, 1447365.077797036617994 ], [ 420791.382565441424958, 1447447.236373093212023 ], [ 420964.764943357789889, 1447459.367664881516248 ], [ 421151.001213872223161, 1447635.674201543908566 ], [ 421046.392899580998346, 1447857.02878999360837 ], [ 421275.39924400462769, 1447837.422668559709564 ], [ 421289.232070736587048, 1448342.647994641913101 ], [ 421076.020704071095679, 1449073.290508687729016 ], [ 420886.501102522423025, 1449471.734225487569347 ], [ 421245.566396038106177, 1449477.014839607523754 ], [ 421494.688326004543342, 1450000.512250867439434 ], [ 421599.652766440121923, 1449905.474101625848562 ], [ 421680.290137282805517, 1449962.085584937827662 ], [ 421680.091335009317845, 1449892.612174720270559 ], [ 421729.632313845911995, 1449898.78627397515811 ], [ 421691.893875656998716, 1449690.472307610325515 ], [ 421902.439869536145125, 1449715.134069101186469 ], [ 422440.68252907320857, 1449599.919255045242608 ], [ 422503.069506653468125, 1449770.269302277360111 ], [ 422558.818685935111716, 1449782.743131825234741 ], [ 422490.84969893458765, 1449827.146149288397282 ], [ 422540.819510374567471, 1449984.899822187842801 ], [ 422687.345955001423135, 1450302.644154333975166 ], [ 422455.412514832394663, 1450374.353312223684043 ], [ 422774.222681571496651, 1450926.084597803186625 ], [ 423191.81162525061518, 1450838.066413669614121 ], [ 423269.63125168957049, 1450995.74300488550216 ], [ 423284.375768689089455, 1450735.174891172908247 ], [ 423392.548709591967054, 1450679.608494656626135 ], [ 423376.763714487606194, 1450569.126244371058419 ], [ 423647.584540352982003, 1450568.369053607340902 ], [ 423702.299179306311999, 1450765.584959819214419 ], [ 423810.670660503965337, 1450781.072370600188151 ], [ 423965.051054397539701, 1450646.432237913832068 ], [ 424143.062124171759933, 1450661.727503977250308 ] ] ] } },
{ "type": "Feature", "properties": { "id": 0, "Zone_No": "IX", "Area": 25.3787, "Population": 730395, "Name": "Zone_IX", "Zone_name": "TEYNAMPET", "Projec_Pop": 803087, "No_of_stop": 103, "Route_leng": 78.774019, "Buffer_are": 22.592784, "Route_Dens": 3.1039422115500002, "Stop_Densi": 4.0585214750800001, "P500": 714929.09175599995, "P500_Perce": 89.022620432899998, "zone_area_sqm": 25378703.729162205, "school_access_area": 18461366.721855842, "school_access_percentage": 72.743536938973847, "hospital_access_area": 24109886.462876167, "hospital_access_percentage": 95.000464642218645, "park_access_area": 2549403.749069884, "park_access_percentage": 10.0454450955287 }, "geometry": { "type": "Polygon", "coordinates": [ [ [ 422957.645097348664422, 1444695.913233701139688 ], [ 422520.831686920137145, 1443631.488184576388448 ], [ 422192.792998407967389, 1443676.625068770255893 ], [ 421998.71453051303979, 1442378.860879892483354 ], [ 422063.121950203087181, 1442345.783712541917339 ], [ 421750.598560218000785, 1439956.543997578090057 ], [ 421704.528648240491748, 1439634.307338439393789 ], [ 421331.082210264285095, 1439878.790843851864338 ], [ 420937.931899986288045, 1439998.336483494378626 ], [ 420660.554758402984589, 1439999.133454347960651 ], [ 420390.046141547849402, 1440144.650214797118679 ], [ 420202.331094214692712, 1439921.508765270002186 ], [ 419712.579167735471856, 1440093.983674111776054 ], [ 419505.678910065209493, 1439930.113147830590606 ], [ 419001.985675133008044, 1439747.377520076930523 ], [ 418742.987712003523484, 1439419.191270924406126 ], [ 418555.545522284577601, 1439294.743812400847673 ], [ 418556.031259538372979, 1439459.216607494046912 ], [ 418337.737200362840667, 1439808.547786453273147 ], [ 417971.025630144926254, 1440138.585476893233135 ], [ 417874.422923533653375, 1440191.505007265368477 ], [ 417654.983736055262852, 1440152.685841128230095 ], [ 417558.480018804490101, 1440238.501157520571724 ], [ 417526.994805781287141, 1440495.175897442502901 ], [ 417579.169972916308325, 1440685.810452858451754 ], [ 417296.473196160164662, 1441061.660243550781161 ], [ 417548.551879383332562, 1441231.958287292858586 ], [ 417569.261950610205531, 1441685.846786395879462 ], [ 418014.311337557155639, 1441677.938905762741342 ], [ 418046.895635237568058, 1441789.684676382690668 ], [ 418195.192652293248102, 1441769.506653885124251 ], [ 418014.859921516967006, 1441862.148931099334732 ], [ 418041.268093486898579, 1442066.018933088285848 ], [ 417738.266729342518374, 1442119.554793387185782 ], [ 417529.771818495530169, 1442369.831731202779338 ], [ 416523.991503980418202, 1442517.602635014802217 ], [ 416505.06047412956832, 1442655.819347548531368 ], [ 416629.545939746138174, 1443293.606104953214526 ], [ 415906.994193352700677, 1443243.173924813745543 ], [ 415196.892295562196523, 1443047.983417667681351 ], [ 415191.152364696376026, 1443278.267327273730189 ], [ 415275.670453337836079, 1443495.114946516929194 ], [ 415153.406864495191257, 1443587.598468785639852 ], [ 415192.816368545056321, 1443817.743178677279502 ], [ 415450.950334316934459, 1443863.001272767083719 ], [ 415569.663463087985292, 1444014.639464692911133 ], [ 415660.848409841943067, 1444303.836943126516417 ], [ 415674.636164953757543, 1444593.27210775972344 ], [ 415797.824214731575921, 1444803.423346061026677 ], [ 416081.243473819398787, 1444684.133546228287742 ], [ 416326.368075683829375, 1444696.543925614794716 ], [ 416313.9098201188026, 1444841.320441770600155 ], [ 416429.841667537635658, 1444788.335304270964116 ], [ 416629.877983778365888, 1444820.622595808235928 ], [ 416752.858160794305149, 1444964.988074643770233 ], [ 416753.137322281952947, 1445057.093518261564896 ], [ 416862.639374387275893, 1445010.708702818956226 ], [ 417049.575706704170443, 1444977.248419836629182 ], [ 417784.839315871009603, 1444981.616756491130218 ], [ 417919.826680043712258, 1444829.895950897829607 ], [ 418456.036338298406918, 1445130.932815932203084 ], [ 418569.222306088078767, 1445143.058332180371508 ], [ 418859.156094526930247, 1445043.51532286638394 ], [ 419109.794301733374596, 1444740.142608043504879 ], [ 419109.581217237166129, 1444667.774388063699007 ], [ 419180.642479105736129, 1444707.039159295847639 ], [ 419296.309171037049964, 1444561.96149533172138 ], [ 419263.326698141172528, 1444312.057051490526646 ], [ 419301.676793191465549, 1444193.522739674663171 ], [ 419410.954591724672355, 1444068.201468324288726 ], [ 419550.370659464329947, 1444047.781978316837922 ], [ 419757.202752905257512, 1444198.493765654973686 ], [ 419841.547277193574701, 1444369.300950032891706 ], [ 419931.650241926079616, 1444303.248526489362121 ], [ 420086.001409527321812, 1444151.482907062396407 ], [ 420150.823034372704569, 1444263.136978853028268 ], [ 420337.099783750250936, 1443999.437694183550775 ], [ 420375.016653999860864, 1443729.590267214458436 ], [ 420968.659251230885275, 1443819.982656270032749 ], [ 420872.216245702002198, 1443925.52342563890852 ], [ 420969.018634862150066, 1443944.981803088448942 ], [ 420969.226713052310515, 1444017.349735100986436 ], [ 420833.68851845851168, 1443984.844993229024112 ], [ 420886.346655695000663, 1444353.115097097819671 ], [ 421015.301010869152378, 1444339.586215622955933 ], [ 420983.33672993251821, 1444438.362495352979749 ], [ 421241.357915175671224, 1444450.779625189490616 ], [ 421235.530723729229067, 1444667.901888892520219 ], [ 421415.891752946539782, 1444588.437934674788266 ], [ 421544.826331010088325, 1444568.332592205377296 ], [ 421886.2596381342737, 1444429.201843239367008 ], [ 422003.715539171826094, 1444909.131286231568083 ], [ 422377.80297257413622, 1444914.650543092750013 ], [ 422796.592379689100198, 1444762.154721592087299 ], [ 422828.470215692359488, 1444630.486436962615699 ], [ 422880.195648643712047, 1444676.39373547071591 ], [ 422957.645097348664422, 1444695.913233701139688 ] ] ] } },
{ "type": "Feature", "properties": { "id": 0, "Zone_No": "XIII", "Area": 40.9378, "Population": 552573, "Name": "Zone_XIII", "Zone_name": "ADYAR", "Projec_Pop": 607568, "No_of_stop": 106, "Route_leng": 86.447534, "Buffer_are": 30.912205, "Route_Dens": 2.1116799419099999, "Stop_Densi": 2.5892939160299999, "P500": 458775.65338199999, "P500_Perce": 75.510173903500004, "zone_area_sqm": 40937769.668496229, "school_access_area": 18274924.574792538, "school_access_percentage": 44.640743066313298, "hospital_access_area": 35509287.925473563, "hospital_access_percentage": 86.739673931967602, "park_access_area": 5237294.7936965022, "park_access_percentage": 12.793307588827627 }, "geometry": { "type": "Polygon", "coordinates": [ [ [ 421704.528648240491748, 1439634.307338439393789 ], [ 421567.732953624858055, 1438652.937980970367789 ], [ 421463.6791314870934, 1438358.498107550200075 ], [ 421254.874874718254432, 1437527.516920746536925 ], [ 421161.707077066355851, 1437433.046243847813457 ], [ 421007.028167593292892, 1437486.119670588057488 ], [ 420923.819661710993387, 1437265.305855888873339 ], [ 420861.043054903624579, 1436970.749730004230514 ], [ 421067.365538298268802, 1436928.054327505175024 ], [ 420434.394894778146408, 1434318.15717045054771 ], [ 419969.762073643389158, 1434287.917902380926535 ], [ 419649.713428880844731, 1434278.318858248414472 ], [ 419588.263717679714318, 1434446.917965358588845 ], [ 419515.787669529090635, 1434373.444592491956428 ], [ 419340.202257582801394, 1434342.376862572738901 ], [ 419288.893456982565112, 1434447.789414610015228 ], [ 419144.246811599237844, 1434406.106428556377068 ], [ 418968.876783869287465, 1434448.724545639008284 ], [ 419032.910171588999219, 1435164.325967340962961 ], [ 418939.757716757943854, 1435080.388305729720742 ], [ 418939.35675073688617, 1434943.547451446065679 ], [ 418289.415461533062626, 1435082.30164902866818 ], [ 417866.238923839118797, 1435104.607538881478831 ], [ 417886.009918281924911, 1434809.811516364337876 ], [ 417173.690263868949842, 1434801.408367609372362 ], [ 416843.036921340040863, 1434697.136613768525422 ], [ 416542.778846319299191, 1434403.302500058431178 ], [ 415900.694119261228479, 1433731.558343173936009 ], [ 415549.215037604095414, 1433574.732432004995644 ], [ 415126.079593367991038, 1433618.131578355096281 ], [ 414652.106267292867415, 1433914.32748060207814 ], [ 414397.959850649174768, 1434187.395150416763499 ], [ 414383.191213555750437, 1434419.021818642737344 ], [ 414202.616231164196506, 1434445.897055745124817 ], [ 414192.537788191926666, 1434524.876411172561347 ], [ 414264.946899463422596, 1434572.02085071336478 ], [ 414270.320457361987792, 1434640.425891897641122 ], [ 414156.929068860597908, 1434693.409505481831729 ], [ 414239.791442034766078, 1434782.62709490256384 ], [ 413945.599436557327863, 1434788.803723559016362 ], [ 413977.239690170856193, 1435004.49700024491176 ], [ 413925.608207957586274, 1434999.394384333631024 ], [ 413905.30614250106737, 1435109.985026949783787 ], [ 413699.059904981870204, 1435179.049506112467498 ], [ 413725.507573642535135, 1435384.232416874263436 ], [ 413550.067859414964914, 1435400.569904222153127 ], [ 413540.074063821346499, 1435505.865516150603071 ], [ 413623.018480298807845, 1435621.397116033360362 ], [ 413551.762708088965155, 1435942.676186707802117 ], [ 413665.164250294386875, 1435894.952844226034358 ], [ 413805.669405884924345, 1436262.939674621447921 ], [ 413984.779387083777692, 1436847.125144874677062 ], [ 414047.97110138554126, 1437251.143655557651073 ], [ 414291.156706833513454, 1437780.920243143104017 ], [ 414452.981946418934967, 1438039.36862409231253 ], [ 414875.185684483963996, 1438385.435474079335108 ], [ 414304.719451557553839, 1438159.829898927826434 ], [ 413672.667211480089463, 1438048.113778275437653 ], [ 413642.684758986230008, 1438626.32052332861349 ], [ 413481.904255391855258, 1438702.614721746649593 ], [ 413469.716355739161372, 1438765.8117206832394 ], [ 413185.17724621319212, 1438874.075594156049192 ], [ 413256.418757599487435, 1439865.445233932696283 ], [ 413360.045357931463514, 1440401.917005580151454 ], [ 414101.437231466989033, 1440261.436259549343958 ], [ 414371.751618254638743, 1440063.224093690048903 ], [ 414518.404236976522952, 1439510.130483301589265 ], [ 414563.437729939701967, 1439470.51675651082769 ], [ 414731.566341683501378, 1439601.576853621518239 ], [ 415092.284522702975664, 1439429.409210423473269 ], [ 415343.786402160825673, 1439402.319924802519381 ], [ 415369.408063601935282, 1439343.030152562540025 ], [ 415310.986719624372199, 1439224.787226466927677 ], [ 415310.602909360430203, 1439099.787131967255846 ], [ 415549.105364793911576, 1439039.84478307957761 ], [ 415852.358916711760685, 1439058.655035839648917 ], [ 415975.226918463769834, 1439156.965553640620783 ], [ 415898.377948299166746, 1439341.411947673652321 ], [ 416112.596934096305631, 1439781.552814053138718 ], [ 416397.087962158373557, 1439997.795710323145613 ], [ 416177.884537891251966, 1440037.935443364083767 ], [ 415907.136457390733995, 1440097.971196498489007 ], [ 416076.516840551514179, 1440643.512690477771685 ], [ 416360.400513770058751, 1440662.386472765123472 ], [ 416573.32783946552081, 1440681.477921585086733 ], [ 416590.986837455013301, 1440122.209314061095938 ], [ 416739.510915992374066, 1440174.392243968090042 ], [ 416985.427979682746809, 1440436.810278307413682 ], [ 417334.647288585663773, 1440731.815094609977677 ], [ 417486.367689561855514, 1440809.191010807175189 ], [ 417579.169972916308325, 1440685.810452858451754 ], [ 417526.994805781287141, 1440495.175897442502901 ], [ 417558.480018804490101, 1440238.501157520571724 ], [ 417654.983736055262852, 1440152.685841128230095 ], [ 417874.422923533653375, 1440191.505007265368477 ], [ 417971.025630144926254, 1440138.585476893233135 ], [ 418337.737200362840667, 1439808.547786453273147 ], [ 418556.031259538372979, 1439459.216607494046912 ], [ 418555.545522284577601, 1439294.743812400847673 ], [ 418742.987712003523484, 1439419.191270924406126 ], [ 419001.985675133008044, 1439747.377520076930523 ], [ 419505.678910065209493, 1439930.113147830590606 ], [ 419712.579167735471856, 1440093.983674111776054 ], [ 420202.331094214692712, 1439921.508765270002186 ], [ 420390.046141547849402, 1440144.650214797118679 ], [ 420660.554758402984589, 1439999.133454347960651 ], [ 420937.931899986288045, 1439998.336483494378626 ], [ 421331.082210264285095, 1439878.790843851864338 ], [ 421704.528648240491748, 1439634.307338439393789 ] ] ] } },
{ "type": "Feature", "properties": { "id": 0, "Zone_No": "XIV", "Area": 34.401, "Population": 241761, "Name": "Zone_XIV", "Zone_name": "PERUNGUDI", "Projec_Pop": 265822, "No_of_stop": 25, "Route_leng": 25.699308, "Buffer_are": 13.190072, "Route_Dens": 0.74705116916500003, "Stop_Densi": 0.72672303974600005, "P500": 101921.781915, "P500_Perce": 38.3421168733, "zone_area_sqm": 34401047.766001388, "school_access_area": 16753913.443632333, "school_access_percentage": 48.701753381448611, "hospital_access_area": 25147190.032950327, "hospital_access_percentage": 73.100070102525578, "park_access_area": 1263512.954117053, "park_access_percentage": 3.6728909035316795 }, "geometry": { "type": "Polygon", "coordinates": [ [ [ 420434.394894778146408, 1434318.15717045054771 ], [ 420249.505708317272365, 1433738.010681460844353 ], [ 420123.212101055833045, 1432901.536141572287306 ], [ 419961.644613298994955, 1432365.162646523211151 ], [ 418939.810611781897023, 1432447.079415667103603 ], [ 418888.422318451397587, 1432526.176954171620309 ], [ 418557.966536705614999, 1432495.567188564222306 ], [ 418567.192571719991975, 1432121.856487820157781 ], [ 418180.291079870366957, 1432207.206154608633369 ], [ 418195.016049650497735, 1431949.268224607920274 ], [ 418287.033098313200753, 1431643.734153065830469 ], [ 417729.792683700565249, 1431792.925521369092166 ], [ 417730.129993638140149, 1431906.608708732528612 ], [ 417365.07103992550401, 1432046.641784908482805 ], [ 416974.916356480680406, 1432079.386456646025181 ], [ 416584.439213311532512, 1432004.768963030306622 ], [ 416627.5914445273811, 1431935.165320853935555 ], [ 416713.953488695202395, 1431814.905519760912284 ], [ 416558.996179485577159, 1431783.792373275617138 ], [ 416526.274897319730371, 1431202.836975938174874 ], [ 416594.320871676551178, 1431171.053298080805689 ], [ 416556.754131736583076, 1431038.534451663959771 ], [ 416624.857490585185587, 1431025.698104918701574 ], [ 416593.314580645528622, 1430836.318924903171137 ], [ 416481.866810502775479, 1430855.601551108295098 ], [ 416336.606646911008283, 1429967.353340469067916 ], [ 416394.56504412018694, 1429927.705020101508126 ], [ 416348.997394008212723, 1429796.26313398196362 ], [ 416265.107497597695328, 1429796.515973134199157 ], [ 416180.065961550746579, 1429415.192989426199347 ], [ 416276.744361990480684, 1429375.427680445602164 ], [ 416191.821133711957373, 1429033.578077409183607 ], [ 416184.851913309015799, 1428862.546277856221423 ], [ 416068.811954476172104, 1428902.370268210303038 ], [ 415934.109202313877176, 1429172.51478092209436 ], [ 415753.698357459390536, 1429265.166760815074667 ], [ 415526.59615678928094, 1428857.960609491914511 ], [ 415402.942117387312464, 1428516.230621304828674 ], [ 415686.491572644095868, 1428383.789843478705734 ], [ 415884.912375858868472, 1427949.525892437435687 ], [ 415776.182647542795166, 1427847.223312687361613 ], [ 415319.561106002423912, 1427943.347126296488568 ], [ 414759.79975935787661, 1427234.528801551554352 ], [ 413544.022217500780243, 1427269.859600207302719 ], [ 412909.373857424478047, 1427398.155871256487444 ], [ 412607.093883838853799, 1427320.15590666863136 ], [ 412740.136236844118685, 1427761.846980233443901 ], [ 412872.531547735212371, 1427998.275809464044869 ], [ 412920.604404355515726, 1428511.287156813545153 ], [ 412920.975427666446194, 1428629.708007355686277 ], [ 412960.412821537815034, 1428858.533701709238812 ], [ 412782.375151729327627, 1428882.776357804890722 ], [ 412589.271957369172014, 1429041.279316605068743 ], [ 412707.068648639426101, 1429561.96634320076555 ], [ 412606.597886497969739, 1429625.440805048681796 ], [ 412591.38363494706573, 1429712.331626437837258 ], [ 412746.382979055109899, 1429751.318244198570028 ], [ 412754.697247242031153, 1429932.872771189082414 ], [ 412391.141654609004036, 1430060.33459384040907 ], [ 412492.705154045950621, 1430207.713162553263828 ], [ 412557.276850955211557, 1430220.667720670346171 ], [ 412576.780947934254073, 1430266.659385881619528 ], [ 412725.076066729554441, 1430226.71868385002017 ], [ 412725.324275795603171, 1430305.666040672222152 ], [ 412899.947471067775041, 1430430.118739422410727 ], [ 412867.930469419807196, 1430509.167352017946541 ], [ 413068.301599374390207, 1430613.803154515335336 ], [ 413204.430281448469032, 1430810.747267724247649 ], [ 413172.63941221521236, 1430962.163901423104107 ], [ 413295.819065902323928, 1431145.990875208750367 ], [ 413439.874925207172055, 1431816.599666122812778 ], [ 413330.879286555398721, 1432040.626478018704802 ], [ 413221.30884663190227, 1432080.443304341984913 ], [ 412743.921250009618234, 1432114.836837894283235 ], [ 412524.367464535986073, 1432062.896572397323325 ], [ 412497.934188786428422, 1431865.609310837695375 ], [ 412356.18405384774087, 1431931.847254879074171 ], [ 412363.218978685501497, 1432116.037716114195064 ], [ 412311.806412974372506, 1432181.990554281976074 ], [ 412195.597646511625499, 1432162.621310640126467 ], [ 412131.238724227063358, 1432215.457468990469351 ], [ 412157.695314457407221, 1432419.323529205285013 ], [ 412306.040705119608901, 1432399.116685062646866 ], [ 412304.104554167483002, 1432509.458589886315167 ], [ 412091.234855825256091, 1432529.870079439366236 ], [ 411897.911071545095183, 1432609.432390411151573 ], [ 411988.663615274243057, 1432740.724693710915744 ], [ 412073.46400910691591, 1433029.932945180451497 ], [ 412113.388934768503532, 1433411.390244561247528 ], [ 412061.979542669316288, 1433477.343785666627809 ], [ 412146.339083182043396, 1433628.393863969715312 ], [ 412217.689061184530146, 1433746.590222324244678 ], [ 412082.338948505173903, 1433793.072903336025774 ], [ 412108.502768087259028, 1433904.833471879595891 ], [ 411960.395722691784613, 1433997.41059597604908 ], [ 412057.052309815189801, 1434152.526605434017256 ], [ 412014.236161257023923, 1434323.191390168853104 ], [ 412200.356393300928175, 1434417.338510334957391 ], [ 412132.54358373809373, 1434518.607770746806636 ], [ 412170.248493806342594, 1434689.01679061120376 ], [ 412052.885435687145218, 1434790.443647423060611 ], [ 412066.517863402026705, 1435181.984961481997743 ], [ 412202.901686276833061, 1435219.447019704850391 ], [ 412227.797088278690353, 1435257.26329050026834 ], [ 412512.590986523311585, 1435218.46576121984981 ], [ 412661.082243469078094, 1435167.469503406435251 ], [ 412716.627094967931043, 1435104.135453210445121 ], [ 412759.684976294462103, 1435009.261551696807146 ], [ 413137.349669188144617, 1434957.546229396713898 ], [ 413168.100791096047033, 1434887.975178149528801 ], [ 413310.61867278360296, 1434906.47584442072548 ], [ 413310.361412977101281, 1434824.370432319585234 ], [ 413397.016161919513252, 1434805.15147704561241 ], [ 413415.242011280555744, 1434691.408939069602638 ], [ 413594.845066760550253, 1434684.531666421797127 ], [ 413613.74222455691779, 1434785.526393238687888 ], [ 414397.959850649174768, 1434187.395150416763499 ], [ 414652.106267292867415, 1433914.32748060231097 ], [ 415126.079593367991038, 1433618.131578355096281 ], [ 415549.215037604095414, 1433574.732432004995644 ], [ 415900.694119261228479, 1433731.558343173936009 ], [ 416542.778846319299191, 1434403.302500058431178 ], [ 416843.036921340040863, 1434697.136613768292591 ], [ 417173.690263868949842, 1434801.408367609838024 ], [ 417886.009918281924911, 1434809.811516364337876 ], [ 417866.238923839118797, 1435104.607538881478831 ], [ 418289.415461533062626, 1435082.301649028901011 ], [ 418939.35675073688617, 1434943.547451445832849 ], [ 418939.757716757943854, 1435080.388305729953572 ], [ 419032.910171588999219, 1435164.325967340962961 ], [ 418968.876783869287465, 1434448.724545638775453 ], [ 419144.246811599237844, 1434406.106428556377068 ], [ 419288.893456982565112, 1434447.789414610015228 ], [ 419340.202257582801394, 1434342.376862572738901 ], [ 419515.787669529090635, 1434373.444592491956428 ], [ 419588.263717679714318, 1434446.917965358588845 ], [ 419649.713428880844731, 1434278.318858248414472 ], [ 420434.394894778146408, 1434318.15717045054771 ] ] ] } },
{ "type": "Feature", "properties": { "id": 0, "Zone_No": "XV", "Area": 43.2609, "Population": 196606, "Name": "Zone_XV", "Zone_name": "SOZHANGANALLUR", "Projec_Pop": 216173, "No_of_stop": 25, "Route_leng": 30.455957, "Buffer_are": 15.486302, "Route_Dens": 0.70400657389400001, "Stop_Densi": 0.57788905951500003, "P500": 77384.438866299999, "P500_Perce": 35.797457992600002, "zone_area_sqm": 43260868.706919014, "school_access_area": 21593379.47256669, "school_access_percentage": 49.914345499754397, "hospital_access_area": 28451164.592485476, "hospital_access_percentage": 65.766512423119877, "park_access_area": 0.0, "park_access_percentage": 0.0 }, "geometry": { "type": "Polygon", "coordinates": [ [ [ 419961.644613298994955, 1432365.162646523211151 ], [ 420042.46010094054509, 1432346.256357966922224 ], [ 419775.735940519894939, 1430881.507625446422026 ], [ 419611.753978115390055, 1430408.300399884814397 ], [ 419492.123053139192052, 1429208.653560307109728 ], [ 418992.781851317617111, 1425048.624393626581877 ], [ 418506.947452517575584, 1421520.700314328772947 ], [ 417247.812007142463699, 1421707.811172581743449 ], [ 416705.467010971857235, 1420875.743452838156372 ], [ 415397.078512777807191, 1421013.062511349096894 ], [ 415381.223558672238141, 1421179.846925167832524 ], [ 415070.489576902182307, 1421214.136953725013882 ], [ 414630.865535175311379, 1421899.097280516056344 ], [ 414095.778992259642109, 1423451.39276876160875 ], [ 414326.590031257655937, 1424034.262844567885622 ], [ 414690.398095414624549, 1425317.02297111437656 ], [ 414759.79975935787661, 1427234.528801551554352 ], [ 415319.561106002423912, 1427943.347126296488568 ], [ 415776.182647542795166, 1427847.223312687361613 ], [ 415884.912375858868472, 1427949.525892437435687 ], [ 415686.491572644095868, 1428383.789843478705734 ], [ 415402.942117387312464, 1428516.230621304828674 ], [ 415526.59615678928094, 1428857.960609491914511 ], [ 415753.698357459390536, 1429265.166760815074667 ], [ 415934.109202313877176, 1429172.51478092209436 ], [ 416068.811954476172104, 1428902.370268210303038 ], [ 416184.851913309015799, 1428862.546277856221423 ], [ 416191.821133711957373, 1429033.578077409183607 ], [ 416276.744361990480684, 1429375.427680445602164 ], [ 416180.065961550746579, 1429415.192989426199347 ], [ 416265.107497597695328, 1429796.515973134199157 ], [ 416348.997394008212723, 1429796.26313398196362 ], [ 416394.56504412018694, 1429927.705020101508126 ], [ 416336.606646911008283, 1429967.353340469067916 ], [ 416481.866810502775479, 1430855.601551108295098 ], [ 416593.314580645528622, 1430836.318924903171137 ], [ 416624.857490585185587, 1431025.698104918701574 ], [ 416556.754131736583076, 1431038.534451663959771 ], [ 416594.320871676551178, 1431171.053298080805689 ], [ 416526.274897319730371, 1431202.836975938174874 ], [ 416558.996179485577159, 1431783.792373275617138 ], [ 416713.953488695202395, 1431814.905519760912284 ], [ 416584.439213311532512, 1432004.768963030306622 ], [ 416974.916356480680406, 1432079.386456646025181 ], [ 417365.07103992550401, 1432046.641784908482805 ], [ 417730.129993638140149, 1431906.608708732528612 ], [ 417729.792683700565249, 1431792.925521369092166 ], [ 418287.033098313200753, 1431643.734153065830469 ], [ 418195.016049650497735, 1431949.268224607920274 ], [ 418180.291079870366957, 1432207.206154608633369 ], [ 418567.192571719991975, 1432121.856487820157781 ], [ 418557.966536705614999, 1432495.567188564222306 ], [ 418888.422318451397587, 1432526.176954171620309 ], [ 418939.810611781897023, 1432447.079415667103603 ], [ 419961.644613298994955, 1432365.162646523211151 ] ] ] } },
{ "type": "Feature", "properties": { "id": 0, "Zone_No": "XII", "Area": 20.5213, "Population": 218416, "Name": "Zone_XII", "Zone_name": "ALANDUR", "Projec_Pop": 240154, "No_of_stop": 31, "Route_leng": 31.048456, "Buffer_are": 10.48163, "Route_Dens": 1.51298684611, "Stop_Densi": 1.51062559212, "P500": 122663.059809, "P500_Perce": 51.076833952000001, "zone_area_sqm": 20521335.052217256, "school_access_area": 8884695.8520229366, "school_access_percentage": 43.294921258366074, "hospital_access_area": 15680103.714554042, "hospital_access_percentage": 76.408789558064655, "park_access_area": 4521717.206128479, "park_access_percentage": 22.034225329993447 }, "geometry": { "type": "Polygon", "coordinates": [ [ [ 412082.338948505173903, 1433793.072903336025774 ], [ 411588.986616269510705, 1433901.421249069273472 ], [ 411297.964067216322292, 1433691.822521159658208 ], [ 410611.916048194398172, 1434039.4292903249152 ], [ 410741.044808267790359, 1434607.416029268875718 ], [ 410728.692610161961056, 1434778.511486450443044 ], [ 410638.44978766789427, 1434805.119047386106104 ], [ 410613.088225470739417, 1434943.361326128011569 ], [ 410368.31908386037685, 1435069.155556197045371 ], [ 410226.205945765366778, 1435016.983810109784827 ], [ 409652.240981307404581, 1435097.801303955027834 ], [ 409497.265561707667075, 1435058.833397563314065 ], [ 409595.313329194148537, 1435446.678642107406631 ], [ 409030.932190177438315, 1436762.018165045417845 ], [ 408941.326091445807833, 1436979.423621677327901 ], [ 409149.202218821272254, 1437412.959664935711771 ], [ 409304.597441222227644, 1437583.505417376058176 ], [ 409266.343325844500214, 1437721.792151032248512 ], [ 409267.16495405085152, 1437971.795216451631859 ], [ 408925.443311231560074, 1438032.132432537153363 ], [ 408886.670649120118469, 1438012.523063898319378 ], [ 408796.439979671267793, 1438039.137458574026823 ], [ 408861.473847306449898, 1438196.821225606836379 ], [ 408862.190787702507805, 1438413.92940641194582 ], [ 408934.949173497618176, 1438428.355145681183785 ], [ 408967.769263173919171, 1438599.303640914382413 ], [ 409090.275488160550594, 1438579.162438489729539 ], [ 409110.018942275433801, 1438697.521292306948453 ], [ 409065.273278188891709, 1438822.671750802313909 ], [ 409033.386739241308533, 1438934.621697398368269 ], [ 408891.290015606500674, 1438882.457748961634934 ], [ 408827.040390155219939, 1438961.61934112966992 ], [ 408743.111614463734441, 1438942.159520184621215 ], [ 408652.230627398006618, 1438771.403360862517729 ], [ 408510.132235158584081, 1438719.241284089628607 ], [ 408400.638295896176714, 1438772.237512575462461 ], [ 408092.081962827942334, 1439102.219786281697452 ], [ 407782.939083638601005, 1439254.571545397629961 ], [ 407647.093916013080161, 1439143.180868323426694 ], [ 407543.943880163307767, 1439163.263829937204719 ], [ 407500.132910247542895, 1439564.737885129638016 ], [ 407442.450112612918019, 1439676.776758950669318 ], [ 407235.977327399072237, 1439664.312373324064538 ], [ 407236.597137898323126, 1439848.526203576941043 ], [ 407294.920297590841074, 1439927.279691644012928 ], [ 407269.559603331144899, 1440058.947797380620614 ], [ 407443.664972080267034, 1440038.625217019813135 ], [ 407475.631920225685462, 1439952.989114381140098 ], [ 407630.583955836773384, 1439991.944273465313017 ], [ 407759.996485297742765, 1440109.935322139179334 ], [ 407908.254579529981129, 1440076.543923980789259 ], [ 407960.256339071667753, 1440194.794576458167285 ], [ 408198.408537837967742, 1440036.10128377424553 ], [ 408411.372147263609804, 1440061.709342595888302 ], [ 408662.582115248718765, 1439949.030767810065299 ], [ 408869.247177126060706, 1440020.717054222710431 ], [ 408855.714786860451568, 1439829.967457663733512 ], [ 409139.551357222604565, 1439829.030535390600562 ], [ 409178.928264811518602, 1440032.853199419332668 ], [ 409475.46964399080025, 1439972.665789386024699 ], [ 409481.121169960708357, 1439729.220344237517565 ], [ 409564.852703456650488, 1439689.470949691487476 ], [ 409688.087045398075134, 1439893.019162370823324 ], [ 409682.304479505284689, 1440096.990287190768868 ], [ 410372.257051504042465, 1440009.209943127585575 ], [ 410456.245275818451773, 1440048.411529470235109 ], [ 410552.857208306784742, 1440002.044226599857211 ], [ 410604.121987642836757, 1439896.612513206200674 ], [ 410720.151008528016973, 1439869.92015247233212 ], [ 410765.711219309945591, 1439994.775268558645621 ], [ 411236.553426202968694, 1439973.517852497985587 ], [ 411339.617541601473931, 1439927.132634417619556 ], [ 411423.477605512132868, 1439926.863050602376461 ], [ 411430.203179764270317, 1440012.36942500853911 ], [ 411520.534837645536754, 1440018.658401224063709 ], [ 411610.550003178999759, 1439926.262590857222676 ], [ 411688.043555939162616, 1439952.33051268174313 ], [ 411810.102943411387969, 1439794.042082272004336 ], [ 411971.204846591805108, 1439740.89468175242655 ], [ 412119.783149281749502, 1439806.211334225488827 ], [ 412188.825917284411844, 1439980.13915842724964 ], [ 412305.328721163736191, 1440102.138850002782419 ], [ 412615.964466928562615, 1440416.947127622552216 ], [ 413003.202235326403752, 1440478.880827212007716 ], [ 413360.045357931463514, 1440401.917005580151454 ], [ 413256.418757599487435, 1439865.445233932696283 ], [ 413185.17724621319212, 1438874.075594156049192 ], [ 413029.271838125248905, 1438927.458446959033608 ], [ 413175.603227161394898, 1439917.8019713757094 ], [ 413250.595404814812355, 1440379.415131035726517 ], [ 412906.168422768823802, 1440392.343810904305428 ], [ 412658.125851628545206, 1440286.548097549472004 ], [ 412557.547524092777167, 1439082.89953411812894 ], [ 412479.522384911775589, 1438889.722766297869384 ], [ 412367.237330887117423, 1438878.236916900379583 ], [ 412346.804582096228842, 1438721.193962016142905 ], [ 412207.022444593138061, 1438583.478177766082808 ], [ 412117.130185956833884, 1438311.391319485381246 ], [ 411997.151523142238148, 1438315.72106471285224 ], [ 411776.017693346482702, 1438158.529573140898719 ], [ 411659.934301368892193, 1438170.743171001318842 ], [ 411520.300908132747281, 1438081.386179087916389 ], [ 410650.524842359300237, 1437239.434387740213424 ], [ 410749.585488354729023, 1436749.631130747962743 ], [ 410376.390013870492112, 1436261.355917304754257 ], [ 410778.106110582419205, 1435991.630270839203149 ], [ 410871.086977236031089, 1436015.014975716359913 ], [ 410878.345457944262307, 1435864.98888191813603 ], [ 411141.296890125668142, 1435777.298903600778431 ], [ 411606.781671856355388, 1436075.811728647211567 ], [ 411560.632743898953777, 1436170.697740537347272 ], [ 411638.986413604929112, 1436462.557226906064898 ], [ 412065.795470378710888, 1436776.990284697385505 ], [ 412685.688077676924877, 1436948.711058194981888 ], [ 413033.991809789149556, 1436923.927867784863338 ], [ 413091.89331902214326, 1437060.370325142052025 ], [ 413130.788046876958106, 1437119.459315008716658 ], [ 413277.793332041474059, 1437091.365445962641388 ], [ 413297.667974242358468, 1437257.094732008874416 ], [ 413437.376368580036797, 1437371.131698788842186 ], [ 413457.386039307399187, 1437580.282262127380818 ], [ 413581.38675949483877, 1437623.31552437087521 ], [ 413511.923102633969393, 1437690.639157301280648 ], [ 413516.053516984567977, 1437773.522048900835216 ], [ 413458.264499368029647, 1437860.546394610311836 ], [ 413671.46358514460735, 1437958.564391404157504 ], [ 413672.667211480089463, 1438048.113778275437653 ], [ 414304.719451557553839, 1438159.829898927826434 ], [ 414875.185684483963996, 1438385.435474079335108 ], [ 414452.981946418934967, 1438039.36862409231253 ], [ 414047.97110138554126, 1437251.143655557651073 ], [ 413984.779387083777692, 1436847.125144874677062 ], [ 413805.669405884924345, 1436262.939674621447921 ], [ 413665.164250294386875, 1435894.952844226034358 ], [ 413551.762708088965155, 1435942.676186707802117 ], [ 413623.018480298807845, 1435621.397116033360362 ], [ 413540.074063821346499, 1435505.865516150603071 ], [ 413550.067859414964914, 1435400.569904222153127 ], [ 413725.507573642535135, 1435384.232416874263436 ], [ 413699.059904981870204, 1435179.049506112467498 ], [ 413905.30614250106737, 1435109.985026949783787 ], [ 413925.608207957586274, 1434999.394384333631024 ], [ 413977.239690170856193, 1435004.49700024491176 ], [ 413945.599436557327863, 1434788.803723559016362 ], [ 414239.791442034766078, 1434782.62709490256384 ], [ 414156.929068860597908, 1434693.409505481831729 ], [ 414270.320457361987792, 1434640.425891897641122 ], [ 414264.946899463422596, 1434572.02085071336478 ], [ 414192.537788191926666, 1434524.876411172561347 ], [ 414202.616231164196506, 1434445.897055745124817 ], [ 414383.191213555750437, 1434419.021818642737344 ], [ 414397.959850649174768, 1434187.395150416763499 ], [ 413613.74222455691779, 1434785.526393238920718 ], [ 413594.845066760550253, 1434684.531666421797127 ], [ 413415.242011280555744, 1434691.40893907030113 ], [ 413397.016161919513252, 1434805.15147704561241 ], [ 413310.361412977101281, 1434824.370432319585234 ], [ 413310.61867278360296, 1434906.47584442072548 ], [ 413168.100791096047033, 1434887.975178149528801 ], [ 413137.349669188144617, 1434957.546229396248236 ], [ 412759.684976294520311, 1435009.261551697039977 ], [ 412716.627094967931043, 1435104.135453210445121 ], [ 412661.082243469078094, 1435167.469503406668082 ], [ 412512.590986523311585, 1435218.46576121984981 ], [ 412227.797088278690353, 1435257.26329050026834 ], [ 412202.901686276833061, 1435219.447019704850391 ], [ 412066.517863402026705, 1435181.984961481997743 ], [ 412052.885435687145218, 1434790.443647423060611 ], [ 412170.248493806342594, 1434689.01679061120376 ], [ 412132.54358373809373, 1434518.607770746806636 ], [ 412200.356393300928175, 1434417.338510334957391 ], [ 412014.236161257023923, 1434323.191390169085935 ], [ 412057.052309815189801, 1434152.526605434017256 ], [ 411960.395722691784613, 1433997.410595976281911 ], [ 412108.502768087259028, 1433904.83347187936306 ], [ 412082.338948505173903, 1433793.072903336025774 ] ] ] } },
{ "type": "Feature", "properties": { "id": 0, "Zone_No": "XI", "Area": 22.7144, "Population": 335697, "Name": "Zone_XI", "Zone_name": "VALASARAVAKKAM", "Projec_Pop": 369107, "No_of_stop": 21, "Route_leng": 34.058762, "Buffer_are": 10.405346, "Route_Dens": 1.49943485159, "Stop_Densi": 0.92452367714999995, "P500": 169085.96124, "P500_Perce": 45.8094702187, "zone_area_sqm": 22714393.667649921, "school_access_area": 3647499.8632479613, "school_access_percentage": 16.05809917982873, "hospital_access_area": 15023972.197875619, "hospital_access_percentage": 66.142959471874079, "park_access_area": 721133.81143120478, "park_access_percentage": 3.1747878547084052 }, "geometry": { "type": "Polygon", "coordinates": [ [ [ 412305.328721163736191, 1440102.138850002549589 ], [ 412188.825917284411844, 1439980.139158427482471 ], [ 412119.783149281749502, 1439806.211334225255996 ], [ 411971.204846591805108, 1439740.89468175242655 ], [ 411810.102943411387969, 1439794.042082272004336 ], [ 411688.043555939162616, 1439952.33051268174313 ], [ 411610.550003178999759, 1439926.262590857455507 ], [ 411520.534837645536754, 1440018.658401224063709 ], [ 411430.203179764270317, 1440012.36942500853911 ], [ 411423.477605512132868, 1439926.863050602376461 ], [ 411339.617541601473931, 1439927.132634417619556 ], [ 411236.553426202968694, 1439973.517852497985587 ], [ 410765.711219309945591, 1439994.775268558878452 ], [ 410720.151008528016973, 1439869.92015247233212 ], [ 410604.121987642836757, 1439896.612513206200674 ], [ 410552.857208306784742, 1440002.044226600090042 ], [ 410456.245275818451773, 1440048.411529470002279 ], [ 410372.257051504042465, 1440009.209943127818406 ], [ 409682.304479505284689, 1440096.990287190768868 ], [ 409688.087045398075134, 1439893.019162370823324 ], [ 409564.852703456650488, 1439689.470949691487476 ], [ 409481.121169960708357, 1439729.220344237517565 ], [ 409475.46964399080025, 1439972.665789385791868 ], [ 409178.928264811518602, 1440032.853199419099838 ], [ 409139.551357222604565, 1439829.030535390833393 ], [ 408855.714786860451568, 1439829.967457663966343 ], [ 408869.247177126060706, 1440020.717054222710431 ], [ 408662.582115248718765, 1439949.030767809832469 ], [ 408411.372147263609804, 1440061.709342595888302 ], [ 408198.408537837967742, 1440036.10128377424553 ], [ 407960.256339071667753, 1440194.794576458167285 ], [ 407908.254579529981129, 1440076.543923980789259 ], [ 407759.996485297742765, 1440109.935322139179334 ], [ 407630.583955836773384, 1439991.944273465313017 ], [ 407475.631920225685462, 1439952.989114380907267 ], [ 407443.664972080267034, 1440038.625217019813135 ], [ 407269.559603331144899, 1440058.947797380620614 ], [ 407310.628453579091001, 1440797.945529025280848 ], [ 407531.306165880872868, 1440816.941374904243276 ], [ 407570.791349038190674, 1441049.710427607409656 ], [ 407431.445828208699822, 1441046.230883690528572 ], [ 407432.387804719503038, 1441326.499225126812235 ], [ 407390.106529942946509, 1441413.486090147634968 ], [ 407018.798433410644066, 1441485.792152721900493 ], [ 407026.792243385221809, 1441560.767486748984084 ], [ 406929.982041496841703, 1441545.304578509181738 ], [ 406950.735698544187471, 1441705.678049932001159 ], [ 406837.528849571244791, 1441800.800727393478155 ], [ 406739.732364437950309, 1441874.818412382621318 ], [ 406745.320606718887575, 1442001.119310616748407 ], [ 406834.15006240317598, 1442327.144717420451343 ], [ 406715.696873699547723, 1442395.969256289303303 ], [ 406586.60225029400317, 1442370.090530427871272 ], [ 406127.091327187838033, 1442297.967501631239429 ], [ 406190.072822155139875, 1442608.289519549813122 ], [ 406304.008970081922598, 1442728.957981143612415 ], [ 406804.204825105145574, 1442627.255777959246188 ], [ 407005.860450371634215, 1442747.62994577572681 ], [ 406990.567462513572536, 1443210.064917216310278 ], [ 407729.8639298248454, 1443243.102020486723632 ], [ 407849.669894159887917, 1444347.997327663004398 ], [ 408093.141803489706945, 1444248.49473479972221 ], [ 408208.94828861305723, 1444161.262970376992598 ], [ 408355.767405656166375, 1444089.718264571623877 ], [ 408362.270224119594786, 1443718.633013520855457 ], [ 408315.146226183336694, 1443513.520940493559465 ], [ 408371.798357849998865, 1443093.846231956966221 ], [ 407887.923462390084751, 1443059.935094778193161 ], [ 407899.256054644298274, 1442976.999924784526229 ], [ 407802.438241138937883, 1442957.586834346409887 ], [ 407794.076232737163082, 1442772.082962467567995 ], [ 408204.464254462509416, 1442818.080346906324849 ], [ 408223.26160713005811, 1442652.223350652959198 ], [ 407774.421399677521549, 1442681.356643286766484 ], [ 407781.235514945001341, 1442405.00974883348681 ], [ 407544.970787794329226, 1442350.53770473622717 ], [ 407435.730123283574358, 1442090.370670647593215 ], [ 407377.584213736350648, 1442062.933855029754341 ], [ 407380.484858597163111, 1441774.757430359255522 ], [ 407484.981316057615913, 1441774.406074551399797 ], [ 407543.273524105083197, 1441845.265007406938821 ], [ 407744.485663159342948, 1441832.747511971276253 ], [ 407755.593749302148353, 1441682.705876623978838 ], [ 407844.569834558933508, 1441670.565462405094877 ], [ 407891.475067974068224, 1441808.570414760150015 ], [ 408971.372497263655532, 1441836.558271520771086 ], [ 409048.946373279730324, 1441887.619016607291996 ], [ 409038.901247036177665, 1442361.349023372866213 ], [ 409166.811381711158901, 1442420.138618129771203 ], [ 409137.492952584754676, 1442917.617143568117172 ], [ 409052.455960470600985, 1442949.477970874402672 ], [ 409092.375121985329315, 1444293.242674717213959 ], [ 409257.958823879016563, 1444434.804607857018709 ], [ 409207.456599671451841, 1444766.559649879811332 ], [ 409135.115828561363742, 1444735.218992104521021 ], [ 409114.70322154823225, 1444803.709504385013133 ], [ 409223.492387059552129, 1444934.93244138918817 ], [ 409285.895566804043483, 1445082.098838080652058 ], [ 409100.983385628322139, 1445335.349019664339721 ], [ 408925.660635100735817, 1445367.509804515168071 ], [ 408956.322250811790582, 1446024.901093802182004 ], [ 409052.031599684269167, 1446034.099849455757067 ], [ 409057.247567714948673, 1446362.513288706308231 ], [ 409247.818171613034792, 1446574.520136451115832 ], [ 409463.991751221939921, 1446415.906660611275584 ], [ 409567.214907788846176, 1446426.092879124684259 ], [ 409610.262762793689035, 1446337.527482989244163 ], [ 409744.331929446314462, 1446313.927640342386439 ], [ 410015.059309848409612, 1446426.725841995794326 ], [ 410078.594513663032558, 1446291.777051530079916 ], [ 410194.351986502879299, 1446348.241605526767671 ], [ 410311.938763532729354, 1446333.119787701638415 ], [ 410398.142859760555439, 1446187.571185073349625 ], [ 410461.037598361202981, 1445966.254882330307737 ], [ 410475.653543488238938, 1445701.726684992434457 ], [ 410718.864390482543968, 1445523.298603823175654 ], [ 410703.090387983305845, 1445432.558151554316282 ], [ 410795.911781174130738, 1445416.466577383223921 ], [ 410807.046471009147353, 1445270.374162305146456 ], [ 411271.590937306988053, 1445324.133738647447899 ], [ 411871.547049786720891, 1445369.571215824689716 ], [ 412026.638343097292818, 1445463.812824703520164 ], [ 412224.346425968629774, 1445412.652678600046784 ], [ 412321.050968903233297, 1444996.545449279481545 ], [ 412335.253449088777415, 1444596.491784448269755 ], [ 412180.511905294202734, 1444612.775770325213671 ], [ 412154.427171103074215, 1444523.383590492419899 ], [ 412159.149452396901324, 1444386.523515323409811 ], [ 412303.152815597946756, 1444238.692107008770108 ], [ 412126.524849692243151, 1443865.564339040545747 ], [ 412111.587130976142362, 1443651.791898556053638 ], [ 411801.840303400647826, 1443605.414397415239364 ], [ 411801.422446273558307, 1443475.149822924286127 ], [ 411882.48924673628062, 1443411.730695932172239 ], [ 411843.625027860456612, 1443360.538399606011808 ], [ 411804.874606678611599, 1443344.87284799781628 ], [ 411788.976846721139736, 1443214.657944987993687 ], [ 411746.330853816121817, 1443191.110054568620399 ], [ 411722.667393476294819, 1443053.025196820963174 ], [ 411680.033771099406295, 1443033.424804353620857 ], [ 411755.940147736400831, 1442567.382034878712147 ], [ 411821.4407222350128, 1442476.380714778555557 ], [ 411805.719929236511234, 1442401.429569547995925 ], [ 411774.64512171165552, 1442366.002140606055036 ], [ 411893.844103006762452, 1442284.829145076451823 ], [ 412046.900209008483216, 1441736.960450532846153 ], [ 412013.188524112571031, 1440472.307343943975866 ], [ 412148.400206714286469, 1440392.927137414459139 ], [ 412271.8632135191001, 1440270.163218884728849 ], [ 412305.328721163736191, 1440102.138850002549589 ] ] ] } },
{ "type": "Feature", "properties": { "id": 0, "Zone_No": "X", "Area": 22.4674, "Population": 734756, "Name": "Zone_X", "Zone_name": "KODAMBAKKAM", "Projec_Pop": 807882, "No_of_stop": 66, "Route_leng": 63.476606, "Buffer_are": 19.848651, "Route_Dens": 2.8252760505499999, "Stop_Densi": 2.9375896269, "P500": 713717.12591099995, "P500_Perce": 88.344229220499997, "zone_area_sqm": 22467381.820255361, "school_access_area": 19039641.174002398, "school_access_percentage": 84.743479798065749, "hospital_access_area": 21891072.749484014, "hospital_access_percentage": 97.43490774589597, "park_access_area": 5519503.2881402494, "park_access_percentage": 24.566740051411632 }, "geometry": { "type": "Polygon", "coordinates": [ [ [ 412224.346425968629774, 1445412.652678600046784 ], [ 412324.663379108766094, 1445498.809463695157319 ], [ 412431.14231492462568, 1445518.206918915966526 ], [ 412435.05950372380903, 1445735.304288655985147 ], [ 412576.736716874933336, 1445669.061891871271655 ], [ 412686.366228848695755, 1445665.423462474951521 ], [ 412692.449509650585242, 1445550.270166602218524 ], [ 413012.113455099519342, 1445680.837077495642006 ], [ 413048.564640771772247, 1445989.938294475199655 ], [ 413141.819663764559664, 1445907.404553109314293 ], [ 413270.837770300160628, 1445916.86520720878616 ], [ 413389.994912240013946, 1445867.145911657251418 ], [ 413564.14813253574539, 1445873.176038176054135 ], [ 413598.884467512834817, 1445639.509693014668301 ], [ 413598.377223488874733, 1445478.32409650622867 ], [ 414333.151197045866866, 1445327.992959327762946 ], [ 414381.347840068396181, 1445271.920664028031752 ], [ 414287.737976913980674, 1445242.606922516832128 ], [ 414254.811333686695434, 1445094.023009581957012 ], [ 414223.594736113853287, 1445011.224361374275759 ], [ 414207.326792118838057, 1444758.639382355380803 ], [ 414284.11854004469933, 1444564.975457520689815 ], [ 414225.073637539870106, 1444245.417678941739723 ], [ 414031.199140348238871, 1444123.653037164825946 ], [ 414054.208408953330945, 1444056.474707535933703 ], [ 414235.833208695228677, 1443973.011305453022942 ], [ 414398.294036632287316, 1443948.820295027457178 ], [ 414471.465453480486758, 1443834.117075204150751 ], [ 414660.795901663717814, 1443738.790407667169347 ], [ 414777.015296422468964, 1443777.904142753686756 ], [ 415044.03796616604086, 1443777.077646947698668 ], [ 415192.816368545056321, 1443817.743178677279502 ], [ 415153.406864495191257, 1443587.598468785639852 ], [ 415275.670453337836079, 1443495.114946516929194 ], [ 415191.152364696376026, 1443278.267327273730189 ], [ 415196.892295562196523, 1443047.983417667681351 ], [ 415906.994193352700677, 1443243.173924813745543 ], [ 416629.545939746138174, 1443293.606104953214526 ], [ 416505.06047412956832, 1442655.819347548531368 ], [ 416523.991503980418202, 1442517.602635014802217 ], [ 417529.771818495530169, 1442369.831731202779338 ], [ 417738.266729342518374, 1442119.554793387185782 ], [ 418041.268093486898579, 1442066.018933088285848 ], [ 418014.859921516967006, 1441862.148931099334732 ], [ 418195.192652293248102, 1441769.506653885124251 ], [ 418046.895635237568058, 1441789.684676382690668 ], [ 418014.311337557155639, 1441677.938905762741342 ], [ 417569.261950610205531, 1441685.846786395879462 ], [ 417548.551879383332562, 1441231.958287292858586 ], [ 417296.473196160164662, 1441061.660243550781161 ], [ 417486.367689561855514, 1440809.191010807175189 ], [ 417334.647288585663773, 1440731.815094609977677 ], [ 416985.427979682746809, 1440436.810278307413682 ], [ 416739.510915992374066, 1440174.392243968090042 ], [ 416590.986837455013301, 1440122.209314061095938 ], [ 416573.32783946552081, 1440681.477921585086733 ], [ 416076.516840551514179, 1440643.512690477771685 ], [ 415907.136457390733995, 1440097.971196498489007 ], [ 416397.087962158373557, 1439997.795710323145613 ], [ 416112.596934096305631, 1439781.552814053138718 ], [ 415898.377948299166746, 1439341.411947673652321 ], [ 415975.226918463769834, 1439156.965553640620783 ], [ 415852.358916711760685, 1439058.655035839648917 ], [ 415549.105364793911576, 1439039.84478307957761 ], [ 415310.602909360430203, 1439099.787131967255846 ], [ 415310.986719624372199, 1439224.787226466927677 ], [ 415369.408063601935282, 1439343.030152562540025 ], [ 415343.786402160825673, 1439402.319924802519381 ], [ 415092.284522702975664, 1439429.409210423473269 ], [ 414731.566341683501378, 1439601.576853621518239 ], [ 414563.437729939701967, 1439470.51675651082769 ], [ 414518.404236976522952, 1439510.130483301589265 ], [ 414371.751618254638743, 1440063.224093690048903 ], [ 414101.437231466989033, 1440261.436259549343958 ], [ 413360.045357931463514, 1440401.917005580151454 ], [ 413003.202235326403752, 1440478.880827212007716 ], [ 412615.964466928562615, 1440416.947127622552216 ], [ 412305.328721163736191, 1440102.138850002782419 ], [ 412271.8632135191001, 1440270.163218884728849 ], [ 412148.400206714286469, 1440392.927137414459139 ], [ 412013.188524112571031, 1440472.307343943743035 ], [ 412046.900209008483216, 1441736.960450532846153 ], [ 411893.844103006762452, 1442284.829145076451823 ], [ 411774.64512171165552, 1442366.002140606055036 ], [ 411805.719929236511234, 1442401.429569547995925 ], [ 411821.4407222350128, 1442476.380714778555557 ], [ 411755.940147736400831, 1442567.382034878944978 ], [ 411680.033771099406295, 1443033.424804353620857 ], [ 411722.667393476294819, 1443053.025196820963174 ], [ 411746.330853816121817, 1443191.110054568387568 ], [ 411788.976846721139736, 1443214.657944987993687 ], [ 411804.874606678611599, 1443344.872847997583449 ], [ 411843.625027860456612, 1443360.538399606011808 ], [ 411882.48924673628062, 1443411.7306959326379 ], [ 411801.422446273558307, 1443475.149822924286127 ], [ 411801.840303400647826, 1443605.414397415239364 ], [ 412111.587130976142362, 1443651.791898556053638 ], [ 412126.524849692243151, 1443865.564339040312916 ], [ 412303.152815597946756, 1444238.692107008537278 ], [ 412159.149452396901324, 1444386.523515323409811 ], [ 412154.427171103074215, 1444523.383590492652729 ], [ 412180.511905294202734, 1444612.775770325213671 ], [ 412335.253449088777415, 1444596.491784448502585 ], [ 412321.050968903233297, 1444996.545449279714376 ], [ 412224.346425968629774, 1445412.652678600046784 ] ] ] } },
{ "type": "Feature", "properties": { "id": 0, "Zone_No": "VI", "Area": 17.1144, "Population": 648235, "Name": "Zone_VI", "Zone_name": "THIRU-VI-KA NAGAR", "Projec_Pop": 712750, "No_of_stop": 20, "Route_leng": 41.270449, "Buffer_are": 8.720455, "Route_Dens": 2.4114457367700002, "Stop_Densi": 1.1686064945700001, "P500": 363173.93467500003, "P500_Perce": 50.953901743199999, "zone_area_sqm": 17114436.274453554, "school_access_area": 4521191.0466157189, "school_access_percentage": 26.417411442084298, "hospital_access_area": 16164301.113485128, "hospital_access_percentage": 94.448340887589282, "park_access_area": 2103212.0939102462, "park_access_percentage": 12.289111135081191 }, "geometry": { "type": "Polygon", "coordinates": [ [ [ 419309.217497535399161, 1446759.305506759090349 ], [ 419243.158939410932362, 1446800.309101320104674 ], [ 419161.844287640764378, 1447218.972764362115413 ], [ 419056.228950169461314, 1447269.2846958367154 ], [ 419128.643427429662552, 1447332.229417672147974 ], [ 419115.869765828014351, 1447374.372683331370354 ], [ 418584.486117633059621, 1447378.576940169325098 ], [ 418382.323985374649055, 1447058.122367389500141 ], [ 418128.870911527832504, 1446840.454658410977572 ], [ 417953.889377279381733, 1446985.715760613093153 ], [ 417827.567241140757687, 1447012.409989967942238 ], [ 417659.048030927020591, 1447247.128430418903008 ], [ 417703.484614089073148, 1447613.314782953588292 ], [ 417797.731220211018808, 1448074.089682176709175 ], [ 417073.671887047239579, 1448164.693178765708581 ], [ 417154.89714499656111, 1448410.766398730222136 ], [ 417291.09375604277011, 1448410.354932617861778 ], [ 417290.281143934291322, 1449166.366948902606964 ], [ 415309.759441599191632, 1449324.001897513167933 ], [ 414003.098598165786825, 1449513.867770317243412 ], [ 414015.152181050390936, 1450066.47285055462271 ], [ 413958.671407270710915, 1450150.862652551615611 ], [ 413974.991306371346582, 1450419.238033774541691 ], [ 413582.786491723149084, 1450373.104536379920319 ], [ 413505.739779691386502, 1450478.613477501785383 ], [ 413434.868299534602556, 1450905.163006304996088 ], [ 413490.805724224541336, 1451498.202460406348109 ], [ 413883.927930768229999, 1451431.170413521118462 ], [ 414051.845724224927835, 1451516.170198032399639 ], [ 414180.661427268758416, 1451469.711913407081738 ], [ 414432.504925116023514, 1451587.346061450429261 ], [ 414509.860250673082191, 1451580.524961807532236 ], [ 414600.604863906337414, 1451731.560238132020459 ], [ 414821.520615763904061, 1451659.211607130477205 ], [ 414933.138069799751975, 1451722.023186827311292 ], [ 415125.048741282254923, 1451727.742541190469638 ], [ 415347.479101589531638, 1451594.418706903001294 ], [ 415830.3618042122107, 1451611.875387377105653 ], [ 415960.216898835904431, 1451567.264575189910829 ], [ 415996.289976821804885, 1451219.779274413129315 ], [ 416138.721179175598081, 1451238.289779200218618 ], [ 416188.048631298763212, 1451174.979589973809198 ], [ 416312.160751293005887, 1451275.65377498161979 ], [ 416887.783869598235469, 1451254.950417632237077 ], [ 416862.293758394720498, 1451015.024250999558717 ], [ 416806.466946107859258, 1450977.298702558968216 ], [ 416861.832990026334301, 1450863.444416021928191 ], [ 417338.344937589776237, 1450817.789007949875668 ], [ 417889.197425702121109, 1450790.866343266796321 ], [ 417742.22816850466188, 1451321.841288145398721 ], [ 417882.145628844387829, 1451299.550631639780477 ], [ 417999.871034472016618, 1451337.092552288202569 ], [ 418091.435913362540305, 1450907.339012421900406 ], [ 418258.230981473810971, 1450793.154431188479066 ], [ 418127.310484056535643, 1450484.068541537504643 ], [ 418269.667917329526972, 1450477.327037199633196 ], [ 418263.27009065047605, 1450407.87165091978386 ], [ 418126.989189891144633, 1450376.699791814666241 ], [ 418026.166100347414613, 1449783.310348101425916 ], [ 418490.316840075072832, 1449737.713268809719011 ], [ 418533.762692365562543, 1449775.479076283518225 ], [ 418434.885184920742176, 1449832.616258487803861 ], [ 418435.412192621966824, 1450009.45873847277835 ], [ 418813.081340667617042, 1450027.283349425299093 ], [ 418967.522665390803013, 1449919.456147758988664 ], [ 418928.640870110539254, 1449332.19714518985711 ], [ 418934.532229314383585, 1449231.126111972844228 ], [ 419789.326710214780178, 1449399.136557456804439 ], [ 420309.328419381869026, 1449397.618133477633819 ], [ 420544.255556355812587, 1449289.566293414449319 ], [ 420951.680907776812091, 1448890.490299030207098 ], [ 421076.020704071095679, 1449073.290508688194677 ], [ 421289.232070736587048, 1448342.647994641913101 ], [ 421275.39924400462769, 1447837.422668559476733 ], [ 421046.392899580998346, 1447857.028789993841201 ], [ 421151.001213872223161, 1447635.674201543908566 ], [ 420964.764943357789889, 1447459.367664881516248 ], [ 420791.382565441424958, 1447447.236373093212023 ], [ 420809.718218987225555, 1447365.077797036385164 ], [ 420697.248310058843344, 1447268.417770645581186 ], [ 420271.485066893743351, 1447223.599497009534389 ], [ 419472.10534929309506, 1447324.620162091217935 ], [ 419497.321667830692604, 1447127.176345561631024 ], [ 419419.644007844850421, 1447028.719579925993457 ], [ 419464.458602630416863, 1446916.745089365169406 ], [ 419309.217497535399161, 1446759.305506759090349 ] ] ] } },
{ "type": "Feature", "properties": { "id": 0, "Zone_No": "VIII", "Area": 24.9397, "Population": 664065, "Name": "Zone_VIII", "Zone_name": "ANNA NAGAR", "Projec_Pop": 730156, "No_of_stop": 49, "Route_leng": 64.192395, "Buffer_are": 16.860399, "Route_Dens": 2.5739041419399999, "Stop_Densi": 1.9647390155, "P500": 493619.48622000002, "P500_Perce": 67.604660678000002, "zone_area_sqm": 24939732.047249272, "school_access_area": 14403749.74729687, "school_access_percentage": 57.754228152926487, "hospital_access_area": 23003991.778648887, "hospital_access_percentage": 92.238327721672988, "park_access_area": 847332.10211772483, "park_access_percentage": 3.3975188687369289 }, "geometry": { "type": "Polygon", "coordinates": [ [ [ 413048.564640771772247, 1445989.938294475199655 ], [ 413079.685472637880594, 1446195.183532478753477 ], [ 413118.547783394285943, 1446247.69310589064844 ], [ 413096.652519611176103, 1446461.582542937947437 ], [ 412941.881712993839756, 1446465.362723941449076 ], [ 412952.641034624946769, 1446807.440939783584327 ], [ 412862.499386905459687, 1446853.780737454770133 ], [ 412862.687487249495462, 1446912.991915614809841 ], [ 413117.427448033064138, 1446912.183831877075136 ], [ 413096.036108038737439, 1447366.208387230755761 ], [ 412805.117179152322933, 1447386.079733438091353 ], [ 412855.167457889067009, 1447550.134680678136647 ], [ 412762.282258385035675, 1447544.114151769783348 ], [ 412792.024250253161881, 1447973.568402856821194 ], [ 412734.223256225232035, 1448048.754040543455631 ], [ 412789.33576943463413, 1448344.637814641930163 ], [ 412708.39554508915171, 1448443.58198069408536 ], [ 412730.589769154903479, 1448851.678418743191287 ], [ 412816.579104816890322, 1449123.779188190121204 ], [ 413251.925614705542102, 1449753.989562685834244 ], [ 413403.680844055663329, 1450025.883473574649543 ], [ 413582.786491723149084, 1450373.10453638038598 ], [ 413974.991306371346582, 1450419.23803377430886 ], [ 413958.671407270710915, 1450150.862652551615611 ], [ 414015.152181050390936, 1450066.47285055462271 ], [ 414003.098598165786825, 1449513.867770317243412 ], [ 415309.759441599191632, 1449324.001897513400763 ], [ 417290.281143934291322, 1449166.366948902606964 ], [ 417291.09375604277011, 1448410.354932617861778 ], [ 417154.89714499656111, 1448410.766398730222136 ], [ 417073.671887047239579, 1448164.693178765708581 ], [ 417797.731220211018808, 1448074.089682176709175 ], [ 417703.484614089073148, 1447613.314782953588292 ], [ 417659.048030927020591, 1447247.128430418670177 ], [ 417827.567241140757687, 1447012.409989967942238 ], [ 417953.889377279381733, 1446985.715760612627491 ], [ 418128.870911527832504, 1446840.454658410977572 ], [ 418382.323985374649055, 1447058.122367389500141 ], [ 418584.486117633059621, 1447378.576940169325098 ], [ 419115.869765828014351, 1447374.372683331137523 ], [ 419128.643427429662552, 1447332.229417672147974 ], [ 419056.228950169461314, 1447269.284695836948231 ], [ 419161.844287640764378, 1447218.972764362115413 ], [ 419243.158939410932362, 1446800.309101320104674 ], [ 419309.217497535399161, 1446759.30550675932318 ], [ 419360.442572761559859, 1446634.154029444092885 ], [ 419476.564857470453717, 1446646.970927711576223 ], [ 419327.848896876559593, 1446515.828001972287893 ], [ 419301.336506665567867, 1446272.483291220618412 ], [ 419211.106100606382824, 1446292.485762903466821 ], [ 419145.703365429828409, 1445983.465756312711164 ], [ 418984.491538282192778, 1445990.520127069437876 ], [ 418996.710526183829643, 1445760.219303379300982 ], [ 418803.192474518786184, 1445747.633026443887502 ], [ 418783.630450322292745, 1445675.321945656556636 ], [ 418918.930266575596761, 1445628.869059578049928 ], [ 418892.627617278543767, 1445457.89293424366042 ], [ 418744.233549501921516, 1445438.594698950648308 ], [ 418737.686815293331165, 1445405.719100399408489 ], [ 418763.172961071017198, 1445300.379783433163539 ], [ 418762.939415862841997, 1445221.432552045211196 ], [ 418621.090865580365062, 1445235.010520534589887 ], [ 418569.222306088078767, 1445143.058332180371508 ], [ 418456.036338298406918, 1445130.932815932203084 ], [ 417919.826680043712258, 1444829.895950897829607 ], [ 417784.839315871009603, 1444981.616756491130218 ], [ 417049.575706704170443, 1444977.248419836629182 ], [ 416862.639374387275893, 1445010.708702818956226 ], [ 416753.137322281952947, 1445057.093518261564896 ], [ 416752.858160794305149, 1444964.988074643770233 ], [ 416629.877983778365888, 1444820.622595808235928 ], [ 416429.841667537635658, 1444788.335304270964116 ], [ 416313.9098201188026, 1444841.320441770600155 ], [ 416326.368075683829375, 1444696.543925614794716 ], [ 416081.243473819398787, 1444684.133546228287742 ], [ 415797.824214731575921, 1444803.423346061026677 ], [ 415674.636164953757543, 1444593.27210775972344 ], [ 415660.848409841943067, 1444303.836943126516417 ], [ 415569.663463087985292, 1444014.639464692911133 ], [ 415450.950334316934459, 1443863.001272767083719 ], [ 415192.816368545056321, 1443817.743178677279502 ], [ 415044.03796616604086, 1443777.077646947698668 ], [ 414777.015296422468964, 1443777.904142753686756 ], [ 414660.795901663717814, 1443738.790407667169347 ], [ 414471.465453480486758, 1443834.117075204150751 ], [ 414398.294036632287316, 1443948.820295027457178 ], [ 414235.833208695228677, 1443973.011305453022942 ], [ 414054.208408953330945, 1444056.474707535933703 ], [ 414031.199140348238871, 1444123.653037164825946 ], [ 414225.073637539870106, 1444245.417678941739723 ], [ 414284.11854004469933, 1444564.975457520689815 ], [ 414207.326792118838057, 1444758.639382355380803 ], [ 414223.594736113853287, 1445011.224361374275759 ], [ 414254.811333686695434, 1445094.023009581957012 ], [ 414287.737976913980674, 1445242.606922516832128 ], [ 414381.347840068396181, 1445271.920664028031752 ], [ 414333.151197045866866, 1445327.992959327762946 ], [ 413598.377223488874733, 1445478.32409650622867 ], [ 413598.884467512834817, 1445639.509693014668301 ], [ 413564.14813253574539, 1445873.176038176054135 ], [ 413389.994912240013946, 1445867.145911657251418 ], [ 413270.837770300160628, 1445916.86520720878616 ], [ 413141.819663764559664, 1445907.404553109314293 ], [ 413048.564640771772247, 1445989.938294475199655 ] ] ] } },
{ "type": "Feature", "properties": { "id": 0, "Zone_No": "VII", "Area": 38.1452, "Population": 466205, "Name": "Zone_VII", "Zone_name": "AMBATTUR", "Projec_Pop": 512604, "No_of_stop": 29, "Route_leng": 60.809767, "Buffer_are": 17.01555, "Route_Dens": 1.5941656847500001, "Stop_Densi": 0.76025295176200003, "P500": 228658.89447599999, "P500_Perce": 44.607317632300003, "zone_area_sqm": 38145217.082001068, "school_access_area": 1526.3824660837777, "school_access_percentage": 0.0040015042064185961, "hospital_access_area": 9688960.8343824781, "hospital_access_percentage": 25.400198440486115, "park_access_area": 0.0, "park_access_percentage": 0.0 }, "geometry": { "type": "Polygon", "coordinates": [ [ [ 409916.769579019281082, 1452883.804571471409872 ], [ 409924.245748544402886, 1452880.505818523466587 ], [ 410579.884326631319709, 1452606.285607338650152 ], [ 410785.526561598468106, 1452395.080646951682866 ], [ 411449.015259554726072, 1452195.548227018211037 ], [ 411701.545992713537998, 1452523.687508120667189 ], [ 412018.018263035453856, 1452687.144614037359133 ], [ 412075.815219759591855, 1452614.588144985493273 ], [ 412043.406845284742303, 1452562.059473232598975 ], [ 412178.429846260172781, 1452443.200871729990467 ], [ 412119.553046193323098, 1452180.225287050474435 ], [ 412441.715271437889896, 1452106.820826526032761 ], [ 412556.998559790139552, 1451863.024460352724418 ], [ 412620.657884911284782, 1451606.235488094156608 ], [ 412736.827105418662541, 1451638.759967664955184 ], [ 412691.039741916989442, 1451434.953744613099843 ], [ 412974.733010564057622, 1451427.470167848048732 ], [ 413020.078664490021765, 1451493.116921765264124 ], [ 413161.872696958482265, 1451472.928864119108766 ], [ 413239.562311652000062, 1451571.368744764477015 ], [ 413426.471295608556829, 1451544.459804131183773 ], [ 413490.805724224541336, 1451498.202460406348109 ], [ 413434.868299534602556, 1450905.163006304996088 ], [ 413505.739779691386502, 1450478.613477501785383 ], [ 413582.786491723149084, 1450373.104536379920319 ], [ 413251.925614705542102, 1449753.989562685834244 ], [ 412816.579104816890322, 1449123.779188190354034 ], [ 412730.589769154903479, 1448851.678418743191287 ], [ 412708.39554508915171, 1448443.58198069408536 ], [ 412789.33576943463413, 1448344.637814641930163 ], [ 412734.223256225232035, 1448048.754040543455631 ], [ 412792.024250253161881, 1447973.568402857054025 ], [ 412762.282258385035675, 1447544.114151769783348 ], [ 412855.167457889067009, 1447550.134680677903816 ], [ 412805.117179152322933, 1447386.079733437625691 ], [ 413096.036108038737439, 1447366.208387230988592 ], [ 413117.427448033064138, 1446912.183831877075136 ], [ 412862.687487249495462, 1446912.99191561457701 ], [ 412862.499386905401479, 1446853.780737455235794 ], [ 412952.641034624946769, 1446807.440939783584327 ], [ 412941.881712993839756, 1446465.362723941681907 ], [ 413096.652519611176103, 1446461.582542937714607 ], [ 413118.547783394285943, 1446247.69310589064844 ], [ 413079.685472637880594, 1446195.183532478986308 ], [ 413048.564640771772247, 1445989.938294475199655 ], [ 413012.113455099519342, 1445680.837077495642006 ], [ 412692.449509650585242, 1445550.270166602218524 ], [ 412686.366228848695755, 1445665.423462474951521 ], [ 412576.736716874933336, 1445669.061891871271655 ], [ 412435.05950372380903, 1445735.304288655985147 ], [ 412431.14231492462568, 1445518.206918916432187 ], [ 412324.663379108766094, 1445498.809463695157319 ], [ 412224.346425968629774, 1445412.652678600046784 ], [ 412026.638343097292818, 1445463.812824703520164 ], [ 411871.547049786720891, 1445369.571215824689716 ], [ 411271.590937306988053, 1445324.133738647447899 ], [ 410807.046471009147353, 1445270.374162305146456 ], [ 410795.911781174130738, 1445416.466577383223921 ], [ 410703.090387983305845, 1445432.558151554316282 ], [ 410718.864390482543968, 1445523.298603823175654 ], [ 410475.653543488238938, 1445701.726684992434457 ], [ 410461.037598361202981, 1445966.254882330307737 ], [ 410398.142859760555439, 1446187.571185073349625 ], [ 410311.938763532729354, 1446333.119787701638415 ], [ 410194.351986502879299, 1446348.241605526767671 ], [ 410078.594513663032558, 1446291.777051530079916 ], [ 410015.059309848409612, 1446426.725841995794326 ], [ 409744.331929446314462, 1446313.927640342386439 ], [ 409610.262762793689035, 1446337.527482989244163 ], [ 409567.214907788846176, 1446426.092879124684259 ], [ 409463.991751221939921, 1446415.906660611275584 ], [ 409247.818171613034792, 1446574.520136451115832 ], [ 409057.247567714948673, 1446362.513288706308231 ], [ 409052.031599684269167, 1446034.099849455757067 ], [ 408914.888501055596862, 1446183.826936603989452 ], [ 408611.93363912939094, 1446234.177730370312929 ], [ 408447.881645144312643, 1446356.438836365472525 ], [ 408267.289977875014301, 1446353.752386595821008 ], [ 408264.362259740883019, 1446442.580758851254359 ], [ 407968.235462611366529, 1446604.76181901129894 ], [ 407991.083672059932724, 1446686.924682391341776 ], [ 407843.381107324152254, 1446874.926597054349259 ], [ 407566.010197544295806, 1446859.411966707324609 ], [ 407417.900564320210833, 1446925.70316509436816 ], [ 407373.567240437550936, 1447165.992601191159338 ], [ 407222.157245933078229, 1447209.269047252135351 ], [ 407245.363430171273649, 1447396.697026864858344 ], [ 407309.473502297769301, 1447570.005961141781881 ], [ 407166.786010711628478, 1447712.598973431624472 ], [ 407159.448280972312205, 1447831.049032172886655 ], [ 406808.259913564019371, 1448104.618992833420634 ], [ 406761.881396337936167, 1448120.566785976523533 ], [ 406748.506794229033403, 1448965.774838631274179 ], [ 406892.809119879151694, 1449300.822544801747426 ], [ 406959.724789782310836, 1450015.369291746523231 ], [ 407011.357248052023351, 1450028.352195985382423 ], [ 407024.600626139668748, 1450130.284665796440095 ], [ 407087.212413814908359, 1450528.113094144035131 ], [ 407184.573768655245658, 1450715.289564244449139 ], [ 407133.836179175472353, 1450965.471099131507799 ], [ 407590.905389826744795, 1451320.679371166741475 ], [ 407577.431707830925006, 1451912.851972533157095 ], [ 407342.759441863687243, 1452304.450754690682516 ], [ 407343.562678348273039, 1452541.29912472772412 ], [ 407865.773113904113416, 1452519.795406517572701 ], [ 407912.636857548728585, 1452649.905338714132085 ], [ 408044.597887071315199, 1452775.781205524690449 ], [ 408222.888792246987578, 1452873.86934112990275 ], [ 408540.211813395028003, 1452900.437461005989462 ], [ 408652.138874389464036, 1452821.112740449141711 ], [ 408880.363984050229192, 1452812.455408651381731 ], [ 409150.895004790858366, 1452728.656705668661743 ], [ 409138.842549147200771, 1452594.48172747134231 ], [ 409246.877569428528659, 1452507.277597892796621 ], [ 409370.10008438891964, 1452333.178583765169606 ], [ 409342.141504500759766, 1452068.788918475620449 ], [ 409481.338757007557433, 1452044.642523165326566 ], [ 409683.31072727200808, 1452284.771520415786654 ], [ 409777.555279593507294, 1452706.842190750176087 ], [ 409916.769579019281082, 1452883.804571471409872 ] ] ] } }
]
}
