{
  "type": "FeatureCollection",
  "generator": "overpass-turbo",
  "copyright": "The data included in this document is from www.openstreetmap.org. The data is made available under ODbL.",
  "timestamp": "2026-03-07T11:07:02Z",
  "features": [
    {
      "type": "Feature",
      "properties": {
        "@id": "node/248420920",
        "addr:postcode": "600078",
        "amenity": "hospital",
        "healthcare": "hospital",
        "healthcare:speciality": "fertility;infertility;ivf_treatment",
        "name": "Kalaignar Karunanidhi Nagar",
        "name:en": "KK Nagar",
        "name:etymology:wikidata": "Q470875",
        "name:ta": "கலைஞர் கருணாநிதி நகர்",
        "operator": "Hospital",
        "wikidata": "Q6323457",
        "wikipedia": "en:K. K. Nagar, Chennai"
      },
      "geometry": {
        "type": "Point",
        "coordinates": [
          80.2052158,
          13.0386493
        ]
      },
      "id": "node/248420920"
    },
    {
      "type": "Feature",
      "properties": {
        "@id": "node/248560797",
        "amenity": "hospital",
        "healthcare": "hospital",
        "name": "Kasimedu",
        "name:ta": "காசிமேடு"
      },
      "geometry": {
        "type": "Point",
        "coordinates": [
          80.2960584,
          13.122775
        ]
      },
      "id": "node/248560797"
    },
    {
      "type": "Feature",
      "properties": {
        "@id": "node/258978416",
        "addr:district": "Chennai",
        "addr:full": "New No.310, Mint Street, Sowcarpet",
        "addr:postcode": "600079",
        "addr:state": "Tamil Nadu",
        "amenity": "hospital",
        "healthcare": "hospital",
        "name": "Amrit Hospital",
        "name:en": "Amrit Hospital",
        "operator:type": "private",
        "source": "OpenGovernmentData",
        "website": "http://www.amrithospital.com/"
      },
      "geometry": {
        "type": "Point",
        "coordinates": [
          80.2792912,
          13.0922007
        ]
      },
      "id": "node/258978416"
    },
    {
      "type": "Feature",
      "properties": {
        "@id": "node/258978417",
        "amenity": "hospital",
        "healthcare": "hospital",
        "name": "Vikram Hospital",
        "name:en": "Apollo Hospital"
      },
      "geometry": {
        "type": "Point",
        "coordinates": [
          80.2796178,
          13.0985007
        ]
      },
      "id": "node/258978417"
    },
    {
      "type": "Feature",
      "properties": {
        "@id": "node/262452334",
        "addr:district": "Chennai",
        "addr:full": "Old No AA-10, New No AA - 85, 2ND-Avenue, Near Roundtana Bus Stop",
        "addr:postcode": "600040",
        "addr:state": "Tamil Nadu",
        "addr:subdistrict": "Anna Nagar",
        "amenity": "hospital",
        "email": "info@citytowerhospitals.com",
        "healthcare": "hospital",
        "name": "City Tower Hospitals",
        "operator:type": "private",
        "source": "OpenGovernmentData",
        "website": "http://www.citytowerhospitals.net/contact.asp"
      },
      "geometry": {
        "type": "Point",
        "coordinates": [
          80.2160862,
          13.08438
        ]
      },
      "id": "node/262452334"
    },
    {
      "type": "Feature",
      "properties": {
        "@id": "node/289486820",
        "addr:district": "Chennai",
        "addr:full": "No.645, TH Road, Tondiarpet",
        "addr:postcode": "600081",
        "addr:state": "Tamil Nadu",
        "amenity": "hospital",
        "email": "enquiry@apollohospitals.com",
        "healthcare": "hospital",
        "name": "Apollo Hospitals, Tondiarpet",
        "operator": "Apollo Hospitals",
        "operator:type": "private",
        "operator:wikidata": "Q4780321",
        "operator:wikipedia": "en:Apollo Hospitals",
        "source": "OpenGovernmentData",
        "website": "https://www.apollohospitals.com/"
      },
      "geometry": {
        "type": "Point",
        "coordinates": [
          80.2905623,
          13.1289367
        ]
      },
      "id": "node/289486820"
    },
    {
      "type": "Feature",
      "properties": {
        "@id": "node/295544111",
        "addr:district": "Chennai",
        "addr:full": "AB-14/4907, Balasubramanian Building, Opposite Sri Ayyappa Temple, 6th Main Road",
        "addr:postcode": "600040",
        "addr:state": "Tamil Nadu",
        "addr:subdistrict": "Anna Nagar",
        "amenity": "hospital",
        "email": "khmhospital@gmail.com",
        "healthcare": "hospital",
        "name": "K.H.M.Hospital",
        "operator:type": "private",
        "source": "OpenGovernmentData",
        "website": "https://khmhospital.com/"
      },
      "geometry": {
        "type": "Point",
        "coordinates": [
          80.2130723,
          13.0844424
        ]
      },
      "id": "node/295544111"
    },
    {
      "type": "Feature",
      "properties": {
        "@id": "node/295552091",
        "addr:district": "Chennai",
        "addr:full": "9-C, Shanthi Colony Iv Avenue, Anna Nagar",
        "addr:postcode": "600040",
        "addr:state": "Tamil Nadu",
        "amenity": "hospital",
        "healthcare": "hospital",
        "name": "Sundaram Medical Foundation",
        "source": "OpenGovernmentData"
      },
      "geometry": {
        "type": "Point",
        "coordinates": [
          80.2069819,
          13.08217
        ]
      },
      "id": "node/295552091"
    },
    {
      "type": "Feature",
      "properties": {
        "@id": "node/295552092",
        "addr:district": "Chennai",
        "addr:full": "New No.4, Old No.1620-A, 16Th Main Road, Anna Nagar",
        "addr:postcode": "600040",
        "addr:state": "Tamil Nadu",
        "amenity": "hospital",
        "healthcare": "hospital",
        "name": "Sri Devi Speciality Hospial",
        "source": "OpenGovernmentData"
      },
      "geometry": {
        "type": "Point",
        "coordinates": [
          80.1994692,
          13.0887983
        ]
      },
      "id": "node/295552092"
    },
    {
      "type": "Feature",
      "properties": {
        "@id": "node/303590777",
        "amenity": "hospital",
        "healthcare": "hospital",
        "name": "Corporation Hospital"
      },
      "geometry": {
        "type": "Point",
        "coordinates": [
          80.2572467,
          13.0336624
        ]
      },
      "id": "node/303590777"
    },
    {
      "type": "Feature",
      "properties": {
        "@id": "node/308811614",
        "addr:block": "Tambaram Mpty",
        "addr:city": "Chennai",
        "addr:district": "Kanchipuram",
        "addr:full": "Near By Ranga Theatre, Chennai, 100 Feet Road, Hinducolony, Nanagnanllur",
        "addr:postcode": "603209",
        "addr:state": "Tamil Nadu",
        "amenity": "hospital",
        "healthcare": "hospital",
        "name": "Hindu Mission Health Services, Kanchipuram",
        "source": "OpenGovernmentData"
      },
      "geometry": {
        "type": "Point",
        "coordinates": [
          80.1846471,
          12.9787682
        ]
      },
      "id": "node/308811614"
    },
    {
      "type": "Feature",
      "properties": {
        "@id": "node/310015097",
        "amenity": "hospital",
        "check_date": "2025-03-17",
        "created_by": "Potlatch 0.10f",
        "name": "Military Hospital"
      },
      "geometry": {
        "type": "Point",
        "coordinates": [
          80.1972947,
          13.0194622
        ]
      },
      "id": "node/310015097"
    },
    {
      "type": "Feature",
      "properties": {
        "@id": "node/310504820",
        "amenity": "hospital",
        "healthcare": "hospital",
        "name": "Goverment dental hospital & collage",
        "name:ta": "அரசு பல் மருத்துவமனை மற்றும் கல்லூரி",
        "wikidata": "Q5588794",
        "wikimedia_commons": "Category:Government Dental Hospital and College, Chennai",
        "wikipedia": "en:Government Dental Hospital and College, Chennai"
      },
      "geometry": {
        "type": "Point",
        "coordinates": [
          80.281264,
          13.0829605
        ]
      },
      "id": "node/310504820"
    },
    {
      "type": "Feature",
      "properties": {
        "@id": "node/310732936",
        "amenity": "hospital",
        "healthcare": "hospital",
        "name": "Kilpauk Medical College",
        "name:ta": "கீழ்ப்பாக்கம் மருத்துவமனை மற்றும் கல்லூரி",
        "wikidata": "Q12977046",
        "wikimedia_commons": "Category:Kilpauk Medical College",
        "wikipedia": "en:Kilpauk Medical College"
      },
      "geometry": {
        "type": "Point",
        "coordinates": [
          80.2433369,
          13.0785984
        ]
      },
      "id": "node/310732936"
    },
    {
      "type": "Feature",
      "properties": {
        "@id": "node/310909754",
        "addr:district": "Chennai",
        "addr:full": "24 and 26, 'Swathi', 29 Th Street",
        "addr:postcode": "600061",
        "addr:state": "Tamil Nadu",
        "addr:subdistrict": "Nanganallur",
        "amenity": "hospital",
        "email": "info@hariharanhospitals.com",
        "healthcare": "hospital",
        "name": "Hariharan Hospital",
        "operator:type": "private",
        "source": "OpenGovernmentData",
        "website": "http://hariharanhospitals.com/"
      },
      "geometry": {
        "type": "Point",
        "coordinates": [
          80.1905906,
          12.9847145
        ]
      },
      "id": "node/310909754"
    },
    {
      "type": "Feature",
      "properties": {
        "@id": "node/310910945",
        "addr:street": "5th Main Road",
        "amenity": "hospital",
        "healthcare": "hospital",
        "name": "BM Hospital",
        "phone": "044-22670277",
        "website": "https://bmhospitals.com/",
        "wheelchair": "limited"
      },
      "geometry": {
        "type": "Point",
        "coordinates": [
          80.1904116,
          12.9887616
        ]
      },
      "id": "node/310910945"
    },
    {
      "type": "Feature",
      "properties": {
        "@id": "node/311429396",
        "addr:district": "Kanchipuram",
        "addr:full": "5, Sarwamangala Nagar, Nanganallur",
        "addr:postcode": "600061",
        "addr:state": "Tamil Nadu",
        "amenity": "hospital",
        "healthcare": "hospital",
        "name": "K.F. Hospital",
        "source": "OpenGovernmentData"
      },
      "geometry": {
        "type": "Point",
        "coordinates": [
          80.1841397,
          12.973463
        ]
      },
      "id": "node/311429396"
    },
    {
      "type": "Feature",
      "properties": {
        "@id": "node/312000326",
        "amenity": "hospital",
        "healthcare": "hospital",
        "name": "Cancer Institute"
      },
      "geometry": {
        "type": "Point",
        "coordinates": [
          80.239884,
          13.0061338
        ]
      },
      "id": "node/312000326"
    },
    {
      "type": "Feature",
      "properties": {
        "@id": "node/320275820",
        "amenity": "hospital",
        "healthcare": "hospital",
        "name": "Govt Maternity Hospital"
      },
      "geometry": {
        "type": "Point",
        "coordinates": [
          80.2589871,
          13.0720996
        ]
      },
      "id": "node/320275820"
    },
    {
      "type": "Feature",
      "properties": {
        "@id": "node/320275824",
        "amenity": "hospital",
        "healthcare": "hospital",
        "name": "Institute of Child Health"
      },
      "geometry": {
        "type": "Point",
        "coordinates": [
          80.257025,
          13.0735496
        ]
      },
      "id": "node/320275824"
    },
    {
      "type": "Feature",
      "properties": {
        "@id": "node/320275839",
        "amenity": "hospital",
        "healthcare": "hospital",
        "name": "Institute of Obstetrics and Gynaecology dd"
      },
      "geometry": {
        "type": "Point",
        "coordinates": [
          80.2591463,
          13.0735431
        ]
      },
      "id": "node/320275839"
    },
    {
      "type": "Feature",
      "properties": {
        "@id": "node/364650995",
        "addr:district": "Chennai",
        "addr:full": "Manapakkam, 4/112, Mount Poonamalle Road",
        "addr:postcode": "600089",
        "addr:state": "Tamil Nadu",
        "addr:street": "4/112, Mount Poonamalle High Rd, Sathya Nagar, Manapakkam, Chennai, Tamil Nadu 600089",
        "amenity": "hospital",
        "email": "enq@miothospitals.com",
        "healthcare": "hospital",
        "name": "MIOT International",
        "opening_hours": "24/7",
        "operator:type": "private",
        "phone": "044 4200 2288",
        "source": "OpenGovernmentData",
        "website": "https://www.miotinternational.com/"
      },
      "geometry": {
        "type": "Point",
        "coordinates": [
          80.1858412,
          13.0211808
        ]
      },
      "id": "node/364650995"
    },
    {
      "type": "Feature",
      "properties": {
        "@id": "node/367795605",
        "addr:district": "Kanchipuram",
        "addr:full": "No. 5, 105, Defence Colony 1st Ave, Seven Wells, St.Thomas Mount",
        "addr:postcode": "600016",
        "addr:state": "Tamil Nadu",
        "amenity": "hospital",
        "healthcare": "hospital",
        "name": "St. Thomas Hospital",
        "source": "OpenGovernmentData"
      },
      "geometry": {
        "type": "Point",
        "coordinates": [
          80.196428,
          13.0122733
        ]
      },
      "id": "node/367795605"
    },
    {
      "type": "Feature",
      "properties": {
        "@id": "node/370967673",
        "amenity": "hospital",
        "healthcare": "hospital"
      },
      "geometry": {
        "type": "Point",
        "coordinates": [
          80.1949734,
          13.009781
        ]
      },
      "id": "node/370967673"
    },
    {
      "type": "Feature",
      "properties": {
        "@id": "node/375668400",
        "addr:district": "Chennai",
        "addr:full": "121-A(New No-36A), Chamiers Road, Nandanam",
        "addr:postcode": "600035",
        "addr:state": "Tamil Nadu",
        "amenity": "hospital",
        "healthcare": "hospital",
        "name": "Venkataeswara Hospitals",
        "source": "OpenGovernmentData"
      },
      "geometry": {
        "type": "Point",
        "coordinates": [
          80.2440921,
          13.0293624
        ]
      },
      "id": "node/375668400"
    },
    {
      "type": "Feature",
      "properties": {
        "@id": "node/442508332",
        "amenity": "hospital",
        "healthcare": "hospital",
        "name": "Sarswathi Hospital",
        "wheelchair": "yes"
      },
      "geometry": {
        "type": "Point",
        "coordinates": [
          80.2067733,
          12.9653846
        ]
      },
      "id": "node/442508332"
    },
    {
      "type": "Feature",
      "properties": {
        "@id": "node/459635161",
        "amenity": "hospital",
        "healthcare": "hospital",
        "name": "Apollo Clinic & Pharmacy"
      },
      "geometry": {
        "type": "Point",
        "coordinates": [
          80.2041657,
          13.05244
        ]
      },
      "id": "node/459635161"
    },
    {
      "type": "Feature",
      "properties": {
        "@id": "node/459648701",
        "amenity": "hospital",
        "healthcare": "hospital",
        "name": "Vijaya Heart Centre"
      },
      "geometry": {
        "type": "Point",
        "coordinates": [
          80.2070144,
          13.0483819
        ]
      },
      "id": "node/459648701"
    },
    {
      "type": "Feature",
      "properties": {
        "@id": "node/595706154",
        "addr:district": "Chennai",
        "addr:full": "D No 154/2, Aroot Road, Vadapalani",
        "addr:postcode": "600026",
        "addr:state": "Tamil Nadu",
        "amenity": "hospital",
        "healthcare": "hospital",
        "healthcare:speciality": "multi speciality",
        "name": "Vasan Eye Care Hospital, Vadapalani",
        "source": "OpenGovernmentData"
      },
      "geometry": {
        "type": "Point",
        "coordinates": [
          80.211027,
          13.0495316
        ]
      },
      "id": "node/595706154"
    },
    {
      "type": "Feature",
      "properties": {
        "@id": "node/597590621",
        "amenity": "hospital",
        "healthcare": "hospital",
        "name": "JJ Hospital"
      },
      "geometry": {
        "type": "Point",
        "coordinates": [
          80.1942138,
          13.0571293
        ]
      },
      "id": "node/597590621"
    },
    {
      "type": "Feature",
      "properties": {
        "@id": "node/941471945",
        "amenity": "hospital",
        "healthcare": "hospital",
        "name": "Appasamy Hospital",
        "operator": "Appasamy Hospital"
      },
      "geometry": {
        "type": "Point",
        "coordinates": [
          80.2151198,
          13.0750445
        ]
      },
      "id": "node/941471945"
    },
    {
      "type": "Feature",
      "properties": {
        "@id": "node/941611681",
        "amenity": "hospital",
        "healthcare": "hospital",
        "name": "Appasamy Hospital"
      },
      "geometry": {
        "type": "Point",
        "coordinates": [
          80.2148826,
          13.073239
        ]
      },
      "id": "node/941611681"
    },
    {
      "type": "Feature",
      "properties": {
        "@id": "node/941621037",
        "amenity": "hospital",
        "healthcare": "hospital",
        "name": "Appolo Clinic",
        "name:ta": "அப்பல்லோ மருத்துவமனை"
      },
      "geometry": {
        "type": "Point",
        "coordinates": [
          80.2178866,
          13.0892073
        ]
      },
      "id": "node/941621037"
    },
    {
      "type": "Feature",
      "properties": {
        "@id": "node/1127285905",
        "addr:block": "Chennai Zone X",
        "addr:district": "Chennai",
        "addr:full": "No:10, 100 Feet Road, Opp. Hotel Ambika Empire, Vadapalani",
        "addr:postcode": "600026",
        "addr:state": "Tamil Nadu",
        "amenity": "hospital",
        "healthcare": "hospital",
        "name": "Aakash Fertility Centre & Hospital",
        "source": "OpenGovernmentData"
      },
      "geometry": {
        "type": "Point",
        "coordinates": [
          80.2118365,
          13.0554597
        ]
      },
      "id": "node/1127285905"
    },
    {
      "type": "Feature",
      "properties": {
        "@id": "node/1152858038",
        "addr:city": "Chennai",
        "addr:district": "Chennai",
        "addr:full": "5,Vidyodaya East Second Street, Behind Vidyodaya School",
        "addr:housenumber": "5",
        "addr:postcode": "600017",
        "addr:state": "Tamil Nadu",
        "addr:street": "Vidyodaya 2nd Cross Street",
        "amenity": "hospital",
        "email": "rajaneye@vsnl.com",
        "healthcare": "hospital",
        "healthcare:speciality": "ophthalmology",
        "name": "Rajan Eye Care Hospital",
        "phone": "2834 0500/0300",
        "source": "OpenGovernmentData",
        "website": "https://rajaneyecare.com/"
      },
      "geometry": {
        "type": "Point",
        "coordinates": [
          80.2434416,
          13.0508335
        ]
      },
      "id": "node/1152858038"
    },
    {
      "type": "Feature",
      "properties": {
        "@id": "node/1315895438",
        "amenity": "hospital",
        "designation": "sree dhanalakshmi family clinic",
        "name": "sree dhanalakshmi family clinic"
      },
      "geometry": {
        "type": "Point",
        "coordinates": [
          80.211745,
          13.0583046
        ]
      },
      "id": "node/1315895438"
    },
    {
      "type": "Feature",
      "properties": {
        "@id": "node/1446415367",
        "addr:city": "CHENNAI",
        "addr:interpolation": "KANDANCHAVADI",
        "addr:postcode": "600096",
        "addr:street": "PERUNGUDI",
        "amenity": "hospital",
        "name": "Bhadra Homeo"
      },
      "geometry": {
        "type": "Point",
        "coordinates": [
          80.2474724,
          12.9663879
        ]
      },
      "id": "node/1446415367"
    },
    {
      "type": "Feature",
      "properties": {
        "@id": "node/1472969165",
        "addr:city": "Chennai",
        "addr:housenumber": "1",
        "addr:postcode": "600094",
        "addr:street": "7th street, Choolaimedu high road",
        "amenity": "hospital",
        "emergency": "yes",
        "healthcare": "hospital",
        "name": "Amma Hospital"
      },
      "geometry": {
        "type": "Point",
        "coordinates": [
          80.2305209,
          13.0626045
        ]
      },
      "id": "node/1472969165"
    },
    {
      "type": "Feature",
      "properties": {
        "@id": "node/1474055555",
        "addr:district": "Chennai",
        "addr:full": "1, Prof. Subramaniam Street (Behind Ega Theatre) , Kllpauk",
        "addr:postcode": "600010",
        "addr:state": "Tamil Nadu",
        "amenity": "hospital",
        "emergency": "yes",
        "healthcare": "hospital",
        "name": "Right Hospitals",
        "source": "OpenGovernmentData"
      },
      "geometry": {
        "type": "Point",
        "coordinates": [
          80.2405731,
          13.0787952
        ]
      },
      "id": "node/1474055555"
    },
    {
      "type": "Feature",
      "properties": {
        "@id": "node/1560720462",
        "amenity": "hospital",
        "designation": "Hospital",
        "emergency": "no",
        "healthcare": "hospital",
        "name": "Vasan Eye Care Hospital",
        "source": "survey"
      },
      "geometry": {
        "type": "Point",
        "coordinates": [
          80.2552541,
          13.0015307
        ]
      },
      "id": "node/1560720462"
    },
    {
      "type": "Feature",
      "properties": {
        "@id": "node/1597151538",
        "amenity": "hospital"
      },
      "geometry": {
        "type": "Point",
        "coordinates": [
          80.2011738,
          13.0584072
        ]
      },
      "id": "node/1597151538"
    },
    {
      "type": "Feature",
      "properties": {
        "@id": "node/1789987574",
        "addr:street": "44, Shakti Nagar Main Road, Adambakkam, Balaji Nagar, Adambakkam, Chennai, Tamil Nadu 600088",
        "amenity": "hospital",
        "healthcare": "hospital",
        "name": "Prime Care Nursing Home"
      },
      "geometry": {
        "type": "Point",
        "coordinates": [
          80.2044922,
          12.9799192
        ]
      },
      "id": "node/1789987574"
    },
    {
      "type": "Feature",
      "properties": {
        "@id": "node/1948616260",
        "amenity": "hospital",
        "name": "Apollo Free Emergency Clinic"
      },
      "geometry": {
        "type": "Point",
        "coordinates": [
          80.2050055,
          13.0677233
        ]
      },
      "id": "node/1948616260"
    },
    {
      "type": "Feature",
      "properties": {
        "@id": "node/1955943159",
        "amenity": "hospital",
        "designation": "Opthalmologist",
        "healthcare": "hospital",
        "name": "Agarwal Hospital",
        "source": "local knowledge"
      },
      "geometry": {
        "type": "Point",
        "coordinates": [
          80.2165845,
          13.0385656
        ]
      },
      "id": "node/1955943159"
    },
    {
      "type": "Feature",
      "properties": {
        "@id": "node/1957903721",
        "amenity": "hospital",
        "healthcare": "hospital",
        "name": "Senthil Nursing Home"
      },
      "geometry": {
        "type": "Point",
        "coordinates": [
          80.2004752,
          13.0849671
        ]
      },
      "id": "node/1957903721"
    },
    {
      "type": "Feature",
      "properties": {
        "@id": "node/1957904106",
        "addr:district": "Chennai",
        "addr:full": "2/1911, J-Block, 15 Th Main Road, Anna Nagar",
        "addr:postcode": "600040",
        "addr:state": "Tamil Nadu",
        "amenity": "hospital",
        "healthcare": "hospital",
        "name": "I K Hospital",
        "source": "OpenGovernmentData"
      },
      "geometry": {
        "type": "Point",
        "coordinates": [
          80.1991661,
          13.0868667
        ]
      },
      "id": "node/1957904106"
    },
    {
      "type": "Feature",
      "properties": {
        "@id": "node/1993266486",
        "amenity": "hospital",
        "healthcare": "hospital",
        "name": "Ortho clinic"
      },
      "geometry": {
        "type": "Point",
        "coordinates": [
          80.2286587,
          12.9800456
        ]
      },
      "id": "node/1993266486"
    },
    {
      "type": "Feature",
      "properties": {
        "@id": "node/2120763195",
        "addr:district": "Kanchipuram",
        "addr:full": "No 11, Vellalar 1st Street, Adambakkam",
        "addr:postcode": "600088",
        "addr:state": "Tamil Nadu",
        "amenity": "hospital",
        "emergency": "yes",
        "healthcare": "hospital",
        "name": "SP Hospital",
        "source": "OpenGovernmentData"
      },
      "geometry": {
        "type": "Point",
        "coordinates": [
          80.2009134,
          12.9933638
        ]
      },
      "id": "node/2120763195"
    },
    {
      "type": "Feature",
      "properties": {
        "@id": "node/2124734395",
        "amenity": "hospital",
        "name": "Fourtts India Laboratories"
      },
      "geometry": {
        "type": "Point",
        "coordinates": [
          80.2337388,
          12.9321684
        ]
      },
      "id": "node/2124734395"
    },
    {
      "type": "Feature",
      "properties": {
        "@id": "node/2126461371",
        "addr:district": "Chennai",
        "addr:full": "No. 13, 7Th Street,Nanganallur",
        "addr:postcode": "600001",
        "addr:state": "Tamil Nadu",
        "amenity": "hospital",
        "healthcare": "hospital",
        "name": "Rotary Central Margaret Sidney Hospital",
        "source": "OpenGovernmentData"
      },
      "geometry": {
        "type": "Point",
        "coordinates": [
          80.1932105,
          12.9837958
        ]
      },
      "id": "node/2126461371"
    },
    {
      "type": "Feature",
      "properties": {
        "@id": "node/2145405955",
        "addr:city": "Chennai",
        "amenity": "hospital",
        "healthcare": "hospital",
        "name": "Sri Chakra Hospital"
      },
      "geometry": {
        "type": "Point",
        "coordinates": [
          80.1850278,
          12.9786524
        ]
      },
      "id": "node/2145405955"
    },
    {
      "type": "Feature",
      "properties": {
        "@id": "node/2210056220",
        "amenity": "hospital",
        "emergency": "no",
        "name": "Rajan Hospital"
      },
      "geometry": {
        "type": "Point",
        "coordinates": [
          80.1835976,
          12.8928496
        ]
      },
      "id": "node/2210056220"
    },
    {
      "type": "Feature",
      "properties": {
        "@id": "node/2253361647",
        "amenity": "hospital",
        "healthcare": "hospital",
        "name": "Dr. Janardhanan Multispeciality Dental Clinic"
      },
      "geometry": {
        "type": "Point",
        "coordinates": [
          80.1886083,
          12.9842586
        ]
      },
      "id": "node/2253361647"
    },
    {
      "type": "Feature",
      "properties": {
        "@id": "node/2296731456",
        "amenity": "hospital",
        "healthcare": "hospital",
        "name": "Dr Venugopals' Sundaram Clini"
      },
      "geometry": {
        "type": "Point",
        "coordinates": [
          80.268345,
          13.076782
        ]
      },
      "id": "node/2296731456"
    },
    {
      "type": "Feature",
      "properties": {
        "@id": "node/2296731781",
        "amenity": "hospital",
        "healthcare": "hospital",
        "name": "Dr Kabir's Clinic"
      },
      "geometry": {
        "type": "Point",
        "coordinates": [
          80.2678381,
          13.0768734
        ]
      },
      "id": "node/2296731781"
    },
    {
      "type": "Feature",
      "properties": {
        "@id": "node/2296732187",
        "amenity": "hospital",
        "healthcare": "hospital",
        "name": "Dr Sridhars'Clinic"
      },
      "geometry": {
        "type": "Point",
        "coordinates": [
          80.2672427,
          13.0764345
        ]
      },
      "id": "node/2296732187"
    },
    {
      "type": "Feature",
      "properties": {
        "@id": "node/2485567524",
        "amenity": "hospital",
        "healthcare": "hospital",
        "name": "Vepery Hospital"
      },
      "geometry": {
        "type": "Point",
        "coordinates": [
          80.2594411,
          13.0921812
        ]
      },
      "id": "node/2485567524"
    },
    {
      "type": "Feature",
      "properties": {
        "@id": "node/2559180846",
        "addr:city": "Chennai",
        "addr:housename": "Dr. A. Aniz",
        "addr:housenumber": "158",
        "addr:neighbourhood": "O Block",
        "addr:postcode": "600102",
        "addr:street": "30th Street",
        "addr:suburb": "Anna Nagar East",
        "amenity": "hospital",
        "emergency": "yes",
        "healthcare": "hospital",
        "name": "Jaws Dental Foundation"
      },
      "geometry": {
        "type": "Point",
        "coordinates": [
          80.2236256,
          13.0929667
        ]
      },
      "id": "node/2559180846"
    },
    {
      "type": "Feature",
      "properties": {
        "@id": "node/2587530810",
        "amenity": "hospital",
        "healthcare": "hospital",
        "name": "Chennai Skin Foundation"
      },
      "geometry": {
        "type": "Point",
        "coordinates": [
          80.2594702,
          13.0205681
        ]
      },
      "id": "node/2587530810"
    },
    {
      "type": "Feature",
      "properties": {
        "@id": "node/2669702938",
        "addr:city": "Chennai",
        "addr:housename": "Sukrthi Nursing Home",
        "addr:housenumber": "21",
        "addr:postcode": "600091",
        "addr:street": "Mullai Street",
        "amenity": "hospital",
        "emergency": "yes",
        "healthcare": "hospital",
        "name": "Sukrthi Nursing Home"
      },
      "geometry": {
        "type": "Point",
        "coordinates": [
          80.2082964,
          12.9710287
        ]
      },
      "id": "node/2669702938"
    },
    {
      "type": "Feature",
      "properties": {
        "@id": "node/3118864398",
        "addr:city": "Chennai",
        "addr:housenumber": "#199",
        "addr:postcode": "60004",
        "addr:street": "Luz Church Road",
        "amenity": "hospital",
        "emergency": "yes",
        "healthcare": "hospital",
        "name": "Kauvery Hospital",
        "note": "The building is shared by Lifestyle Home Center and the hospital",
        "phone": "+914440006000",
        "website": "https://www.kauveryhospital.com/",
        "wheelchair": "yes"
      },
      "geometry": {
        "type": "Point",
        "coordinates": [
          80.2573008,
          13.0381705
        ]
      },
      "id": "node/3118864398"
    },
    {
      "type": "Feature",
      "properties": {
        "@id": "node/3372786283",
        "addr:postcode": "600042",
        "amenity": "hospital",
        "healthcare": "hospital",
        "is_in": "Velachery;Chennai;TN;Tamilnadu",
        "name": "Velachery SABA Hospital"
      },
      "geometry": {
        "type": "Point",
        "coordinates": [
          80.2298924,
          12.9862735
        ]
      },
      "id": "node/3372786283"
    },
    {
      "type": "Feature",
      "properties": {
        "@id": "node/3687711447",
        "amenity": "hospital",
        "healthcare": "hospital",
        "name": "Kaya Skin clinic"
      },
      "geometry": {
        "type": "Point",
        "coordinates": [
          80.2223505,
          12.9767775
        ]
      },
      "id": "node/3687711447"
    },
    {
      "type": "Feature",
      "properties": {
        "@id": "node/3982078512",
        "addr:city": "Chennai",
        "addr:district": "Chennai",
        "addr:full": "No.7, Ethiraiswami Salai, Erukkenchery",
        "addr:housenumber": "7",
        "addr:postcode": "600118",
        "addr:state": "Tamil Nadu",
        "addr:street": "Ethiraj Samy Salai",
        "amenity": "hospital",
        "healthcare": "hospital",
        "name": "Pavithra Hospital",
        "source": "OpenGovernmentData"
      },
      "geometry": {
        "type": "Point",
        "coordinates": [
          80.2488406,
          13.1260907
        ]
      },
      "id": "node/3982078512"
    },
    {
      "type": "Feature",
      "properties": {
        "@id": "node/4221573903",
        "addr:postcode": "600006",
        "addr:street": "Pycrofts Garden Road",
        "amenity": "hospital",
        "healthcare": "hospital",
        "name": "Shankara Netralaya Eye Hospital",
        "website": "https://sankaranethralaya.org/"
      },
      "geometry": {
        "type": "Point",
        "coordinates": [
          80.2497746,
          13.0642564
        ]
      },
      "id": "node/4221573903"
    },
    {
      "type": "Feature",
      "properties": {
        "@id": "node/4329387869",
        "addr:city": "nanganallur",
        "addr:district": "Kanchipuram",
        "addr:full": "11/77, Voltas Colony,6Th Street Nanganallur- 61",
        "addr:housenumber": "11/77",
        "addr:postcode": "600061",
        "addr:state": "Tamil Nadu",
        "addr:street": "6th street,voltas colony",
        "amenity": "hospital",
        "emergency": "yes",
        "healthcare": "hospital",
        "name": "Srinivasan Rajalakshmi Memorial Hospital",
        "operator": "Dr. S.Krishnan , MD.RT, Dr. Mrs. P. Radha [MD]",
        "operator:type": "private",
        "phone": "+91 98401 17136, +91 44 4504 6010",
        "source": "OpenGovernmentData",
        "wheelchair": "yes"
      },
      "geometry": {
        "type": "Point",
        "coordinates": [
          80.187599,
          12.9733792
        ]
      },
      "id": "node/4329387869"
    },
    {
      "type": "Feature",
      "properties": {
        "@id": "node/4486583996",
        "amenity": "hospital",
        "healthcare": "hospital",
        "name": "Chennai Medical Centre Hospital"
      },
      "geometry": {
        "type": "Point",
        "coordinates": [
          80.1889685,
          13.0380047
        ]
      },
      "id": "node/4486583996"
    },
    {
      "type": "Feature",
      "properties": {
        "@id": "node/4488082604",
        "addr:block": "Chennai Zone X",
        "addr:district": "Chennai",
        "addr:full": "No.1, Next To Vadapalani Metro Station, Vadapalani, Jawaharlal Nehru Salai",
        "addr:housenumber": "No. 1",
        "addr:postcode": "600026",
        "addr:state": "Tamil Nadu",
        "addr:street": "Jawaharlal Nehru Road (100 Feet Road)",
        "amenity": "hospital",
        "description": "SIMS Hospital",
        "healthcare": "hospital",
        "name": "SRM Institutes For Medical Science",
        "name:en": "SRM Institutes For Medical Science",
        "opening_hours": "24/7",
        "phone": "+91 44 2000 2001",
        "source": "OpenGovernmentData",
        "website": "https://www.simshospitals.com/"
      },
      "geometry": {
        "type": "Point",
        "coordinates": [
          80.2114304,
          13.0515961
        ]
      },
      "id": "node/4488082604"
    },
    {
      "type": "Feature",
      "properties": {
        "@id": "node/4764302980",
        "amenity": "hospital",
        "name": "HEALTH"
      },
      "geometry": {
        "type": "Point",
        "coordinates": [
          80.2395364,
          13.0135999
        ]
      },
      "id": "node/4764302980"
    },
    {
      "type": "Feature",
      "properties": {
        "@id": "node/4813324323",
        "addr:housenumber": "6",
        "addr:postcode": "600013",
        "addr:street": "SOMU STREET 6th LANE",
        "amenity": "hospital",
        "email": "drasrajaguru@gmail.com",
        "healthcare": "hospital",
        "internet_access": "wlan",
        "name:en": "GURU EYE HOSPITAL",
        "opening_hours": "Mo-Su 09:00-21:00",
        "phone": "+914425980998"
      },
      "geometry": {
        "type": "Point",
        "coordinates": [
          80.2905249,
          13.1133021
        ]
      },
      "id": "node/4813324323"
    },
    {
      "type": "Feature",
      "properties": {
        "@id": "node/5263563022",
        "addr:district": "Chennai",
        "addr:full": "Siruvallur, Perambur, Chennai",
        "addr:postcode": "600011",
        "addr:state": "Tamil Nadu",
        "amenity": "hospital",
        "healthcare": "hospital",
        "name:en": "J.M Hoapital",
        "source": "Local Knowledge"
      },
      "geometry": {
        "type": "Point",
        "coordinates": [
          80.2429369,
          13.1131363
        ]
      },
      "id": "node/5263563022"
    },
    {
      "type": "Feature",
      "properties": {
        "@id": "node/5336542921",
        "addr:block": "Chennai Zone Ix",
        "addr:district": "Chennai",
        "addr:full": "New No:91, Old No: 46, Royapettah, Dr. Besant Road",
        "addr:postcode": "600014",
        "addr:state": "Tamil Nadu",
        "amenity": "hospital",
        "healthcare": "hospital",
        "name": "The Cresent Hospital",
        "name:en": "The Crescent Hospital",
        "opening_hours": "Mo-Sa 08:00-13:00; Su 08:00-12:00",
        "source": "OpenGovernmentData"
      },
      "geometry": {
        "type": "Point",
        "coordinates": [
          80.2727336,
          13.0527235
        ]
      },
      "id": "node/5336542921"
    },
    {
      "type": "Feature",
      "properties": {
        "@id": "node/5367950021",
        "addr:housenumber": "27",
        "addr:postcode": "600034",
        "addr:street": "Mahalingapuram Main Road",
        "amenity": "hospital",
        "healthcare": "hospital",
        "name": "Biocosmo Healthcare",
        "name:en": "Biocosmo Healthcare",
        "opening_hours": "Mo-Sa 10:30-19:30; Su 14:30-19:30",
        "phone": "7200080075"
      },
      "geometry": {
        "type": "Point",
        "coordinates": [
          80.2375326,
          13.0590329
        ]
      },
      "id": "node/5367950021"
    },
    {
      "type": "Feature",
      "properties": {
        "@id": "node/5500158687",
        "addr:block": "Chennai Zone Ix",
        "addr:district": "Chennai",
        "addr:full": "Gopathi Narayanaswami Chetty Rd, Satyamurthy Nagar, T. Nagar",
        "addr:postcode": "600017",
        "addr:state": "Tamil Nadu",
        "addr:street": "New No:434, Old No:180, NSK Salai Rd, Vadapalani, Chennai, Tamil Nadu 600026",
        "amenity": "hospital",
        "healthcare": "hospital",
        "name": "Vijaya Group of Hospital",
        "opening_hours": "24/7",
        "phone": "044 6664 6600",
        "source": "OpenGovernmentData",
        "website": "https://vijayahospital.org/"
      },
      "geometry": {
        "type": "Point",
        "coordinates": [
          80.2083222,
          13.0497391
        ]
      },
      "id": "node/5500158687"
    },
    {
      "type": "Feature",
      "properties": {
        "@id": "node/5547728024",
        "addr:district": "Chennai",
        "addr:full": "Old No-25 New No:53, Big Street, Near Hindu Higher Secondary School",
        "addr:housenumber": "25,53",
        "addr:postcode": "600005",
        "addr:state": "Tamil Nadu",
        "addr:street": "Veeraraghava Street (Big St)",
        "amenity": "hospital",
        "healthcare": "hospital",
        "name": "ஹிபா சிறப்பு மருத்துவமனை",
        "name:en": "hiba specility hospital",
        "opening_hours": "24/7",
        "source": "OpenGovernmentData"
      },
      "geometry": {
        "type": "Point",
        "coordinates": [
          80.275747,
          13.0615207
        ]
      },
      "id": "node/5547728024"
    },
    {
      "type": "Feature",
      "properties": {
        "@id": "node/5570522545",
        "addr:street": "Gandhi Road",
        "amenity": "hospital",
        "healthcare": "hospital",
        "is_in": "Velachery;Chennai;Tamilnadu;TN;India;IN",
        "name": "ARK Hospital"
      },
      "geometry": {
        "type": "Point",
        "coordinates": [
          80.2293536,
          12.9856999
        ]
      },
      "id": "node/5570522545"
    },
    {
      "type": "Feature",
      "properties": {
        "@id": "node/5631872266",
        "addr:city": "Chennai",
        "addr:district": "Chennai",
        "addr:full": "# 27, Govindan Raod, West Mambalam, Near Srinivasa Theatre",
        "addr:postcode": "600033",
        "addr:state": "Tamil Nadu",
        "addr:street": "Govindan Road",
        "amenity": "hospital",
        "healthcare": "hospital",
        "healthcare:speciality": "general",
        "name": "Annamalai Hospital",
        "operator": "Annamalai",
        "source": "OpenGovernmentData"
      },
      "geometry": {
        "type": "Point",
        "coordinates": [
          80.2228983,
          13.031147
        ]
      },
      "id": "node/5631872266"
    },
    {
      "type": "Feature",
      "properties": {
        "@id": "node/5631872277",
        "addr:city": "Saidapet",
        "addr:postcode": "600015",
        "addr:street": "Govindan Road",
        "amenity": "hospital",
        "emergency": "yes",
        "healthcare": "hospital",
        "healthcare:speciality": "general;orthopaedics",
        "name": "Ezhil Hospital",
        "operator": "Durairaj"
      },
      "geometry": {
        "type": "Point",
        "coordinates": [
          80.2207913,
          13.0319539
        ]
      },
      "id": "node/5631872277"
    },
    {
      "type": "Feature",
      "properties": {
        "@id": "node/5792664046",
        "addr:street": "68, 18th St, Balaji Nagar Extn-II, Vanuvampet, Madipakkam, Chennai, Tamil Nadu 600088",
        "amenity": "hospital",
        "healthcare": "hospital",
        "name": "Qure Ortho Clinic, Physiotherapy, X Ray & Pharmacy",
        "opening_hours": "Mo-Su 08:00-22:00",
        "phone": "095000 06644"
      },
      "geometry": {
        "type": "Point",
        "coordinates": [
          80.2043658,
          12.9794
        ]
      },
      "id": "node/5792664046"
    },
    {
      "type": "Feature",
      "properties": {
        "@id": "node/6185882385",
        "amenity": "hospital",
        "healthcare": "hospital",
        "name": "Nivas Skin Clinic"
      },
      "geometry": {
        "type": "Point",
        "coordinates": [
          80.2085951,
          13.0289663
        ]
      },
      "id": "node/6185882385"
    },
    {
      "type": "Feature",
      "properties": {
        "@id": "node/6886285320",
        "addr:city": "Chennai",
        "addr:district": "CHENNAI",
        "addr:full": "4th Floor, Geo Tower, Old No.319, New No.465, Anna Salai, Nandanam, Chennai",
        "addr:housenumber": "Nandanam, 320,",
        "addr:postcode": "600035",
        "addr:state": "Tamil Nadu",
        "addr:street": "Anna Salai, Teynampet,",
        "amenity": "hospital",
        "contact:phone": "04424347288;04424331741;04424336119",
        "email": "apollocancercentres.digital@gmail.com",
        "healthcare": "hospital",
        "healthcare:speciality": "oncology",
        "name": "Apollo Cancer Centres",
        "opening_hours": "24/7",
        "operator:type": "private",
        "source": "OpenGovernmentData",
        "website": "https://apollocancercentres.com/"
      },
      "geometry": {
        "type": "Point",
        "coordinates": [
          80.2451004,
          13.0337515
        ]
      },
      "id": "node/6886285320"
    },
    {
      "type": "Feature",
      "properties": {
        "@id": "node/6914280086",
        "addr:block": "Chennai Zone X",
        "addr:district": "Chennai",
        "addr:full": "No:43, Near Bus Terminus, T. Nagar, South Usman Road",
        "addr:postcode": "600017",
        "addr:state": "Tamil Nadu",
        "amenity": "hospital",
        "healthcare": "hospital",
        "name": "Raju Hospitals",
        "source": "OpenGovernmentData"
      },
      "geometry": {
        "type": "Point",
        "coordinates": [
          80.230346,
          13.0329888
        ]
      },
      "id": "node/6914280086"
    },
    {
      "type": "Feature",
      "properties": {
        "@id": "node/6914764653",
        "addr:district": "Chennai",
        "addr:full": "12, First Main Road Kasturba Nagar Adyar",
        "addr:postcode": "600001",
        "addr:state": "Tamil Nadu",
        "amenity": "hospital",
        "healthcare": "hospital",
        "name": "Sri Kalyan Hospital",
        "source": "OpenGovernmentData"
      },
      "geometry": {
        "type": "Point",
        "coordinates": [
          80.2507134,
          13.0063976
        ]
      },
      "id": "node/6914764653"
    },
    {
      "type": "Feature",
      "properties": {
        "@id": "node/6914768001",
        "addr:district": "Chennai",
        "addr:full": "New No. 51, 18,Bunder Garden Street,Perambur,Opposite Lourdes Girls School",
        "addr:postcode": "600011",
        "addr:state": "Tamil Nadu",
        "amenity": "hospital",
        "healthcare": "hospital",
        "name": "Sen Hospital",
        "source": "OpenGovernmentData"
      },
      "geometry": {
        "type": "Point",
        "coordinates": [
          80.2418775,
          13.1105649
        ]
      },
      "id": "node/6914768001"
    },
    {
      "type": "Feature",
      "properties": {
        "@id": "node/6914768046",
        "addr:district": "Chennai",
        "addr:full": "43, Lakshmi Talkies Road, Shenoy Nagar",
        "addr:postcode": "600030",
        "addr:state": "Tamil Nadu",
        "addr:subdistrict": "Shenoy Nagar",
        "amenity": "hospital",
        "email": "support@billroth.com",
        "healthcare": "hospital",
        "name": "Billroth Hospitals",
        "operator:type": "private",
        "source": "OpenGovernmentData",
        "website": "https://www.billrothhospitals.com/"
      },
      "geometry": {
        "type": "Point",
        "coordinates": [
          80.2272588,
          13.0757435
        ]
      },
      "id": "node/6914768046"
    },
    {
      "type": "Feature",
      "properties": {
        "@id": "node/6914768063",
        "addr:district": "Tiruvallur",
        "addr:full": "No.36, Ponnankinaru Street, Villivakkam",
        "addr:postcode": "600049",
        "addr:state": "Tamil Nadu",
        "amenity": "hospital",
        "healthcare": "hospital",
        "name": "Cauvery Trust Hospital",
        "source": "OpenGovernmentData"
      },
      "geometry": {
        "type": "Point",
        "coordinates": [
          80.2112943,
          13.1026603
        ]
      },
      "id": "node/6914768063"
    },
    {
      "type": "Feature",
      "properties": {
        "@id": "node/6914768069",
        "addr:city": "சென்னை - Chennai",
        "addr:district": "Kanchipuram",
        "addr:full": "19, Vinayagapuram, Mugalivakkam Main Road Porur",
        "addr:housenumber": "19",
        "addr:postcode": "600125",
        "addr:state": "Tamil Nadu",
        "addr:street": "Mugalivakkam Main Road",
        "amenity": "hospital",
        "healthcare": "hospital",
        "healthcare:speciality": "general;paediatrics",
        "name": "Kedar Hospital",
        "source": "OpenGovernmentData",
        "wheelchair": "yes"
      },
      "geometry": {
        "type": "Point",
        "coordinates": [
          80.1670808,
          13.0229098
        ]
      },
      "id": "node/6914768069"
    },
    {
      "type": "Feature",
      "properties": {
        "@id": "node/6914768086",
        "addr:district": "Chennai",
        "addr:full": "Aa 16, 3Road Main Road, Anna Nagar",
        "addr:postcode": "600040",
        "addr:state": "Tamil Nadu",
        "amenity": "hospital",
        "healthcare": "hospital",
        "name": "Soundarapandian Bone and Joint Hospital Research Institute Pvt. Ltd.",
        "source": "OpenGovernmentData"
      },
      "geometry": {
        "type": "Point",
        "coordinates": [
          80.2156462,
          13.0835957
        ]
      },
      "id": "node/6914768086"
    },
    {
      "type": "Feature",
      "properties": {
        "@id": "node/6914768088",
        "addr:district": "Chennai",
        "addr:full": "962, Poonamallee High Road, Near Egmore Over Bridge",
        "addr:postcode": "600084",
        "addr:state": "Tamil Nadu",
        "amenity": "hospital",
        "healthcare": "hospital",
        "name": "Dr. U. Mohan Rau Memorial Hospital - Chennai",
        "source": "OpenGovernmentData",
        "wheelchair": "yes"
      },
      "geometry": {
        "type": "Point",
        "coordinates": [
          80.2572808,
          13.079494
        ]
      },
      "id": "node/6914768088"
    },
    {
      "type": "Feature",
      "properties": {
        "@id": "node/6914880538",
        "addr:district": "Chennai",
        "addr:full": "# 55,New Avadi Road,Kilpauk",
        "addr:postcode": "600010",
        "addr:state": "Tamil Nadu",
        "amenity": "hospital",
        "healthcare": "hospital",
        "name": "Chennai Cancer Care",
        "source": "OpenGovernmentData"
      },
      "geometry": {
        "type": "Point",
        "coordinates": [
          80.234026,
          13.0762935
        ]
      },
      "id": "node/6914880538"
    },
    {
      "type": "Feature",
      "properties": {
        "@id": "node/6914880539",
        "addr:district": "Chennai",
        "addr:full": "No 6 12Th Cross Steet Dhandeeswaram Nagar Velachery",
        "addr:postcode": "600042",
        "addr:state": "Tamil Nadu",
        "amenity": "hospital",
        "healthcare": "hospital",
        "name": "Chennai Eye Care Hospital",
        "source": "OpenGovernmentData"
      },
      "geometry": {
        "type": "Point",
        "coordinates": [
          80.2246302,
          12.9789449
        ]
      },
      "id": "node/6914880539"
    },
    {
      "type": "Feature",
      "properties": {
        "@id": "node/6914880540",
        "addr:district": "Chennai",
        "addr:full": "64, Medavakkam Tank Road, Kilpauk",
        "addr:postcode": "600010",
        "addr:state": "Tamil Nadu",
        "amenity": "hospital",
        "healthcare": "hospital",
        "name": "Chennai Heart Centre",
        "source": "OpenGovernmentData"
      },
      "geometry": {
        "type": "Point",
        "coordinates": [
          80.2410534,
          13.0917939
        ]
      },
      "id": "node/6914880540"
    },
    {
      "type": "Feature",
      "properties": {
        "@id": "node/6914880546",
        "addr:district": "Chennai",
        "addr:full": "#52, Raja Annamalai Puram",
        "addr:postcode": "600028",
        "addr:state": "Tamil Nadu",
        "amenity": "hospital",
        "healthcare": "hospital",
        "name": "Chennai Kaliappa Hospital",
        "source": "OpenGovernmentData"
      },
      "geometry": {
        "type": "Point",
        "coordinates": [
          80.2558082,
          13.0268492
        ]
      },
      "id": "node/6914880546"
    },
    {
      "type": "Feature",
      "properties": {
        "@id": "node/6914880552",
        "addr:district": "Chennai",
        "addr:full": "264/125, Kilpauk Garden Road, Kilpauk",
        "addr:postcode": "600010",
        "addr:state": "Tamil Nadu",
        "amenity": "hospital",
        "healthcare": "hospital",
        "name": "Mots Hospital",
        "source": "OpenGovernmentData"
      },
      "geometry": {
        "type": "Point",
        "coordinates": [
          80.2341561,
          13.0833606
        ]
      },
      "id": "node/6914880552"
    },
    {
      "type": "Feature",
      "properties": {
        "@id": "node/6914880584",
        "addr:district": "Chennai",
        "addr:full": "Cp-50, Razack Garden Main Road, Arumbakkam",
        "addr:postcode": "600106",
        "addr:state": "Tamil Nadu",
        "amenity": "hospital",
        "healthcare": "hospital",
        "name": "Vasanthi Orthopaedic Hospital",
        "source": "OpenGovernmentData"
      },
      "geometry": {
        "type": "Point",
        "coordinates": [
          80.2157642,
          13.0723588
        ]
      },
      "id": "node/6914880584"
    },
    {
      "type": "Feature",
      "properties": {
        "@id": "node/6914896212",
        "addr:district": "Chennai",
        "addr:full": "866, Poonamallee High Road, Kilpauk",
        "addr:postcode": "600010",
        "addr:state": "Tamil Nadu",
        "amenity": "hospital",
        "healthcare": "hospital",
        "name": "R.K. Gynaec And Maternity Hospital",
        "source": "OpenGovernmentData"
      },
      "geometry": {
        "type": "Point",
        "coordinates": [
          80.2481786,
          13.0788127
        ]
      },
      "id": "node/6914896212"
    },
    {
      "type": "Feature",
      "properties": {
        "@id": "node/6914896214",
        "addr:district": "Chennai",
        "addr:full": "391/392, Anna Salai, 1st Floor, Miv Complex., Opposite New Bus Stand, Saidapet",
        "addr:postcode": "600015",
        "addr:state": "Tamil Nadu",
        "amenity": "hospital",
        "healthcare": "hospital",
        "name": "R.G. Stone Urological Research Institute",
        "source": "OpenGovernmentData"
      },
      "geometry": {
        "type": "Point",
        "coordinates": [
          80.2278288,
          13.0240792
        ]
      },
      "id": "node/6914896214"
    },
    {
      "type": "Feature",
      "properties": {
        "@id": "node/6914896215",
        "addr:district": "Chennai",
        "addr:full": "No. 14/20, Chari Street, T. Nagar",
        "addr:postcode": "600017",
        "addr:state": "Tamil Nadu",
        "amenity": "hospital",
        "healthcare": "hospital",
        "name": "R. K. Eye Centre",
        "source": "OpenGovernmentData"
      },
      "geometry": {
        "type": "Point",
        "coordinates": [
          80.2311788,
          13.0485912
        ]
      },
      "id": "node/6914896215"
    },
    {
      "type": "Feature",
      "properties": {
        "@id": "node/6914896269",
        "addr:district": "Chennai",
        "addr:full": "49/2,Harrington Road,Chetput",
        "addr:postcode": "600031",
        "addr:state": "Tamil Nadu",
        "amenity": "hospital",
        "healthcare": "hospital",
        "name": "Psymed Hospiyal",
        "source": "OpenGovernmentData"
      },
      "geometry": {
        "type": "Point",
        "coordinates": [
          80.2317998,
          13.0714757
        ]
      },
      "id": "node/6914896269"
    },
    {
      "type": "Feature",
      "properties": {
        "@id": "node/6914911764",
        "addr:district": "Chennai",
        "addr:full": "No.7, Varadappan Street,West Mambalam",
        "addr:postcode": "600033",
        "addr:state": "Tamil Nadu",
        "amenity": "hospital",
        "healthcare": "hospital",
        "name": "Vasanthram Hospital (P) Ltd.,",
        "source": "OpenGovernmentData"
      },
      "geometry": {
        "type": "Point",
        "coordinates": [
          80.2187696,
          13.0433091
        ]
      },
      "id": "node/6914911764"
    },
    {
      "type": "Feature",
      "properties": {
        "@id": "node/6914927162",
        "addr:block": "Chennai Zone X",
        "addr:district": "Chennai",
        "addr:full": "Near Murugan Temple, Vadapalani, Palaniandavar Koil St",
        "addr:postcode": "600026",
        "addr:state": "Tamil Nadu",
        "amenity": "hospital",
        "healthcare": "hospital",
        "name": "Vadapalani Multispeciality Hospital",
        "source": "OpenGovernmentData"
      },
      "geometry": {
        "type": "Point",
        "coordinates": [
          80.2133146,
          13.0516559
        ]
      },
      "id": "node/6914927162"
    },
    {
      "type": "Feature",
      "properties": {
        "@id": "node/6914937617",
        "addr:district": "Kanchipuram",
        "addr:full": "No.1, Ramchandra Nagar",
        "addr:postcode": "600016",
        "addr:state": "Tamil Nadu",
        "amenity": "hospital",
        "name": "Sri Ramachandra Hospital",
        "source": "OpenGovernmentData"
      },
      "geometry": {
        "type": "Point",
        "coordinates": [
          80.1402023,
          13.0378713
        ]
      },
      "id": "node/6914937617"
    },
    {
      "type": "Feature",
      "properties": {
        "@id": "node/6915117046",
        "addr:district": "Chennai",
        "addr:full": "No.781, T H Road, Opposite Tondiarpet Police Station",
        "addr:postcode": "600021",
        "addr:state": "Tamil Nadu",
        "addr:subdistrict": "Tondiarpet",
        "amenity": "hospital",
        "healthcare": "hospital",
        "name": "M N Eye Hospital Private Limited, Tondiarpet",
        "operator:type": "private",
        "source": "OpenGovernmentData",
        "website": "https://www.mneyehospitals.com/"
      },
      "geometry": {
        "type": "Point",
        "coordinates": [
          80.2876528,
          13.1232306
        ]
      },
      "id": "node/6915117046"
    },
    {
      "type": "Feature",
      "properties": {
        "@id": "node/6915134068",
        "addr:district": "Chennai",
        "addr:full": "(Old No.19), New No.37, Millers Road, Kilpauk",
        "addr:postcode": "600010",
        "addr:state": "Tamil Nadu",
        "amenity": "hospital",
        "healthcare": "hospital",
        "name": "Doctor Rexs Hospitals",
        "source": "OpenGovernmentData"
      },
      "geometry": {
        "type": "Point",
        "coordinates": [
          80.2502386,
          13.0838812
        ]
      },
      "id": "node/6915134068"
    },
    {
      "type": "Feature",
      "properties": {
        "@id": "node/6915201226",
        "addr:district": "Chennai",
        "addr:full": "No.39, Rajalakhsmi Nagar",
        "addr:postcode": "600042",
        "addr:state": "Tamil Nadu",
        "amenity": "hospital",
        "check_date": "2026-02-24",
        "healthcare": "hospital",
        "name": "Helios Hospital Pvt Ltd",
        "source": "OpenGovernmentData"
      },
      "geometry": {
        "type": "Point",
        "coordinates": [
          80.2189144,
          12.9855882
        ]
      },
      "id": "node/6915201226"
    },
    {
      "type": "Feature",
      "properties": {
        "@id": "node/6915218991",
        "addr:district": "Chennai",
        "addr:full": "#105, Pulianthope High Road,Pulianthope",
        "addr:postcode": "600012",
        "addr:state": "Tamil Nadu",
        "amenity": "hospital",
        "healthcare": "hospital",
        "name": "Deepam Muthu Hospital",
        "source": "OpenGovernmentData"
      },
      "geometry": {
        "type": "Point",
        "coordinates": [
          80.2605303,
          13.0995855
        ]
      },
      "id": "node/6915218991"
    },
    {
      "type": "Feature",
      "properties": {
        "@id": "node/6915463333",
        "addr:block": "Chennai Zone I",
        "addr:district": "Chennai",
        "addr:full": "Old No 10, New No 33, Agastya Theatre Back Side, Tondiarpet, Kannka Pillai Street",
        "addr:postcode": "600081",
        "addr:state": "Tamil Nadu",
        "amenity": "hospital",
        "healthcare": "hospital",
        "name": "Malligai Hospital",
        "source": "OpenGovernmentData"
      },
      "geometry": {
        "type": "Point",
        "coordinates": [
          80.2899749,
          13.1238765
        ]
      },
      "id": "node/6915463333"
    },
    {
      "type": "Feature",
      "properties": {
        "@id": "node/6915836812",
        "addr:district": "Chennai",
        "addr:full": "786 Anna Salai, CIT Nagar West",
        "addr:postcode": "600035",
        "addr:state": "Tamil Nadu",
        "addr:subdistrict": "Nandanam",
        "amenity": "hospital",
        "email": "admin@humahospital.com",
        "healthcare": "hospital",
        "name": "Huma Specialists Hospital and Research Centre Pvt Ltd",
        "operator:type": "private",
        "source": "OpenGovernmentData",
        "website": "https://humahospital.com/"
      },
      "geometry": {
        "type": "Point",
        "coordinates": [
          80.235353,
          13.0282655
        ]
      },
      "id": "node/6915836812"
    },
    {
      "type": "Feature",
      "properties": {
        "@id": "node/6916036803",
        "addr:district": "Kanchipuram",
        "addr:full": "No. 20, Medavakkam Main Road, Madipakkam",
        "addr:postcode": "600091",
        "addr:state": "Tamil Nadu",
        "addr:street": "Mount - Medavakkam Road",
        "amenity": "hospital",
        "healthcare": "hospital",
        "name": "Divya Hospital",
        "source": "OpenGovernmentData",
        "website": "http://chennaipregnancycare.blogspot.com/"
      },
      "geometry": {
        "type": "Point",
        "coordinates": [
          80.187601,
          12.9644392
        ]
      },
      "id": "node/6916036803"
    },
    {
      "type": "Feature",
      "properties": {
        "@id": "node/6916178396",
        "addr:district": "Chennai",
        "addr:full": "No.13, Seetharam Nagar, Vii Street, Munsif Garden,Chinnakodungaiyur",
        "addr:postcode": "600118",
        "addr:state": "Tamil Nadu",
        "amenity": "hospital",
        "healthcare": "hospital",
        "name": "Noor`S Hospital",
        "source": "OpenGovernmentData"
      },
      "geometry": {
        "type": "Point",
        "coordinates": [
          80.2485046,
          13.1418442
        ]
      },
      "id": "node/6916178396"
    },
    {
      "type": "Feature",
      "properties": {
        "@id": "node/6916205172",
        "addr:district": "Chennai",
        "addr:full": "#289/149, D.No.149, ,Paper Mills Road, Opp To 70 Feet Road,Perambur",
        "addr:postcode": "600082",
        "addr:state": "Tamil Nadu",
        "amenity": "hospital",
        "healthcare": "hospital",
        "name": "Vasan Eye Care Hospital, Perambur",
        "source": "OpenGovernmentData"
      },
      "geometry": {
        "type": "Point",
        "coordinates": [
          80.2287099,
          13.1177888
        ]
      },
      "id": "node/6916205172"
    },
    {
      "type": "Feature",
      "properties": {
        "@id": "node/6926045326",
        "addr:block": "Chennai Zone X",
        "addr:district": "Chennai",
        "addr:full": "No.39, Ashok Nagar, 7Th Avenue",
        "addr:postcode": "600083",
        "addr:state": "Tamil Nadu",
        "amenity": "hospital",
        "healthcare": "hospital",
        "name": "Sri Sai Krs Hospital",
        "source": "OpenGovernmentData"
      },
      "geometry": {
        "type": "Point",
        "coordinates": [
          80.2162984,
          13.0379757
        ]
      },
      "id": "node/6926045326"
    },
    {
      "type": "Feature",
      "properties": {
        "@id": "node/6926049961",
        "addr:district": "Kanchipuram",
        "addr:full": "18, 6Th Street Lakshmi Nagar, Nanganallur Chennai",
        "addr:postcode": "600061",
        "addr:state": "Tamil Nadu",
        "amenity": "hospital",
        "healthcare": "hospital",
        "name": "Gowri Nursing Home, Kanchipuram",
        "source": "OpenGovernmentData"
      },
      "geometry": {
        "type": "Point",
        "coordinates": [
          80.1883923,
          12.9779713
        ]
      },
      "id": "node/6926049961"
    },
    {
      "type": "Feature",
      "properties": {
        "@id": "node/6926055600",
        "addr:district": "Chennai",
        "addr:full": "No. 15, Ormes Road, Kilpauk",
        "addr:postcode": "600010",
        "addr:state": "Tamil Nadu",
        "amenity": "hospital",
        "healthcare": "hospital",
        "name": "Satish Eye Hospital",
        "source": "OpenGovernmentData"
      },
      "geometry": {
        "type": "Point",
        "coordinates": [
          80.2469972,
          13.0813959
        ]
      },
      "id": "node/6926055600"
    },
    {
      "type": "Feature",
      "properties": {
        "@id": "node/6926055920",
        "addr:district": "Chennai",
        "addr:full": "P.H. Road,Jn Of P.H. Road And, Nelson Manickam Road, Aminjikarai",
        "addr:postcode": "600029",
        "addr:state": "Tamil Nadu",
        "amenity": "hospital",
        "healthcare": "hospital",
        "name": "A.K. Hospital, Chennai",
        "source": "OpenGovernmentData"
      },
      "geometry": {
        "type": "Point",
        "coordinates": [
          80.220515,
          13.0741442
        ]
      },
      "id": "node/6926055920"
    },
    {
      "type": "Feature",
      "properties": {
        "@id": "node/6926055922",
        "addr:district": "Chennai",
        "addr:full": "New No 80, 7Th Avenue Ashok Nagar",
        "addr:postcode": "600083",
        "addr:state": "Tamil Nadu",
        "addr:subdistrict": "Ashok Nagar",
        "amenity": "hospital",
        "email": "contact@ammayieyehospital.com",
        "healthcare": "hospital",
        "name": "Ammayi Eye Hospital",
        "operator:type": "private",
        "source": "OpenGovernmentData",
        "website": "http://www.ammayieyehospital.com/"
      },
      "geometry": {
        "type": "Point",
        "coordinates": [
          80.2159045,
          13.0331935
        ]
      },
      "id": "node/6926055922"
    },
    {
      "type": "Feature",
      "properties": {
        "@id": "node/6926055923",
        "addr:district": "Chennai",
        "addr:full": "453 And 454, R.K. Shanmugam Salai , K.K. Nagar",
        "addr:postcode": "600001",
        "addr:state": "Tamil Nadu",
        "amenity": "hospital",
        "healthcare": "hospital",
        "name": "K.M. Speciality Hospital",
        "source": "OpenGovernmentData"
      },
      "geometry": {
        "type": "Point",
        "coordinates": [
          80.2013517,
          13.0379671
        ]
      },
      "id": "node/6926055923"
    },
    {
      "type": "Feature",
      "properties": {
        "@id": "node/6926060954",
        "addr:district": "Chennai",
        "addr:full": "87/38, M.S. Koil Street, Royapuram",
        "addr:postcode": "600013",
        "addr:state": "Tamil Nadu",
        "amenity": "hospital",
        "healthcare": "hospital",
        "name": "Subha Hospital",
        "source": "OpenGovernmentData"
      },
      "geometry": {
        "type": "Point",
        "coordinates": [
          80.2923493,
          13.1113868
        ]
      },
      "id": "node/6926060954"
    },
    {
      "type": "Feature",
      "properties": {
        "@id": "node/6926107781",
        "addr:district": "Chennai",
        "addr:full": "12, Hindi Prachara Sabha Street, T Nagar",
        "addr:postcode": "600017",
        "addr:state": "Tamil Nadu",
        "amenity": "hospital",
        "check_date": "2025-11-21",
        "healthcare": "hospital",
        "name": "Radhatri Nethralaya",
        "source": "OpenGovernmentData"
      },
      "geometry": {
        "type": "Point",
        "coordinates": [
          80.2394965,
          13.0339283
        ]
      },
      "id": "node/6926107781"
    },
    {
      "type": "Feature",
      "properties": {
        "@id": "node/6926118208",
        "addr:district": "Chennai",
        "addr:full": "B-49B, Dr.Ramasamy Salai, Near Pillayar Koil Bus Stop, K.K Nagar",
        "addr:postcode": "600078",
        "addr:state": "Tamil Nadu",
        "amenity": "hospital",
        "healthcare": "hospital",
        "name": "S M Hospital, Chennai",
        "source": "OpenGovernmentData"
      },
      "geometry": {
        "type": "Point",
        "coordinates": [
          80.2044211,
          13.0400969
        ]
      },
      "id": "node/6926118208"
    },
    {
      "type": "Feature",
      "properties": {
        "@id": "node/6926173267",
        "addr:district": "Kanchipuram",
        "addr:full": "Ii Gst Road, St. Thomas Mount",
        "addr:postcode": "600016",
        "addr:state": "Tamil Nadu",
        "amenity": "hospital",
        "healthcare": "hospital",
        "name": "Cu Shah Sankara Netralaya",
        "source": "OpenGovernmentData"
      },
      "geometry": {
        "type": "Point",
        "coordinates": [
          80.2001283,
          13.0012687
        ]
      },
      "id": "node/6926173267"
    },
    {
      "type": "Feature",
      "properties": {
        "@id": "node/6926280322",
        "addr:district": "Chennai",
        "addr:full": "1201, 6th Avenue",
        "addr:postcode": "600040",
        "addr:state": "Tamil Nadu",
        "addr:subdistrict": "Anna Nagar",
        "amenity": "hospital",
        "email": "info@aashianachennai.com",
        "healthcare": "hospital",
        "healthcare:speciality": "multi speciality",
        "name": "Aashiana Hospital",
        "operator:type": "private",
        "source": "OpenGovernmentData",
        "website": "http://www.aashianachennai.com/p/home.html"
      },
      "geometry": {
        "type": "Point",
        "coordinates": [
          80.2090184,
          13.0924039
        ]
      },
      "id": "node/6926280322"
    },
    {
      "type": "Feature",
      "properties": {
        "@id": "node/6926411928",
        "addr:district": "Chennai",
        "addr:full": "91-A Millers Road, Kilpauk",
        "addr:postcode": "600010",
        "addr:state": "Tamil Nadu",
        "amenity": "hospital",
        "healthcare": "hospital",
        "name": "Ayesha Hospital, Kilpauk",
        "source": "OpenGovernmentData"
      },
      "geometry": {
        "type": "Point",
        "coordinates": [
          80.2498054,
          13.0847009
        ]
      },
      "id": "node/6926411928"
    },
    {
      "type": "Feature",
      "properties": {
        "@id": "node/6926437405",
        "addr:district": "Chennai",
        "addr:full": "123 T.T.K. Rood Alwarpet",
        "addr:postcode": "600018",
        "addr:state": "Tamil Nadu",
        "amenity": "hospital",
        "healthcare": "hospital",
        "name": "Frontline Eye Hospital",
        "source": "OpenGovernmentData"
      },
      "geometry": {
        "type": "Point",
        "coordinates": [
          80.2517212,
          13.0323531
        ]
      },
      "id": "node/6926437405"
    },
    {
      "type": "Feature",
      "properties": {
        "@id": "node/6926437416",
        "addr:block": "Chennai Zone Ix",
        "addr:district": "Chennai",
        "addr:full": "New No: 119, Old No: 56, Ice House Police Station, Triplicane, Dr. Natesan St;Sudandira Nagar",
        "addr:postcode": "600005;600014",
        "addr:state": "Tamil Nadu",
        "amenity": "hospital",
        "healthcare": "hospital",
        "name": "Fousiya Hospital",
        "source": "OpenGovernmentData;Local Knowledge"
      },
      "geometry": {
        "type": "Point",
        "coordinates": [
          80.2744473,
          13.0477722
        ]
      },
      "id": "node/6926437416"
    },
    {
      "type": "Feature",
      "properties": {
        "@id": "node/6926437428",
        "addr:district": "Chennai",
        "addr:full": "45, Lakshmi Talkies Road",
        "addr:postcode": "600030",
        "addr:state": "Tamil Nadu",
        "addr:subdistrict": "Shenoy Nagar",
        "amenity": "hospital",
        "email": "handehospital@yahoo.com",
        "healthcare": "hospital",
        "name": "Hande Hospital",
        "operator:type": "private",
        "source": "OpenGovernmentData",
        "website": "https://www.handehospital.org/"
      },
      "geometry": {
        "type": "Point",
        "coordinates": [
          80.2274586,
          13.0764653
        ]
      },
      "id": "node/6926437428"
    },
    {
      "type": "Feature",
      "properties": {
        "@id": "node/6926437454",
        "addr:district": "Chennai",
        "addr:full": "N0-01, Crescent Park Street, T Nagar",
        "addr:postcode": "600017",
        "addr:state": "Tamil Nadu",
        "amenity": "hospital",
        "healthcare": "hospital",
        "name": "Dr Gurusekaran Hospital Pvt Ltd",
        "source": "OpenGovernmentData"
      },
      "geometry": {
        "type": "Point",
        "coordinates": [
          80.2381137,
          13.0374924
        ]
      },
      "id": "node/6926437454"
    },
    {
      "type": "Feature",
      "properties": {
        "@id": "node/6926494055",
        "addr:district": "Chennai",
        "addr:full": "#12/6, City Link Road, Near NGO Colony Bus Stand",
        "addr:postcode": "600088",
        "addr:state": "Tamil Nadu",
        "addr:subdistrict": "Adambakkam",
        "amenity": "hospital",
        "email": "grhospital@gmail.com",
        "healthcare": "hospital",
        "name": "G. R. Hospital & Fertility Centre",
        "operator:type": "private",
        "source": "OpenGovernmentData",
        "website": "http://www.grfertilitycentre.com/"
      },
      "geometry": {
        "type": "Point",
        "coordinates": [
          80.2068955,
          12.9952982
        ]
      },
      "id": "node/6926494055"
    },
    {
      "type": "Feature",
      "properties": {
        "@id": "node/6926494067",
        "addr:district": "Chennai",
        "addr:full": "120/113, Perambur Barracks Road, Purasawalkam",
        "addr:postcode": "600004",
        "addr:state": "Tamil Nadu",
        "amenity": "hospital",
        "healthcare": "hospital",
        "name": "G K M Hospital Pvt Ltd",
        "source": "OpenGovernmentData"
      },
      "geometry": {
        "type": "Point",
        "coordinates": [
          80.2585199,
          13.0899919
        ]
      },
      "id": "node/6926494067"
    },
    {
      "type": "Feature",
      "properties": {
        "@id": "node/6926808792",
        "addr:district": "Chennai",
        "addr:full": "Old No 3, New 11, North Mada Street, Near Marundeeswarar Temple, Near Thiruvanmiyur Bus Terminus",
        "addr:postcode": "600041",
        "addr:state": "Tamil Nadu",
        "amenity": "hospital",
        "healthcare": "hospital",
        "name": "Starlight Hospitals Pvt Ltd",
        "source": "OpenGovernmentData"
      },
      "geometry": {
        "type": "Point",
        "coordinates": [
          80.2601581,
          12.9864526
        ]
      },
      "id": "node/6926808792"
    },
    {
      "type": "Feature",
      "properties": {
        "@id": "node/6926953017",
        "addr:district": "Chennai",
        "addr:full": "No.43,Second Main Road,R A Puram",
        "addr:postcode": "600028",
        "addr:state": "Tamil Nadu",
        "amenity": "hospital",
        "healthcare": "hospital",
        "name": "Kaliappa Renal Center",
        "source": "OpenGovernmentData"
      },
      "geometry": {
        "type": "Point",
        "coordinates": [
          80.2566481,
          13.0274616
        ]
      },
      "id": "node/6926953017"
    },
    {
      "type": "Feature",
      "properties": {
        "@id": "node/6926953024",
        "addr:district": "Kanchipuram",
        "addr:full": "No 3, Near Jayalakshmi Cinema Hall & St Thomas Mount Railway Station, Medavakkam Main Road, Adambakkam, Chennai - 600088",
        "addr:postcode": "600088",
        "addr:state": "Tamil Nadu",
        "amenity": "hospital",
        "healthcare": "hospital",
        "name": "K P Childrens Hospital And Neuro Centre",
        "source": "OpenGovernmentData"
      },
      "geometry": {
        "type": "Point",
        "coordinates": [
          80.1986745,
          12.9911179
        ]
      },
      "id": "node/6926953024"
    },
    {
      "type": "Feature",
      "properties": {
        "@id": "node/6927267098",
        "addr:district": "Chennai",
        "addr:full": "No 5, Panchaliamman Koil Street, Arumbakkam",
        "addr:postcode": "600106",
        "addr:state": "Tamil Nadu",
        "amenity": "hospital",
        "name": "Ayur Kshetra ( A Unit Of Institute Of Ayurvedic Research Pvt Ltd)",
        "source": "OpenGovernmentData"
      },
      "geometry": {
        "type": "Point",
        "coordinates": [
          80.2107431,
          13.0760812
        ]
      },
      "id": "node/6927267098"
    },
    {
      "type": "Feature",
      "properties": {
        "@id": "node/6927292449",
        "addr:district": "Chennai",
        "addr:full": "No.39, Burkit Road, T. Nagar",
        "addr:postcode": "600017",
        "addr:state": "Tamil Nadu",
        "amenity": "hospital",
        "healthcare": "hospital",
        "name": "Krishna Eye And Ent Hospitals",
        "source": "OpenGovernmentData"
      },
      "geometry": {
        "type": "Point",
        "coordinates": [
          80.2339764,
          13.0343985
        ]
      },
      "id": "node/6927292449"
    },
    {
      "type": "Feature",
      "properties": {
        "@id": "node/6927308315",
        "addr:district": "Chennai",
        "addr:full": "No C 46, Near Chintamani, 2nd Avenue, Anna Nagar East",
        "addr:postcode": "600102",
        "addr:state": "Tamil Nadu",
        "amenity": "hospital",
        "healthcare": "hospital",
        "name": "Vishnu Eye Clinic and Laser Foundation",
        "source": "OpenGovernmentData"
      },
      "geometry": {
        "type": "Point",
        "coordinates": [
          80.2230605,
          13.0842894
        ]
      },
      "id": "node/6927308315"
    },
    {
      "type": "Feature",
      "properties": {
        "@id": "node/6927380447",
        "addr:district": "Chennai",
        "addr:full": "No.159 Lloyds Road , Siva .Ent Hospital Building",
        "addr:postcode": "600014",
        "addr:state": "Tamil Nadu",
        "amenity": "hospital",
        "healthcare": "hospital",
        "name": "Santhigiri Ayurveda and Siddha Hospital, Chennai",
        "source": "OpenGovernmentData"
      },
      "geometry": {
        "type": "Point",
        "coordinates": [
          80.2646568,
          13.0476871
        ]
      },
      "id": "node/6927380447"
    },
    {
      "type": "Feature",
      "properties": {
        "@id": "node/6927647007",
        "addr:district": "Chennai",
        "addr:full": "180, Nsk Salai, Vadapalani",
        "addr:postcode": "600026",
        "addr:state": "Tamil Nadu",
        "amenity": "hospital",
        "healthcare": "hospital",
        "name": "Vijaya Heart Foundation - Vijaya Hospital",
        "source": "OpenGovernmentData"
      },
      "geometry": {
        "type": "Point",
        "coordinates": [
          80.2110462,
          13.054729
        ]
      },
      "id": "node/6927647007"
    },
    {
      "type": "Feature",
      "properties": {
        "@id": "node/6927769046",
        "addr:district": "Chennai",
        "addr:full": "No. 1, 7Th Avenue, Besant Nagar. Near Velankanni Church",
        "addr:postcode": "600020",
        "addr:state": "Tamil Nadu",
        "amenity": "hospital",
        "healthcare": "hospital",
        "name": "Santosh Hospital Pvt Ltd",
        "source": "OpenGovernmentData"
      },
      "geometry": {
        "type": "Point",
        "coordinates": [
          80.2691898,
          12.995229
        ]
      },
      "id": "node/6927769046"
    },
    {
      "type": "Feature",
      "properties": {
        "@id": "node/6928042666",
        "addr:district": "Chennai",
        "addr:full": "No.107, A Block, 3rd Avenue, Anna Nagar Roundana",
        "addr:postcode": "600102",
        "addr:state": "Tamil Nadu",
        "addr:subdistrict": "Anna Nagar",
        "amenity": "hospital",
        "email": "annanagar@dragarwal.com",
        "healthcare": "hospital",
        "name": "Dr.Agarwal's Eye Hospital Ltd., Anna Nagar",
        "operator": "Dr. Agarwal's Eye Hospital",
        "operator:type": "private",
        "operator:wikidata": "Q17052044",
        "source": "OpenGovernmentData",
        "website": "https://www.dragarwal.com/"
      },
      "geometry": {
        "type": "Point",
        "coordinates": [
          80.2219681,
          13.0847414
        ]
      },
      "id": "node/6928042666"
    },
    {
      "type": "Feature",
      "properties": {
        "@id": "node/6928094720",
        "addr:district": "Chennai",
        "addr:full": "No.-4, 100 Feet Road, Tansi Nagar, Velachery",
        "addr:postcode": "600042",
        "addr:state": "Tamil Nadu",
        "amenity": "hospital",
        "healthcare": "hospital",
        "name": "Athipathi Hospital and Research Centre",
        "source": "OpenGovernmentData"
      },
      "geometry": {
        "type": "Point",
        "coordinates": [
          80.2222002,
          12.9762711
        ]
      },
      "id": "node/6928094720"
    },
    {
      "type": "Feature",
      "properties": {
        "@id": "node/6928167787",
        "addr:district": "Chennai",
        "addr:full": "19, K.B Dasan Road (SIET College Road), Alwarpet",
        "addr:postcode": "600018",
        "addr:state": "Tamil Nadu",
        "addr:subdistrict": "Alwarpet",
        "amenity": "hospital",
        "email": "enquiry@girishwarihospital.com",
        "healthcare": "hospital",
        "name": "Girishwari Hospital Pvt Ltd",
        "operator:type": "private",
        "source": "OpenGovernmentData",
        "website": "https://girishwarihospital.com/"
      },
      "geometry": {
        "type": "Point",
        "coordinates": [
          80.2519137,
          13.0349787
        ]
      },
      "id": "node/6928167787"
    },
    {
      "type": "Feature",
      "properties": {
        "@id": "node/6928327073",
        "addr:district": "Chennai",
        "addr:full": "N0:532, Suriya Narayana Street, Royapuram",
        "addr:postcode": "600012",
        "addr:state": "Tamil Nadu",
        "amenity": "hospital",
        "healthcare": "hospital",
        "name": "Sri Kumaran Multi Speciality Hospital",
        "source": "OpenGovernmentData"
      },
      "geometry": {
        "type": "Point",
        "coordinates": [
          80.2923614,
          13.1152895
        ]
      },
      "id": "node/6928327073"
    },
    {
      "type": "Feature",
      "properties": {
        "@id": "node/6928384708",
        "addr:district": "Chennai",
        "addr:full": "No. 03 2nd Link Street. Cit Colony",
        "addr:postcode": "600004",
        "addr:state": "Tamil Nadu",
        "amenity": "hospital",
        "healthcare": "hospital",
        "name": "Dr. K Ravi Eye Care",
        "source": "OpenGovernmentData"
      },
      "geometry": {
        "type": "Point",
        "coordinates": [
          80.2618016,
          13.0407013
        ]
      },
      "id": "node/6928384708"
    },
    {
      "type": "Feature",
      "properties": {
        "@id": "node/6928727073",
        "addr:district": "Chennai",
        "addr:full": "15, P.S.Sivasamy Salai, Off Dr.Radhakrishnan Raod) Mylapore",
        "addr:postcode": "600004",
        "addr:state": "Tamil Nadu",
        "amenity": "hospital",
        "healthcare": "hospital",
        "name": "Madras Ent Research Foundation",
        "source": "OpenGovernmentData"
      },
      "geometry": {
        "type": "Point",
        "coordinates": [
          80.2541439,
          13.0268688
        ]
      },
      "id": "node/6928727073"
    },
    {
      "type": "Feature",
      "properties": {
        "@id": "node/6928752799",
        "addr:district": "Chennai",
        "addr:full": "6B, Conran Smith Road, Gopalapuram",
        "addr:postcode": "600086",
        "addr:state": "Tamil Nadu",
        "amenity": "hospital",
        "healthcare": "hospital",
        "healthcare:speciality": "multi speciality",
        "name": "Dr. Mohans Mv Diabetes Specialities Centre - Chennai",
        "source": "OpenGovernmentData"
      },
      "geometry": {
        "type": "Point",
        "coordinates": [
          80.257671,
          13.0541946
        ]
      },
      "id": "node/6928752799"
    },
    {
      "type": "Feature",
      "properties": {
        "@id": "node/6928779096",
        "addr:district": "Chennai",
        "addr:full": "Rajiv Gandhi Salai, Old Mahabalipuram Road",
        "addr:postcode": "603103",
        "addr:state": "Tamil Nadu",
        "addr:subdistrict": "Kelambakkam",
        "amenity": "hospital",
        "email": "cssh@chettinadhealthcity.com",
        "healthcare": "hospital",
        "name": "Chettinad Super Speciality Hospital",
        "operator:type": "private",
        "source": "OpenGovernmentData",
        "website": "http://www.chettinadhealthcity.com/"
      },
      "geometry": {
        "type": "Point",
        "coordinates": [
          80.228211,
          12.9109406
        ]
      },
      "id": "node/6928779096"
    },
    {
      "type": "Feature",
      "properties": {
        "@id": "node/6928878284",
        "addr:district": "Chennai",
        "addr:full": "47/3, New Avadi Road,Near Kilpauk Post Office",
        "addr:postcode": "600010",
        "addr:state": "Tamil Nadu",
        "amenity": "hospital",
        "healthcare": "hospital",
        "name": "Lifeline Rigid Hospital",
        "source": "OpenGovernmentData"
      },
      "geometry": {
        "type": "Point",
        "coordinates": [
          80.2336988,
          13.0780204
        ]
      },
      "id": "node/6928878284"
    },
    {
      "type": "Feature",
      "properties": {
        "@id": "node/6928899364",
        "addr:district": "Chennai",
        "addr:full": "#729, P.H. Road, ,Near Pachaiappa's College,Aminjikarai",
        "addr:postcode": "600029",
        "addr:state": "Tamil Nadu",
        "amenity": "hospital",
        "healthcare": "hospital",
        "name": "Dr. Seshiah Diabetes Research Institute and Dr. Balaji Diabetes Care Centre",
        "source": "OpenGovernmentData",
        "wikidata": "Q30269766"
      },
      "geometry": {
        "type": "Point",
        "coordinates": [
          80.2299839,
          13.0748591
        ]
      },
      "id": "node/6928899364"
    },
    {
      "type": "Feature",
      "properties": {
        "@id": "node/6928920472",
        "addr:district": "Chennai",
        "addr:full": "6/13, 3rd Cross Street, Kasthuribai Nagar, Adyar",
        "addr:postcode": "600020",
        "addr:state": "Tamil Nadu",
        "amenity": "hospital",
        "email": "info@drkmh.com",
        "healthcare": "hospital",
        "name": "Dr.Kamakshi Memorial Hospital",
        "operator:type": "private",
        "source": "OpenGovernmentData",
        "website": "https://www.drkmh.com/"
      },
      "geometry": {
        "type": "Point",
        "coordinates": [
          80.2520867,
          13.0022187
        ]
      },
      "id": "node/6928920472"
    },
    {
      "type": "Feature",
      "properties": {
        "@id": "node/6928920473",
        "addr:district": "Chennai",
        "addr:full": "No.10/11, Madley Road, T.Nagar",
        "addr:postcode": "600017",
        "addr:state": "Tamil Nadu",
        "amenity": "hospital",
        "healthcare": "hospital",
        "name": "Dr.Duraiswami Eye Hospital",
        "source": "OpenGovernmentData"
      },
      "geometry": {
        "type": "Point",
        "coordinates": [
          80.2279374,
          13.034051
        ]
      },
      "id": "node/6928920473"
    },
    {
      "type": "Feature",
      "properties": {
        "@id": "node/6928936148",
        "addr:district": "Chennai",
        "addr:full": "27, 100 Feet Road, Taramani Link Road, Velacherry",
        "addr:postcode": "600042",
        "addr:state": "Tamil Nadu",
        "amenity": "hospital",
        "healthcare": "hospital",
        "name": "Dr.Agarwals Eye Hospital - Velacherry",
        "operator": "Dr. Agarwal's Eye Hospital",
        "operator:type": "private",
        "operator:wikidata": "Q17052044",
        "source": "OpenGovernmentData"
      },
      "geometry": {
        "type": "Point",
        "coordinates": [
          80.217509,
          12.9832366
        ]
      },
      "id": "node/6928936148"
    },
    {
      "type": "Feature",
      "properties": {
        "@id": "node/6928936149",
        "addr:city": "Chennai",
        "addr:district": "Kanchipuram",
        "addr:full": "Ophthalmology Department, Margaret Sydney Hospital, 13,2nd Street, Nanganallur",
        "addr:postcode": "600061",
        "addr:state": "Tamil Nadu",
        "amenity": "hospital",
        "healthcare": "hospital",
        "name": "Dr.Agarwal's Eye Hospital Ltd, Nanganallur",
        "operator": "Dr. Agarwal's Eye Hospital",
        "operator:type": "private",
        "operator:wikidata": "Q17052044",
        "source": "OpenGovernmentData"
      },
      "geometry": {
        "type": "Point",
        "coordinates": [
          80.1891661,
          12.9827844
        ]
      },
      "id": "node/6928936149"
    },
    {
      "type": "Feature",
      "properties": {
        "@id": "node/6928936160",
        "addr:district": "Chennai",
        "addr:full": "56,(Old No.105), G.N. Chetty Road, First Floor, T.Nagar",
        "addr:postcode": "600017",
        "addr:state": "Tamil Nadu",
        "amenity": "hospital",
        "healthcare": "hospital",
        "name": "Dr. Udhaya Rajas Dental Centre",
        "source": "OpenGovernmentData"
      },
      "geometry": {
        "type": "Point",
        "coordinates": [
          80.2422899,
          13.0465492
        ]
      },
      "id": "node/6928936160"
    },
    {
      "type": "Feature",
      "properties": {
        "@id": "node/6929255218",
        "addr:district": "Chennai",
        "addr:full": "46, S.R.P. Kil Street(North) T.V.K.Nagar",
        "addr:postcode": "600082",
        "addr:state": "Tamil Nadu",
        "amenity": "hospital",
        "healthcare": "hospital",
        "name": "Sri Bala Nursing Home",
        "source": "OpenGovernmentData"
      },
      "geometry": {
        "type": "Point",
        "coordinates": [
          80.2318051,
          13.1183119
        ]
      },
      "id": "node/6929255218"
    },
    {
      "type": "Feature",
      "properties": {
        "@id": "node/6929259906",
        "addr:block": "Chennai Zone X",
        "addr:district": "Chennai",
        "addr:full": "Near Srinivasa Theatre, West Mambalam, Govindan Road",
        "addr:postcode": "600033",
        "addr:state": "Tamil Nadu",
        "amenity": "hospital",
        "check_date": "2024-04-16",
        "healthcare": "hospital",
        "name": "Lakshmi Hospital",
        "source": "OpenGovernmentData"
      },
      "geometry": {
        "type": "Point",
        "coordinates": [
          80.2218689,
          13.0314888
        ]
      },
      "id": "node/6929259906"
    },
    {
      "type": "Feature",
      "properties": {
        "@id": "node/6929266356",
        "addr:district": "Kanchipuram",
        "addr:full": "168, Chandrasekaran Avenue, O.M.R, Thoraipakkam , Opposite To P.T.C Bus Stop",
        "addr:postcode": "600096",
        "addr:state": "Tamil Nadu",
        "amenity": "hospital",
        "healthcare": "hospital",
        "name": "Nanthini Hospital",
        "source": "OpenGovernmentData"
      },
      "geometry": {
        "type": "Point",
        "coordinates": [
          80.2320063,
          12.9326457
        ]
      },
      "id": "node/6929266356"
    },
    {
      "type": "Feature",
      "properties": {
        "@id": "node/6929359057",
        "addr:block": "Chennai Zone Ix",
        "addr:district": "Chennai",
        "addr:full": "Gopathi Narayanaswami Chetty Rd, Satyamurthy Nagar, T. Nagar",
        "addr:postcode": "600017",
        "addr:state": "Tamil Nadu",
        "amenity": "hospital",
        "healthcare": "hospital",
        "name": "Bharathirajaa Hospital and Research centre",
        "source": "OpenGovernmentData"
      },
      "geometry": {
        "type": "Point",
        "coordinates": [
          80.245015,
          13.0480981
        ]
      },
      "id": "node/6929359057"
    },
    {
      "type": "Feature",
      "properties": {
        "@id": "node/6929359073",
        "addr:district": "Chennai",
        "addr:full": "72, Spur Tank Road,Chetpet",
        "addr:postcode": "600031",
        "addr:state": "Tamil Nadu",
        "amenity": "hospital",
        "healthcare": "hospital",
        "name": "Bethany Health Care Centre",
        "source": "OpenGovernmentData"
      },
      "geometry": {
        "type": "Point",
        "coordinates": [
          80.2444142,
          13.0699812
        ]
      },
      "id": "node/6929359073"
    },
    {
      "type": "Feature",
      "properties": {
        "@id": "node/6929359084",
        "addr:district": "Chennai",
        "addr:full": "No.142, M.S. Koil Street, Royapuram",
        "addr:postcode": "600013",
        "addr:state": "Tamil Nadu",
        "amenity": "hospital",
        "healthcare": "hospital",
        "name": "Bhagwan Mahaveer Eye Hospital",
        "source": "OpenGovernmentData"
      },
      "geometry": {
        "type": "Point",
        "coordinates": [
          80.2917197,
          13.1105084
        ]
      },
      "id": "node/6929359084"
    },
    {
      "type": "Feature",
      "properties": {
        "@id": "node/6929372896",
        "addr:district": "Chennai",
        "addr:full": "72, I Main Road,Naganallur",
        "addr:housenumber": "72",
        "addr:postcode": "600061",
        "addr:state": "Tamil Nadu",
        "addr:street": "Nanganallur 1st Main Road",
        "amenity": "hospital",
        "healthcare": "hospital",
        "name": "Bharath Hospital",
        "opening_hours": "24/7",
        "phone": "+91 44 2224 6481;+91 44 2224 6789;+91 98419 72378",
        "source": "OpenGovernmentData",
        "website": "http://www.bharathhospital.in"
      },
      "geometry": {
        "type": "Point",
        "coordinates": [
          80.1937835,
          12.9823277
        ]
      },
      "id": "node/6929372896"
    },
    {
      "type": "Feature",
      "properties": {
        "@id": "node/6929398895",
        "addr:block": "Chennai Zone Ix",
        "addr:district": "Chennai",
        "addr:full": "No:33, Near Alwarpet Signal, Mylapore, Desikan Road",
        "addr:postcode": "600004",
        "addr:state": "Tamil Nadu",
        "amenity": "hospital",
        "healthcare": "hospital",
        "name": "Trinity Acute Care Hospital - Chennai",
        "source": "OpenGovernmentData"
      },
      "geometry": {
        "type": "Point",
        "coordinates": [
          80.2582785,
          13.0382607
        ]
      },
      "id": "node/6929398895"
    },
    {
      "type": "Feature",
      "properties": {
        "@id": "node/6929592168",
        "addr:district": "Chennai",
        "addr:full": "11, Sastri 1st Cross Street, Kaveri Nagar Saidapet",
        "addr:postcode": "600015",
        "addr:state": "Tamil Nadu",
        "amenity": "hospital",
        "healthcare": "hospital",
        "name": "Balakrishna Eye Hospital",
        "source": "OpenGovernmentData"
      },
      "geometry": {
        "type": "Point",
        "coordinates": [
          80.2269866,
          13.0274436
        ]
      },
      "id": "node/6929592168"
    },
    {
      "type": "Feature",
      "properties": {
        "@id": "node/6929625895",
        "addr:district": "Chennai",
        "addr:full": "200, Ramakrishnan Mutt Road, Mandaveli",
        "addr:postcode": "600028",
        "addr:state": "Tamil Nadu",
        "amenity": "hospital",
        "check_date": "2024-05-21",
        "emergency": "yes",
        "healthcare": "hospital",
        "internet_access": "no",
        "name": "B.S.S. Hospital",
        "name:en": "B.S.S. Hospital",
        "payment:cash": "yes",
        "payment:credit_cards": "yes",
        "payment:debit_cards": "yes",
        "source": "OpenGovernmentData",
        "wheelchair": "yes"
      },
      "geometry": {
        "type": "Point",
        "coordinates": [
          80.2655232,
          13.026013
        ]
      },
      "id": "node/6929625895"
    },
    {
      "type": "Feature",
      "properties": {
        "@id": "node/6929625901",
        "addr:block": "Chennai Zone Ix",
        "addr:district": "Chennai",
        "addr:full": "No: 28, Cathedral Gardens Road, Next Hotel Palm Grove, Nungambakkam",
        "addr:postcode": "600034",
        "addr:state": "Tamil Nadu",
        "amenity": "hospital",
        "healthcare": "hospital",
        "name": "B.R.S. Hospital Pvt. Ltd.",
        "source": "OpenGovernmentData"
      },
      "geometry": {
        "type": "Point",
        "coordinates": [
          80.2454831,
          13.0519442
        ]
      },
      "id": "node/6929625901"
    },
    {
      "type": "Feature",
      "properties": {
        "@id": "node/6929731466",
        "addr:district": "Chennai",
        "addr:full": "Old No 32, New No 12, Conran Smith Road, Gopalapuram",
        "addr:postcode": "600086",
        "addr:state": "Tamil Nadu",
        "amenity": "hospital",
        "healthcare": "hospital",
        "name": "Harvey Healthcare Limited",
        "source": "OpenGovernmentData"
      },
      "geometry": {
        "type": "Point",
        "coordinates": [
          80.2558136,
          13.037303
        ]
      },
      "id": "node/6929731466"
    },
    {
      "type": "Feature",
      "properties": {
        "@id": "node/6929737121",
        "addr:district": "Chennai",
        "addr:full": "No.30C, Cathedral Garden Road, Nungambakkam",
        "addr:postcode": "600034",
        "addr:state": "Tamil Nadu",
        "amenity": "hospital",
        "healthcare": "hospital",
        "name": "Chitra's Ent Laser Hospital",
        "source": "OpenGovernmentData"
      },
      "geometry": {
        "type": "Point",
        "coordinates": [
          80.2476483,
          13.0518247
        ]
      },
      "id": "node/6929737121"
    },
    {
      "type": "Feature",
      "properties": {
        "@id": "node/6929969774",
        "addr:district": "Chennai",
        "addr:full": "Mangesh Street, T Nagar",
        "addr:postcode": "600017",
        "addr:state": "Tamil Nadu",
        "amenity": "hospital",
        "healthcare": "hospital",
        "name": "Kottakkal Arya Vaidya Sala",
        "source": "OpenGovernmentData"
      },
      "geometry": {
        "type": "Point",
        "coordinates": [
          80.2313016,
          13.0395483
        ]
      },
      "id": "node/6929969774"
    },
    {
      "type": "Feature",
      "properties": {
        "@id": "node/6930163091",
        "addr:block": "Chennai Zone X",
        "addr:district": "Chennai",
        "addr:full": "Door No.1, 40Th Street, 1St Floor, Opposite To Jfa, Near Ashok Nagar",
        "addr:postcode": "600083",
        "addr:state": "Tamil Nadu",
        "amenity": "hospital",
        "healthcare": "hospital",
        "name": "Je Nesam Hospital",
        "source": "OpenGovernmentData"
      },
      "geometry": {
        "type": "Point",
        "coordinates": [
          80.2146873,
          13.0405732
        ]
      },
      "id": "node/6930163091"
    },
    {
      "type": "Feature",
      "properties": {
        "@id": "node/6930163175",
        "addr:district": "Chennai",
        "addr:full": "148, Luz Church Road Mylapore",
        "addr:postcode": "600004",
        "addr:state": "Tamil Nadu",
        "amenity": "hospital",
        "healthcare": "hospital",
        "name": "Chennai Meenakshi Multispeciality Hospital Ltd",
        "source": "OpenGovernmentData"
      },
      "geometry": {
        "type": "Point",
        "coordinates": [
          80.2619625,
          13.0376198
        ]
      },
      "id": "node/6930163175"
    },
    {
      "type": "Feature",
      "properties": {
        "@id": "node/6930188138",
        "addr:district": "Chennai",
        "addr:full": "No:12/2, Bagirathi Ammal Street, C P Ramasamy Road, R.A.Puram",
        "addr:postcode": "600028",
        "addr:state": "Tamil Nadu",
        "amenity": "hospital",
        "healthcare": "hospital",
        "name": "Chennai Skin Foundation and Yesudian Research Institute",
        "source": "OpenGovernmentData"
      },
      "geometry": {
        "type": "Point",
        "coordinates": [
          80.2592924,
          13.0210394
        ]
      },
      "id": "node/6930188138"
    },
    {
      "type": "Feature",
      "properties": {
        "@id": "node/6930467954",
        "addr:district": "Chennai",
        "addr:full": "6,Kanniamman,Koil Street,Shenoy Nagar",
        "addr:postcode": "600032",
        "addr:state": "Tamil Nadu",
        "amenity": "hospital",
        "healthcare": "hospital",
        "name": "Dr.Mu.Va.Hospital",
        "source": "OpenGovernmentData"
      },
      "geometry": {
        "type": "Point",
        "coordinates": [
          80.228278,
          13.0743327
        ]
      },
      "id": "node/6930467954"
    },
    {
      "type": "Feature",
      "properties": {
        "@id": "node/6931566251",
        "addr:district": "Chennai",
        "addr:full": "19/10, Thayar Street, Mount Road",
        "addr:postcode": "600002",
        "addr:state": "Tamil Nadu",
        "amenity": "hospital",
        "healthcare": "hospital",
        "name": "Mysaan Hospital",
        "source": "OpenGovernmentData"
      },
      "geometry": {
        "type": "Point",
        "coordinates": [
          80.2705644,
          13.0641326
        ]
      },
      "id": "node/6931566251"
    },
    {
      "type": "Feature",
      "properties": {
        "@id": "node/6931658649",
        "addr:district": "Kanchipuram",
        "addr:full": "No-4, Lal Bahadur Sastry Street Sathya Garden, Saligramam",
        "addr:postcode": "600043",
        "addr:state": "Tamil Nadu",
        "amenity": "hospital",
        "healthcare": "hospital",
        "name": "V H M Hospitals Pvt Ltd",
        "source": "OpenGovernmentData"
      },
      "geometry": {
        "type": "Point",
        "coordinates": [
          80.1979979,
          13.0462892
        ]
      },
      "id": "node/6931658649"
    },
    {
      "type": "Feature",
      "properties": {
        "@id": "node/6931772941",
        "addr:district": "Chennai",
        "addr:full": "162/16 Mangalam Colony 7Th Avennue Anna Nagar",
        "addr:postcode": "600040",
        "addr:state": "Tamil Nadu",
        "amenity": "hospital",
        "healthcare": "hospital",
        "name": "Robin and Robin Health Care",
        "source": "OpenGovernmentData"
      },
      "geometry": {
        "type": "Point",
        "coordinates": [
          80.1989025,
          13.0807741
        ]
      },
      "id": "node/6931772941"
    },
    {
      "type": "Feature",
      "properties": {
        "@id": "node/6932068862",
        "addr:district": "Chennai",
        "addr:full": "W-98, Second Avenue Anna Nagar",
        "addr:postcode": "600040",
        "addr:state": "Tamil Nadu",
        "amenity": "hospital",
        "healthcare": "hospital",
        "name": "West Madras Medical Centre",
        "source": "OpenGovernmentData"
      },
      "geometry": {
        "type": "Point",
        "coordinates": [
          80.215956,
          13.0850496
        ]
      },
      "id": "node/6932068862"
    },
    {
      "type": "Feature",
      "properties": {
        "@id": "node/6932103990",
        "addr:district": "Chennai",
        "addr:full": "#81, Ttk Road,Alwarpet",
        "addr:postcode": "600018",
        "addr:state": "Tamil Nadu",
        "amenity": "hospital",
        "healthcare": "hospital",
        "name": "Kauvery Hospital, Chennai",
        "source": "OpenGovernmentData"
      },
      "geometry": {
        "type": "Point",
        "coordinates": [
          80.2568208,
          13.0390564
        ]
      },
      "id": "node/6932103990"
    },
    {
      "type": "Feature",
      "properties": {
        "@id": "node/6932138889",
        "addr:district": "Chennai",
        "addr:full": "63, Old No. 102, Q Block, 3Road Avenue , Annanagar",
        "addr:postcode": "600040",
        "addr:state": "Tamil Nadu",
        "amenity": "hospital",
        "healthcare": "hospital",
        "name": "Rathi Med Speciality Hospital",
        "source": "OpenGovernmentData"
      },
      "geometry": {
        "type": "Point",
        "coordinates": [
          80.2179844,
          13.0916495
        ]
      },
      "id": "node/6932138889"
    },
    {
      "type": "Feature",
      "properties": {
        "@id": "node/6932203729",
        "addr:city": "சென்னை - Chennai",
        "addr:district": "Chennai",
        "addr:full": "#18, East Coast Road,Near Neelangarai Bus Stop,Neelangarai",
        "addr:postcode": "600115",
        "addr:state": "Tamil Nadu",
        "addr:street": "East Coast Road SH49",
        "amenity": "hospital",
        "emergency": "yes",
        "healthcare": "hospital",
        "healthcare:speciality": "general",
        "name": "Santhi Hospital",
        "operator": "Private",
        "operator:type": "private",
        "source": "local knowledge"
      },
      "geometry": {
        "type": "Point",
        "coordinates": [
          80.255186,
          12.9507835
        ]
      },
      "id": "node/6932203729"
    },
    {
      "type": "Feature",
      "properties": {
        "@id": "node/6932740110",
        "addr:district": "Chennai",
        "addr:full": "W - 98, Second Avenue West Madras Medical Centre",
        "addr:postcode": "600040",
        "addr:state": "Tamil Nadu",
        "amenity": "hospital",
        "healthcare": "hospital",
        "name": "Sunder Eye Hospital",
        "source": "OpenGovernmentData"
      },
      "geometry": {
        "type": "Point",
        "coordinates": [
          80.2159721,
          13.08497
        ]
      },
      "id": "node/6932740110"
    },
    {
      "type": "Feature",
      "properties": {
        "@id": "node/6932938089",
        "addr:district": "Chennai",
        "addr:full": "No.15, P.S.Sivasamy Salai Road, P.S.Sivasamy Salai",
        "addr:postcode": "600004",
        "addr:state": "Tamil Nadu",
        "addr:subdistrict": "Mylapore",
        "amenity": "hospital",
        "email": "admin@lakshahospitals.com; stemcell@lakshahospitals.com",
        "healthcare": "hospital",
        "name": "Laksha Hospital",
        "operator:type": "private",
        "source": "OpenGovernmentData",
        "website": "http://www.lakshahospitals.com/"
      },
      "geometry": {
        "type": "Point",
        "coordinates": [
          80.2636349,
          13.0435469
        ]
      },
      "id": "node/6932938089"
    },
    {
      "type": "Feature",
      "properties": {
        "@id": "node/6932966221",
        "addr:district": "Chennai",
        "addr:full": "No.18, Tana Street, Purasawalkam",
        "addr:postcode": "600007",
        "addr:state": "Tamil Nadu",
        "amenity": "hospital",
        "healthcare": "hospital",
        "name": "Narayanaa Hospital",
        "source": "OpenGovernmentData"
      },
      "geometry": {
        "type": "Point",
        "coordinates": [
          80.2547595,
          13.0893773
        ]
      },
      "id": "node/6932966221"
    },
    {
      "type": "Feature",
      "properties": {
        "@id": "node/6933010451",
        "addr:block": "Chennai Zone Ix",
        "addr:district": "Chennai",
        "addr:full": "38/56, Near Bank Of Baroda, Venkata Krishna Road, Jeth Nagar, Mandaveli",
        "addr:postcode": "600028",
        "addr:state": "Tamil Nadu",
        "amenity": "hospital",
        "check_date": "2024-05-22",
        "name": "Janamma Hospital",
        "name:en": "Janamma Hospital",
        "source": "OpenGovernmentData"
      },
      "geometry": {
        "type": "Point",
        "coordinates": [
          80.2623196,
          13.0269457
        ]
      },
      "id": "node/6933010451"
    },
    {
      "type": "Feature",
      "properties": {
        "@id": "node/6933016136",
        "addr:district": "Chennai",
        "addr:full": "4 Adiappa Mudali Street,Purasaiwalkam Flowers Road",
        "addr:postcode": "600084",
        "addr:state": "Tamil Nadu",
        "amenity": "hospital",
        "healthcare": "hospital",
        "name": "Noble Hospital, Chennai",
        "source": "OpenGovernmentData"
      },
      "geometry": {
        "type": "Point",
        "coordinates": [
          80.253244,
          13.0821536
        ]
      },
      "id": "node/6933016136"
    },
    {
      "type": "Feature",
      "properties": {
        "@id": "node/6933038486",
        "addr:district": "Chennai",
        "addr:full": "New No.303,Old No.99, T.H.Road",
        "addr:postcode": "600081",
        "addr:state": "Tamil Nadu",
        "amenity": "hospital",
        "healthcare": "hospital",
        "name": "J.K. Hospital, Chennai",
        "source": "OpenGovernmentData"
      },
      "geometry": {
        "type": "Point",
        "coordinates": [
          80.2934799,
          13.1354513
        ]
      },
      "id": "node/6933038486"
    },
    {
      "type": "Feature",
      "properties": {
        "@id": "node/6933038566",
        "addr:district": "Chennai",
        "addr:full": "No 5 School View Road R K Nagar",
        "addr:postcode": "600028",
        "addr:state": "Tamil Nadu",
        "amenity": "hospital",
        "healthcare": "hospital",
        "name": "Indira Eye Hospital",
        "source": "OpenGovernmentData"
      },
      "geometry": {
        "type": "Point",
        "coordinates": [
          80.2622388,
          13.0222055
        ]
      },
      "id": "node/6933038566"
    },
    {
      "type": "Feature",
      "properties": {
        "@id": "node/6933038567",
        "addr:district": "Chennai",
        "addr:full": "No. 1051, P.H.Road, Arumbakkam",
        "addr:postcode": "600006",
        "addr:state": "Tamil Nadu",
        "amenity": "hospital",
        "name": "Indian Hospitals",
        "source": "OpenGovernmentData"
      },
      "geometry": {
        "type": "Point",
        "coordinates": [
          80.2057502,
          13.0766658
        ]
      },
      "id": "node/6933038567"
    },
    {
      "type": "Feature",
      "properties": {
        "@id": "node/6933130958",
        "addr:district": "Chennai",
        "addr:full": "No.4, West Mada Church Street",
        "addr:postcode": "600013",
        "addr:state": "Tamil Nadu",
        "addr:subdistrict": "Royapuram",
        "amenity": "hospital",
        "email": "drvijay@mvdiabetes.com; appointments@mvdiabetes.com",
        "healthcare": "hospital",
        "name": "Diabetes Research Centre and M.V.Hospital For Diabetes",
        "operator:type": "private",
        "source": "OpenGovernmentData",
        "website": "https://www.mvdiabetes.com/",
        "wikidata": "Q30270047"
      },
      "geometry": {
        "type": "Point",
        "coordinates": [
          80.2952072,
          13.1119458
        ]
      },
      "id": "node/6933130958"
    },
    {
      "type": "Feature",
      "properties": {
        "@id": "node/6933279103",
        "addr:district": "Chennai",
        "addr:full": "No 20, Thamirabarani Towers, Ecr Road, Kabaliswarer Nagar, Neelankarai",
        "addr:postcode": "600041",
        "addr:state": "Tamil Nadu",
        "amenity": "hospital",
        "healthcare": "hospital",
        "name": "Vasan Eye Care Hospital, Neelankarai",
        "source": "OpenGovernmentData"
      },
      "geometry": {
        "type": "Point",
        "coordinates": [
          80.2551001,
          12.9504267
        ]
      },
      "id": "node/6933279103"
    },
    {
      "type": "Feature",
      "properties": {
        "@id": "node/6933370913",
        "addr:district": "Chennai",
        "addr:full": "154, Poonta Nala High. Road,Kilpauk, Near , K.Mc. Hospital",
        "addr:postcode": "600010",
        "addr:state": "Tamil Nadu",
        "alt_name": "Apollo FirstMed",
        "amenity": "hospital",
        "healthcare": "hospital",
        "name": "Apollo First Medical Foundation",
        "source": "OpenGovernmentData"
      },
      "geometry": {
        "type": "Point",
        "coordinates": [
          80.2459216,
          13.0776912
        ]
      },
      "id": "node/6933370913"
    },
    {
      "type": "Feature",
      "properties": {
        "@id": "node/6933510851",
        "addr:district": "Chennai",
        "addr:full": "10-A, Dr. Guruswamy Road, Chetpet",
        "addr:postcode": "600031",
        "addr:state": "Tamil Nadu",
        "amenity": "hospital",
        "healthcare": "hospital",
        "name": "Josephs Nursing Home",
        "source": "OpenGovernmentData"
      },
      "geometry": {
        "type": "Point",
        "coordinates": [
          80.2357346,
          13.0739408
        ]
      },
      "id": "node/6933510851"
    },
    {
      "type": "Feature",
      "properties": {
        "@id": "node/6933510877",
        "addr:district": "Chennai",
        "addr:full": "No-58, M G Road, Thiruvanmiyur",
        "addr:postcode": "600041",
        "addr:state": "Tamil Nadu",
        "amenity": "hospital",
        "healthcare": "hospital",
        "name": "Jayam Polyclinc",
        "source": "OpenGovernmentData"
      },
      "geometry": {
        "type": "Point",
        "coordinates": [
          80.2603345,
          12.9958562
        ]
      },
      "id": "node/6933510877"
    },
    {
      "type": "Feature",
      "properties": {
        "@id": "node/6933514287",
        "addr:district": "Chennai",
        "addr:full": "No : 814, Poonamallee High Road ., Kilpauk",
        "addr:postcode": "600010",
        "addr:state": "Tamil Nadu",
        "amenity": "hospital",
        "healthcare": "hospital",
        "name": "Jayadev Polyclinic Hospital",
        "source": "OpenGovernmentData"
      },
      "geometry": {
        "type": "Point",
        "coordinates": [
          80.2415295,
          13.0778545
        ]
      },
      "id": "node/6933514287"
    },
    {
      "type": "Feature",
      "properties": {
        "@id": "node/6933522070",
        "addr:district": "Chennai",
        "addr:full": "67/79, Choolaimedu High Road",
        "addr:postcode": "600094",
        "addr:state": "Tamil Nadu",
        "addr:subdistrict": "Choolaimedu",
        "amenity": "hospital",
        "email": "murugesankumaran@hotmail.com",
        "healthcare": "hospital",
        "name": "Kummaran Eye Speciality Centre",
        "operator:type": "private",
        "source": "OpenGovernmentData",
        "website": "http://www.kumaraneyecare.in/"
      },
      "geometry": {
        "type": "Point",
        "coordinates": [
          80.2302911,
          13.0600349
        ]
      },
      "id": "node/6933522070"
    },
    {
      "type": "Feature",
      "properties": {
        "@id": "node/6933523232",
        "addr:block": "Chennai Zone Iv",
        "addr:district": "Chennai",
        "addr:full": "Moolakadai Junction, Moolkadai, Gnt Road, Moolakadai",
        "addr:postcode": "600060",
        "addr:state": "Tamil Nadu",
        "amenity": "hospital",
        "healthcare": "hospital",
        "name": "Kvt Health Centre",
        "source": "OpenGovernmentData"
      },
      "geometry": {
        "type": "Point",
        "coordinates": [
          80.2421558,
          13.1282303
        ]
      },
      "id": "node/6933523232"
    },
    {
      "type": "Feature",
      "properties": {
        "@id": "node/6933737012",
        "addr:block": "Chennai Zone I",
        "addr:district": "Chennai",
        "addr:full": "583, Thiruvottiyur High Road, Near Apollo, Tondiarpet",
        "addr:postcode": "600081",
        "addr:state": "Tamil Nadu",
        "amenity": "hospital",
        "healthcare": "hospital",
        "name": "Ezhil Hospital",
        "source": "OpenGovernmentData"
      },
      "geometry": {
        "type": "Point",
        "coordinates": [
          80.2916855,
          13.1302259
        ]
      },
      "id": "node/6933737012"
    },
    {
      "type": "Feature",
      "properties": {
        "@id": "node/6933757130",
        "addr:district": "Chennai",
        "addr:full": "B-Block,1/2 Second Avenue,Anna Nagar",
        "addr:postcode": "600102",
        "addr:state": "Tamil Nadu",
        "amenity": "hospital",
        "healthcare": "hospital",
        "name": "Premier Health Center",
        "source": "OpenGovernmentData"
      },
      "geometry": {
        "type": "Point",
        "coordinates": [
          80.220851,
          13.0842489
        ]
      },
      "id": "node/6933757130"
    },
    {
      "type": "Feature",
      "properties": {
        "@id": "node/6933794368",
        "addr:district": "Chennai",
        "addr:full": "13, East Spurtank Road, Chetpet",
        "addr:postcode": "600031",
        "addr:state": "Tamil Nadu",
        "amenity": "hospital",
        "healthcare": "hospital",
        "name": "Vasantha Subramanian Hospitals Pvt Ltd",
        "source": "OpenGovernmentData"
      },
      "geometry": {
        "type": "Point",
        "coordinates": [
          80.2527237,
          13.0731975
        ]
      },
      "id": "node/6933794368"
    },
    {
      "type": "Feature",
      "properties": {
        "@id": "node/6933802716",
        "addr:district": "Chennai",
        "addr:full": "New No 976, Old No 447, T H Road,Old Washermenpet, Opp To Nirmala Silks,Tondiarpet",
        "addr:postcode": "600021",
        "addr:state": "Tamil Nadu",
        "amenity": "hospital",
        "healthcare": "hospital",
        "name": "Vasan Eye Care Hospital, Tondiarpet",
        "source": "OpenGovernmentData"
      },
      "geometry": {
        "type": "Point",
        "coordinates": [
          80.2812195,
          13.1109009
        ]
      },
      "id": "node/6933802716"
    },
    {
      "type": "Feature",
      "properties": {
        "@id": "node/6933828333",
        "addr:district": "Chennai",
        "addr:full": "5 Kannadasan St.Ranga Rajapuram",
        "addr:postcode": "600024",
        "addr:state": "Tamil Nadu",
        "amenity": "hospital",
        "healthcare": "hospital",
        "name": "Madras Poly Clinic and R.R. Scan",
        "source": "OpenGovernmentData"
      },
      "geometry": {
        "type": "Point",
        "coordinates": [
          80.2220044,
          13.0461063
        ]
      },
      "id": "node/6933828333"
    },
    {
      "type": "Feature",
      "properties": {
        "@id": "node/6933833923",
        "addr:block": "Chennai Zone Ix",
        "addr:district": "Chennai",
        "addr:full": "32/12, Next To Gopalapuram Boys High School Play Ground, Gopalapuram, Conran Smith Road",
        "addr:postcode": "600086",
        "addr:state": "Tamil Nadu",
        "amenity": "hospital",
        "healthcare": "hospital",
        "name": "Life Medhospital",
        "source": "OpenGovernmentData"
      },
      "geometry": {
        "type": "Point",
        "coordinates": [
          80.2576911,
          13.0535505
        ]
      },
      "id": "node/6933833923"
    },
    {
      "type": "Feature",
      "properties": {
        "@id": "node/6933869777",
        "addr:district": "Tiruvallur",
        "addr:full": "No.167,E.H.Road,Vyasarpadi,Sharma Nagar,Chennai",
        "addr:postcode": "600019",
        "addr:state": "Tamil Nadu",
        "amenity": "hospital",
        "healthcare": "hospital",
        "name": "K.M. Hospitals, Chennai",
        "source": "OpenGovernmentData"
      },
      "geometry": {
        "type": "Point",
        "coordinates": [
          80.2421169,
          13.0884107
        ]
      },
      "id": "node/6933869777"
    },
    {
      "type": "Feature",
      "properties": {
        "@id": "node/6933875088",
        "addr:district": "Chennai",
        "addr:full": "# 10, Dr. Guruswamy Road",
        "addr:postcode": "600031",
        "addr:state": "Tamil Nadu",
        "amenity": "hospital",
        "healthcare": "hospital",
        "name": "Zubeda Hospitals Ltd.",
        "source": "OpenGovernmentData"
      },
      "geometry": {
        "type": "Point",
        "coordinates": [
          80.2357775,
          13.0741955
        ]
      },
      "id": "node/6933875088"
    },
    {
      "type": "Feature",
      "properties": {
        "@id": "node/6933910999",
        "addr:block": "Chennai Zone Ix",
        "addr:district": "Chennai",
        "addr:full": "Near Rathna Cafe Hotel, Triplicane, T.H. Road",
        "addr:postcode": "600005",
        "addr:state": "Tamil Nadu",
        "amenity": "hospital",
        "healthcare": "hospital",
        "name": "RR Multispeciality Hospital",
        "source": "OpenGovernmentData"
      },
      "geometry": {
        "type": "Point",
        "coordinates": [
          80.2740124,
          13.0584745
        ]
      },
      "id": "node/6933910999"
    },
    {
      "type": "Feature",
      "properties": {
        "@id": "node/6933998001",
        "addr:district": "Chennai",
        "addr:full": "No,18,Nowroji Road",
        "addr:postcode": "600001",
        "addr:state": "Tamil Nadu",
        "amenity": "hospital",
        "healthcare": "hospital",
        "name": "Dr.Manju Kulkarni Hospital",
        "source": "OpenGovernmentData"
      },
      "geometry": {
        "type": "Point",
        "coordinates": [
          80.2367672,
          13.0743836
        ]
      },
      "id": "node/6933998001"
    },
    {
      "type": "Feature",
      "properties": {
        "@id": "node/6934018868",
        "addr:district": "Chennai",
        "addr:full": "New No: 177, Old No:77, Rangarajapuram Road, Kodambakkam",
        "addr:postcode": "600024",
        "addr:state": "Tamil Nadu",
        "amenity": "hospital",
        "healthcare": "hospital",
        "name": "S.V. Bone And Joint Hospital",
        "source": "OpenGovernmentData"
      },
      "geometry": {
        "type": "Point",
        "coordinates": [
          80.2241461,
          13.0473239
        ]
      },
      "id": "node/6934018868"
    },
    {
      "type": "Feature",
      "properties": {
        "@id": "node/6934036697",
        "addr:district": "Chennai",
        "addr:full": "No.46, Konnur High Road Ayanavaram",
        "addr:postcode": "600023",
        "addr:state": "Tamil Nadu",
        "amenity": "hospital",
        "healthcare": "hospital",
        "name": "Sri Eshodha Hospital",
        "source": "OpenGovernmentData"
      },
      "geometry": {
        "type": "Point",
        "coordinates": [
          80.2362643,
          13.0981213
        ]
      },
      "id": "node/6934036697"
    },
    {
      "type": "Feature",
      "properties": {
        "@id": "node/6934061609",
        "addr:district": "Kancheepuram",
        "addr:full": "Chennai, No 1 Civil Aviation Colony, 100 Feet Road, Nanganallur",
        "addr:postcode": "600061",
        "addr:state": "Tamil Nadu",
        "addr:subdistrict": "Tambaram",
        "amenity": "hospital",
        "healthcare": "hospital",
        "name": "Srichakara Multispeciality Hospital",
        "source": "OpenGovernmentData"
      },
      "geometry": {
        "type": "Point",
        "coordinates": [
          80.1851381,
          12.97853
        ]
      },
      "id": "node/6934061609"
    },
    {
      "type": "Feature",
      "properties": {
        "@id": "node/6934098007",
        "addr:district": "Chennai",
        "addr:full": "No.22/2, E.S.I.Hospital Road",
        "addr:postcode": "600011",
        "addr:state": "Tamil Nadu",
        "addr:subdistrict": "Peravallur",
        "amenity": "hospital",
        "healthcare": "hospital",
        "healthcare:speciality": "multi speciality",
        "name": "Abhijay Hospital",
        "operator:type": "private",
        "source": "OpenGovernmentData",
        "website": "https://www.abhijayhospital.com/"
      },
      "geometry": {
        "type": "Point",
        "coordinates": [
          80.2328438,
          13.1160177
        ]
      },
      "id": "node/6934098007"
    },
    {
      "type": "Feature",
      "properties": {
        "@id": "node/6934146446",
        "addr:district": "Chennai",
        "addr:full": "35 A, Santhome High Road, Marina Beach",
        "addr:postcode": "600004",
        "addr:state": "Tamil Nadu",
        "amenity": "hospital",
        "healthcare": "hospital",
        "name": "Sinus And Nose Hospital - Mylapore, Chennai",
        "source": "OpenGovernmentData"
      },
      "geometry": {
        "type": "Point",
        "coordinates": [
          80.2778479,
          13.0350623
        ]
      },
      "id": "node/6934146446"
    },
    {
      "type": "Feature",
      "properties": {
        "@id": "node/6934163318",
        "addr:district": "Kanchipuram",
        "addr:full": "Plot No. 5, Medavakkam Main Road, , Madipakkam,Near Madipakkam Koot Oad",
        "addr:postcode": "600091",
        "addr:state": "Tamil Nadu",
        "amenity": "hospital",
        "healthcare": "hospital",
        "name": "Sibi Hospital",
        "source": "OpenGovernmentData"
      },
      "geometry": {
        "type": "Point",
        "coordinates": [
          80.1904562,
          12.9697917
        ]
      },
      "id": "node/6934163318"
    },
    {
      "type": "Feature",
      "properties": {
        "@id": "node/6934186203",
        "addr:district": "Chennai",
        "addr:full": "No.1, 47th Street, 5th Main Road",
        "addr:postcode": "600 061",
        "addr:state": "Tamil Nadu",
        "addr:subdistrict": "Nanganallur",
        "amenity": "hospital",
        "email": "info@cmhospital.in",
        "healthcare": "hospital",
        "name": "Sri Venkateshwara`s C.M. Hospital",
        "operator:type": "private",
        "source": "OpenGovernmentData",
        "website": "https://cmhospital.in/"
      },
      "geometry": {
        "type": "Point",
        "coordinates": [
          80.185987,
          12.9857914
        ]
      },
      "id": "node/6934186203"
    },
    {
      "type": "Feature",
      "properties": {
        "@id": "node/6934246102",
        "addr:district": "Chennai",
        "addr:full": "Old No.89,& New No.106 Pate Road Perambur, (Near Perambur Railway Station), Patel Road",
        "addr:postcode": "600011",
        "addr:state": "Tamil Nadu",
        "amenity": "hospital",
        "healthcare": "hospital",
        "name": "Srinivas Priya Hospital (P) Ltd",
        "source": "OpenGovernmentData"
      },
      "geometry": {
        "type": "Point",
        "coordinates": [
          80.2466847,
          13.1100467
        ]
      },
      "id": "node/6934246102"
    },
    {
      "type": "Feature",
      "properties": {
        "@id": "node/6934271069",
        "addr:district": "Chennai",
        "addr:full": "New No. 12 Old No.20, Govindan Street Ayyavoo, Naidu Colony, Aminjikarai",
        "addr:postcode": "600029",
        "addr:state": "Tamil Nadu",
        "amenity": "hospital",
        "healthcare": "hospital",
        "name": "M.R. Hospital, Chennai",
        "source": "OpenGovernmentData"
      },
      "geometry": {
        "type": "Point",
        "coordinates": [
          80.2195783,
          13.0725279
        ]
      },
      "id": "node/6934271069"
    },
    {
      "type": "Feature",
      "properties": {
        "@id": "node/6934271075",
        "addr:district": "Chennai",
        "addr:full": "No. 14, Bank Street Off New Avadi Road, Kilpauk",
        "addr:postcode": "600010",
        "addr:state": "Tamil Nadu",
        "amenity": "hospital",
        "emergency": "yes",
        "healthcare": "hospital",
        "name": "M. N. Orthopaedic Hospital",
        "phone": "+914426442279",
        "source": "OpenGovernmentData",
        "start_date": "1975",
        "website": "https://www.mnorthohosp.com/"
      },
      "geometry": {
        "type": "Point",
        "coordinates": [
          80.2336653,
          13.0810328
        ]
      },
      "id": "node/6934271075"
    },
    {
      "type": "Feature",
      "properties": {
        "@id": "node/6934271106",
        "addr:district": "Chennai",
        "addr:full": "No-4, West Mada Church Street, Royapuram",
        "addr:postcode": "600013",
        "addr:state": "Tamil Nadu",
        "amenity": "hospital",
        "name": "M V Hospital For Diabetes Pvt Ltd",
        "source": "OpenGovernmentData"
      },
      "geometry": {
        "type": "Point",
        "coordinates": [
          80.2956927,
          13.1121574
        ]
      },
      "id": "node/6934271106"
    },
    {
      "type": "Feature",
      "properties": {
        "@id": "node/6934271111",
        "addr:district": "Chennai",
        "addr:full": "33, Mahatma Gandhi Road, Sastri Nagar, 2nd Avenue, Adyar",
        "addr:postcode": "600020",
        "addr:state": "Tamil Nadu",
        "amenity": "hospital",
        "healthcare": "hospital",
        "healthcare:speciality": "ophthalmology",
        "name": "M N Eye Hospital",
        "source": "OpenGovernmentData"
      },
      "geometry": {
        "type": "Point",
        "coordinates": [
          80.2603599,
          12.996767
        ]
      },
      "id": "node/6934271111"
    },
    {
      "type": "Feature",
      "properties": {
        "@id": "node/6934301423",
        "addr:district": "Chennai",
        "addr:full": "# 172, Solaiappan Stree, Near Maharani Theatre",
        "addr:postcode": "600021",
        "addr:state": "Tamil Nadu",
        "amenity": "hospital",
        "healthcare": "hospital",
        "healthcare:speciality": "multi speciality",
        "name": "A.V. Hospital, Chennai",
        "source": "OpenGovernmentData"
      },
      "geometry": {
        "type": "Point",
        "coordinates": [
          80.2864189,
          13.1170802
        ]
      },
      "id": "node/6934301423"
    },
    {
      "type": "Feature",
      "properties": {
        "@id": "node/6934325848",
        "addr:district": "Chennai",
        "addr:full": "7(1/1A)1st Main Road Jawahar Nagar",
        "addr:postcode": "600082",
        "addr:state": "Tamil Nadu",
        "amenity": "hospital",
        "healthcare": "hospital",
        "name": "N.R. Hospital",
        "source": "OpenGovernmentData"
      },
      "geometry": {
        "type": "Point",
        "coordinates": [
          80.2309737,
          13.1122162
        ]
      },
      "id": "node/6934325848"
    },
    {
      "type": "Feature",
      "properties": {
        "@id": "node/6934325849",
        "addr:district": "Chennai",
        "addr:full": "No 1, Binny Colony, Perambur Barracks Road, Behind Binny Cloth Show Room",
        "addr:postcode": "600012",
        "addr:state": "Tamil Nadu",
        "amenity": "hospital",
        "healthcare": "hospital",
        "name": "N.R. Medical Home Private Limited",
        "source": "OpenGovernmentData"
      },
      "geometry": {
        "type": "Point",
        "coordinates": [
          80.2597135,
          13.0965878
        ]
      },
      "id": "node/6934325849"
    },
    {
      "type": "Feature",
      "properties": {
        "@id": "node/6934325866",
        "addr:district": "Chennai",
        "addr:full": "# 116,118, Rajarathinam Saalai, (G.A. Road)",
        "addr:postcode": "600021",
        "addr:state": "Tamil Nadu",
        "amenity": "hospital",
        "healthcare": "hospital",
        "name": "Nagamani Hospitals Private Limited",
        "source": "OpenGovernmentData"
      },
      "geometry": {
        "type": "Point",
        "coordinates": [
          80.289427,
          13.117412
        ]
      },
      "id": "node/6934325866"
    },
    {
      "type": "Feature",
      "properties": {
        "@id": "node/6934325876",
        "addr:district": "Chennai",
        "addr:full": "10A/3 I Cross Street, M K B Nagar",
        "addr:postcode": "600039",
        "addr:state": "Tamil Nadu",
        "amenity": "hospital",
        "healthcare": "hospital",
        "name": "Nalamm Hospital Pvt Ltd",
        "source": "OpenGovernmentData"
      },
      "geometry": {
        "type": "Point",
        "coordinates": [
          80.2610184,
          13.1184216
        ]
      },
      "id": "node/6934325876"
    },
    {
      "type": "Feature",
      "properties": {
        "@id": "node/6934325882",
        "addr:district": "Chennai",
        "addr:full": "Thoppu New No.2,(Old No.64),Dr.Ranga Road, Abiramapuram",
        "addr:postcode": "600018",
        "addr:state": "Tamil Nadu",
        "amenity": "hospital",
        "healthcare": "hospital",
        "name": "Nandalala Medical Foundation",
        "source": "OpenGovernmentData"
      },
      "geometry": {
        "type": "Point",
        "coordinates": [
          80.2615173,
          13.0328516
        ]
      },
      "id": "node/6934325882"
    },
    {
      "type": "Feature",
      "properties": {
        "@id": "node/6934326572",
        "addr:block": "Madhavaram",
        "addr:district": "Thiruvallur",
        "addr:full": "No:1419, Chennai, 200 Feet,Retteri Junction,Kolathur",
        "addr:postcode": "600099",
        "addr:state": "Tamil Nadu",
        "addr:subdistrict": "Mathavaram",
        "amenity": "hospital",
        "healthcare": "hospital",
        "name": "Sri Kumaran Health Centre",
        "source": "OpenGovernmentData"
      },
      "geometry": {
        "type": "Point",
        "coordinates": [
          80.2138799,
          13.1308907
        ]
      },
      "id": "node/6934326572"
    },
    {
      "type": "Feature",
      "properties": {
        "@id": "node/6934340601",
        "addr:district": "Chennai",
        "addr:full": "40B, Tansi Nagar Vii St, Velachery",
        "addr:postcode": "600042",
        "addr:state": "Tamil Nadu",
        "amenity": "hospital",
        "healthcare": "hospital",
        "name": "Nandhini Hospital",
        "source": "OpenGovernmentData"
      },
      "geometry": {
        "type": "Point",
        "coordinates": [
          80.2247932,
          12.9784706
        ]
      },
      "id": "node/6934340601"
    },
    {
      "type": "Feature",
      "properties": {
        "@id": "node/6934340623",
        "addr:district": "Chennai",
        "addr:full": "73 Venkatakrishna Road, Ra Puram",
        "addr:postcode": "600028",
        "addr:state": "Tamil Nadu",
        "amenity": "hospital",
        "check_date": "2024-05-22",
        "healthcare": "hospital",
        "name": "Navasuja Sankara Nethralaya",
        "name:en": "Navasuja Sankara Nethralaya",
        "source": "OpenGovernmentData"
      },
      "geometry": {
        "type": "Point",
        "coordinates": [
          80.2607878,
          13.0265108
        ]
      },
      "id": "node/6934340623"
    },
    {
      "type": "Feature",
      "properties": {
        "@id": "node/6934340638",
        "addr:district": "Chennai",
        "addr:full": "2181 L Block 12Th Main Road, Anna Nagar",
        "addr:postcode": "600040",
        "addr:state": "Tamil Nadu",
        "amenity": "hospital",
        "healthcare": "hospital",
        "name": "Neomed Hospital - Chennai",
        "source": "OpenGovernmentData"
      },
      "geometry": {
        "type": "Point",
        "coordinates": [
          80.2030747,
          13.083452
        ]
      },
      "id": "node/6934340638"
    },
    {
      "type": "Feature",
      "properties": {
        "@id": "node/6934340658",
        "addr:district": "Chennai",
        "addr:full": "49 Srinivasa Reddu Street,T Nagar",
        "addr:postcode": "600017",
        "addr:state": "Tamil Nadu",
        "amenity": "hospital",
        "healthcare": "hospital",
        "name": "New Balaji Hospital, Chennai",
        "source": "OpenGovernmentData"
      },
      "geometry": {
        "type": "Point",
        "coordinates": [
          80.2311185,
          13.0316469
        ]
      },
      "id": "node/6934340658"
    },
    {
      "type": "Feature",
      "properties": {
        "@id": "node/6934340659",
        "addr:district": "Chennai",
        "addr:full": "No 1051, Poonamallee High Road, Arumbakkam",
        "addr:postcode": "600106",
        "addr:state": "Tamil Nadu",
        "amenity": "hospital",
        "healthcare": "hospital",
        "name": "New Hope Indian Specilaity Hospital",
        "source": "OpenGovernmentData"
      },
      "geometry": {
        "type": "Point",
        "coordinates": [
          80.2414826,
          13.0777579
        ]
      },
      "id": "node/6934340659"
    },
    {
      "type": "Feature",
      "properties": {
        "@id": "node/6934340664",
        "addr:district": "Chennai",
        "addr:full": "No. 814, Poonamallee High Road, Kilpauk",
        "addr:postcode": "600010",
        "addr:state": "Tamil Nadu",
        "amenity": "hospital",
        "healthcare": "hospital",
        "name": "New Hope Medical Centre Pvt. Ltd",
        "source": "OpenGovernmentData"
      },
      "geometry": {
        "type": "Point",
        "coordinates": [
          80.2415201,
          13.0776821
        ]
      },
      "id": "node/6934340664"
    },
    {
      "type": "Feature",
      "properties": {
        "@id": "node/6934340665",
        "addr:district": "Chennai",
        "addr:full": "10, Arthoon Road Royapuram",
        "addr:postcode": "600013",
        "addr:state": "Tamil Nadu",
        "amenity": "hospital",
        "healthcare": "hospital",
        "name": "Nichani Health Centre",
        "source": "OpenGovernmentData"
      },
      "geometry": {
        "type": "Point",
        "coordinates": [
          80.2940284,
          13.111251
        ]
      },
      "id": "node/6934340665"
    },
    {
      "type": "Feature",
      "properties": {
        "@id": "node/6934340749",
        "addr:district": "Chennai",
        "addr:full": "No. 25, 10Th Avenue, Ashoknagar",
        "addr:postcode": "600083",
        "addr:state": "Tamil Nadu",
        "amenity": "hospital",
        "healthcare": "hospital",
        "name": "Orthopedic and Specialities Hospital",
        "source": "OpenGovernmentData"
      },
      "geometry": {
        "type": "Point",
        "coordinates": [
          80.2086724,
          13.0390564
        ]
      },
      "id": "node/6934340749"
    },
    {
      "type": "Feature",
      "properties": {
        "@id": "node/6934340766",
        "addr:district": "Chennai",
        "addr:full": "No. -28, 1st Avenue, Indira Nagar, Adyar",
        "addr:postcode": "600020",
        "addr:state": "Tamil Nadu",
        "amenity": "hospital",
        "healthcare": "hospital",
        "name": "Padmapriya Hospital Pvt. Ltd.",
        "source": "OpenGovernmentData"
      },
      "geometry": {
        "type": "Point",
        "coordinates": [
          80.2537027,
          12.9996223
        ]
      },
      "id": "node/6934340766"
    },
    {
      "type": "Feature",
      "properties": {
        "@id": "node/6934340781",
        "addr:district": "Dindigul",
        "addr:full": "4/12A, Anna Nagar,Palani",
        "addr:postcode": "624601",
        "addr:state": "Tamil Nadu",
        "amenity": "hospital",
        "name": "Palani Balaji Fertility Centre",
        "source": "OpenGovernmentData"
      },
      "geometry": {
        "type": "Point",
        "coordinates": [
          80.2235084,
          13.0122123
        ]
      },
      "id": "node/6934340781"
    },
    {
      "type": "Feature",
      "properties": {
        "@id": "node/6934340782",
        "addr:block": "Chennai Zone X",
        "addr:district": "Chennai",
        "addr:full": "No.19A, Next To Bhuari Hotel, Ashok Nagar, First Avenue",
        "addr:postcode": "600083",
        "addr:state": "Tamil Nadu",
        "amenity": "hospital",
        "healthcare": "hospital",
        "name": "Pallava Hospital",
        "source": "OpenGovernmentData"
      },
      "geometry": {
        "type": "Point",
        "coordinates": [
          80.2126005,
          13.0420391
        ]
      },
      "id": "node/6934340782"
    },
    {
      "type": "Feature",
      "properties": {
        "@id": "node/6934340789",
        "addr:district": "Kanchipuram",
        "addr:full": "C3, Hindu Colony, Nanganallur",
        "addr:postcode": "600061",
        "addr:state": "Tamil Nadu",
        "amenity": "hospital",
        "healthcare": "hospital",
        "name": "Pankajam Memorial Hospital",
        "source": "OpenGovernmentData"
      },
      "geometry": {
        "type": "Point",
        "coordinates": [
          80.1835965,
          12.9801472
        ]
      },
      "id": "node/6934340789"
    },
    {
      "type": "Feature",
      "properties": {
        "@id": "node/6934347087",
        "addr:district": "Chennai",
        "addr:full": "No.15, Thousand Lights, Shafee Mohammed Road",
        "addr:postcode": "600006",
        "addr:state": "Tamil Nadu",
        "amenity": "hospital",
        "email": "enquiry@apollohospitals.com",
        "healthcare": "hospital",
        "name": "Apollo Childrens Hospital",
        "operator:type": "private",
        "source": "OpenGovernmentData",
        "website": "http://www.apollohospitals.com/Apollo_Children/"
      },
      "geometry": {
        "type": "Point",
        "coordinates": [
          80.2523656,
          13.060131
        ]
      },
      "id": "node/6934347087"
    },
    {
      "type": "Feature",
      "properties": {
        "@id": "node/6934347093",
        "addr:district": "Chennai",
        "addr:full": "31,Dhandapani Street,T.Nagar",
        "addr:postcode": "600017",
        "addr:state": "Tamil Nadu",
        "amenity": "hospital",
        "healthcare": "hospital",
        "name": "Anuradha Maternity Centre",
        "source": "OpenGovernmentData"
      },
      "geometry": {
        "type": "Point",
        "coordinates": [
          80.2337551,
          13.0356881
        ]
      },
      "id": "node/6934347093"
    },
    {
      "type": "Feature",
      "properties": {
        "@id": "node/6934407803",
        "addr:district": "Chennai",
        "addr:full": "No-36, Brickkiln Road Near Abirani Theatre",
        "addr:postcode": "600012",
        "addr:state": "Tamil Nadu",
        "amenity": "hospital",
        "healthcare": "hospital",
        "name": "Shri Balaji Hospital - Chennai",
        "source": "OpenGovernmentData"
      },
      "geometry": {
        "type": "Point",
        "coordinates": [
          80.2511633,
          13.0919709
        ]
      },
      "id": "node/6934407803"
    },
    {
      "type": "Feature",
      "properties": {
        "@id": "node/6934897845",
        "addr:district": "Chennai",
        "addr:full": "No.76,Nelson Manickam Road, Aminjikaral",
        "addr:postcode": "600026",
        "addr:state": "Tamil Nadu",
        "amenity": "hospital",
        "healthcare": "hospital",
        "name": "Tamil Nadu Urological Research Centre",
        "source": "OpenGovernmentData"
      },
      "geometry": {
        "type": "Point",
        "coordinates": [
          80.222632,
          13.0710341
        ]
      },
      "id": "node/6934897845"
    },
    {
      "type": "Feature",
      "properties": {
        "@id": "node/6935159758",
        "addr:district": "Kanchipuram",
        "addr:full": "2/93, 2nd Main Rod, Ragavanagar, Madipakkam",
        "addr:postcode": "600091",
        "addr:state": "Tamil Nadu",
        "amenity": "hospital",
        "healthcare": "hospital",
        "name": "Thirimoorthys Heart Care Hospital",
        "source": "OpenGovernmentData"
      },
      "geometry": {
        "type": "Point",
        "coordinates": [
          80.1867983,
          12.9673347
        ]
      },
      "id": "node/6935159758"
    },
    {
      "type": "Feature",
      "properties": {
        "@id": "node/6935224404",
        "addr:district": "Chennai",
        "addr:full": "# 5, First Street, Taylors Estate, Kodambakkam",
        "addr:postcode": "600024",
        "addr:state": "Tamil Nadu",
        "amenity": "hospital",
        "healthcare": "hospital",
        "name": "Thulasi Krishna Nursing Home, Kodambakkam",
        "source": "OpenGovernmentData"
      },
      "geometry": {
        "type": "Point",
        "coordinates": [
          80.2300054,
          13.0517176
        ]
      },
      "id": "node/6935224404"
    },
    {
      "type": "Feature",
      "properties": {
        "@id": "node/6935272552",
        "addr:district": "Chennai",
        "addr:full": "No. 11, M C. Nichols Road, 4Th Lane, Opposite To Chetpet Police Station Chetpet",
        "addr:postcode": "600031",
        "addr:state": "Tamil Nadu",
        "amenity": "hospital",
        "healthcare": "hospital",
        "name": "Dr. Agarwal's Eye Hospital",
        "operator": "Dr. Agarwal's Eye Hospital",
        "operator:type": "private",
        "operator:wikidata": "Q17052044",
        "source": "OpenGovernmentData"
      },
      "geometry": {
        "type": "Point",
        "coordinates": [
          80.2382156,
          13.074266
        ]
      },
      "id": "node/6935272552"
    },
    {
      "type": "Feature",
      "properties": {
        "@id": "node/6935274089",
        "addr:district": "Chennai",
        "addr:full": "C-54, 1 St Main Road, Anna Nagar East, Near Chinthamani Supermarket",
        "addr:postcode": "600102",
        "addr:state": "Tamil Nadu",
        "amenity": "hospital",
        "healthcare": "hospital",
        "name": "Selvarangam Hospital",
        "source": "OpenGovernmentData"
      },
      "geometry": {
        "type": "Point",
        "coordinates": [
          80.2244673,
          13.0850183
        ]
      },
      "id": "node/6935274089"
    },
    {
      "type": "Feature",
      "properties": {
        "@id": "node/6936134771",
        "addr:district": "Chennai",
        "addr:full": "(A Unit Of Medical Research Foundation)41/18, College Road, Nungambakkam",
        "addr:postcode": "600006",
        "addr:state": "Tamil Nadu",
        "amenity": "hospital",
        "healthcare": "hospital",
        "name": "Sankara Nethralaya, Chennai",
        "source": "OpenGovernmentData"
      },
      "geometry": {
        "type": "Point",
        "coordinates": [
          80.2505444,
          13.0670837
        ]
      },
      "id": "node/6936134771"
    },
    {
      "type": "Feature",
      "properties": {
        "@id": "node/6936271569",
        "addr:district": "Kanchipuram",
        "addr:full": "5/91, Church Road, Perungudi, Near Andrew Yulex Colony, Chengalpattu",
        "addr:postcode": "600096",
        "addr:state": "Tamil Nadu",
        "amenity": "hospital",
        "name": "Sri Lakshmi Multi Speciality Hospital Pvt Ltd",
        "source": "OpenGovernmentData"
      },
      "geometry": {
        "type": "Point",
        "coordinates": [
          80.2461429,
          12.9640779
        ]
      },
      "id": "node/6936271569"
    },
    {
      "type": "Feature",
      "properties": {
        "@id": "node/6936275517",
        "addr:district": "Chennai",
        "addr:full": "B-63, Siva Elango Salai (70 Feet Road), Periyar Nagar",
        "addr:postcode": "600082",
        "addr:state": "Tamil Nadu",
        "amenity": "hospital",
        "healthcare": "hospital",
        "name": "Dr Agarwal Eye Hospital Ltd",
        "source": "OpenGovernmentData"
      },
      "geometry": {
        "type": "Point",
        "coordinates": [
          80.2270764,
          13.1135903
        ]
      },
      "id": "node/6936275517"
    },
    {
      "type": "Feature",
      "properties": {
        "@id": "node/6936316468",
        "addr:district": "Chennai",
        "addr:full": "No.34/72, Ormes Road, Kilpauk",
        "addr:postcode": "600010",
        "addr:state": "Tamil Nadu",
        "amenity": "hospital",
        "healthcare": "hospital",
        "name": "Tosh Hospitals Private Limited",
        "source": "OpenGovernmentData"
      },
      "geometry": {
        "type": "Point",
        "coordinates": [
          80.2424652,
          13.0827016
        ]
      },
      "id": "node/6936316468"
    },
    {
      "type": "Feature",
      "properties": {
        "@id": "node/6936339695",
        "addr:district": "Chennai",
        "addr:full": "Flat1/B,Ii Floor,Old#No191,New#297,Precision Diagnostics Complex,Periyar Evr Salai(P.H.Road)Kilpauk",
        "addr:postcode": "600010",
        "addr:state": "Tamil Nadu",
        "amenity": "hospital",
        "healthcare": "hospital",
        "name": "Sundaram Cancer Centre",
        "source": "OpenGovernmentData"
      },
      "geometry": {
        "type": "Point",
        "coordinates": [
          80.2366224,
          13.07604
        ]
      },
      "id": "node/6936339695"
    },
    {
      "type": "Feature",
      "properties": {
        "@id": "node/6936339711",
        "addr:district": "Chennai",
        "addr:full": "37, Arunachalam Road",
        "addr:postcode": "600093",
        "addr:state": "Tamil Nadu",
        "amenity": "hospital",
        "healthcare": "hospital",
        "name": "R.R. Eye Instutute and Laser Foundation",
        "source": "OpenGovernmentData"
      },
      "geometry": {
        "type": "Point",
        "coordinates": [
          80.2040416,
          13.0483992
        ]
      },
      "id": "node/6936339711"
    },
    {
      "type": "Feature",
      "properties": {
        "@id": "node/6936339822",
        "addr:district": "Chennai",
        "addr:full": "3, P S Sivasami Salai Mylapore",
        "addr:postcode": "600004",
        "addr:state": "Tamil Nadu",
        "addr:subdistrict": "Mylapore",
        "amenity": "hospital",
        "email": "avmmerf@sify.com;ravikv@mail.com",
        "healthcare": "hospital",
        "name": "Avm Medical Ent Research Foundation Pvt Ltd",
        "operator:type": "private",
        "source": "OpenGovernmentData",
        "website": "https://avmmerf.in/contact.php"
      },
      "geometry": {
        "type": "Point",
        "coordinates": [
          80.2637114,
          13.0441485
        ]
      },
      "id": "node/6936339822"
    },
    {
      "type": "Feature",
      "properties": {
        "@id": "node/6936356289",
        "addr:district": "Chennai",
        "addr:full": "7, Barnaby Road",
        "addr:postcode": "600010",
        "addr:state": "Tamil Nadu",
        "addr:subdistrict": "Kilpauk",
        "amenity": "hospital",
        "healthcare": "hospital",
        "healthcare:speciality": "Cosmetic and Plastic Surgery; Dentistry; Dialysis",
        "name": "Aditya Hospital, Chennai",
        "operator:type": "private",
        "source": "OpenGovernmentData",
        "website": "https://www.adityahospital.co.in/"
      },
      "geometry": {
        "type": "Point",
        "coordinates": [
          80.2486159,
          13.0806801
        ]
      },
      "id": "node/6936356289"
    },
    {
      "type": "Feature",
      "properties": {
        "@id": "node/6936359923",
        "addr:district": "Chennai",
        "addr:full": "No.121 G.N.Chetty Road",
        "addr:postcode": "600017",
        "addr:state": "Tamil Nadu",
        "addr:subdistrict": "T Nagar",
        "amenity": "hospital",
        "email": "info@drashokchennai.com",
        "healthcare": "hospital",
        "name": "Laser and Laparascopic Hospital",
        "operator:type": "private",
        "source": "OpenGovernmentData",
        "website": "https://www.drashokchennai.com/"
      },
      "geometry": {
        "type": "Point",
        "coordinates": [
          80.2371521,
          13.0430125
        ]
      },
      "id": "node/6936359923"
    },
    {
      "type": "Feature",
      "properties": {
        "@id": "node/6936359940",
        "addr:district": "Chennai",
        "addr:full": "New No.10, Old No.20, 3Road Avenue, Indira Nagar, Adyar",
        "addr:postcode": "600020",
        "addr:state": "Tamil Nadu",
        "amenity": "hospital",
        "healthcare": "hospital",
        "name": "Lakshmi Maternity Hospital",
        "source": "OpenGovernmentData"
      },
      "geometry": {
        "type": "Point",
        "coordinates": [
          80.2528444,
          12.9938673
        ]
      },
      "id": "node/6936359940"
    },
    {
      "type": "Feature",
      "properties": {
        "@id": "node/6936359972",
        "addr:district": "Chennai",
        "addr:full": "214, E.V.R.Periyar Salai, Poonamalee High Road, Periyar Salai",
        "addr:postcode": "600010",
        "addr:state": "Tamil Nadu",
        "addr:subdistrict": "Kilpauk",
        "amenity": "hospital",
        "email": "kumaranhospitals@hotmail.com",
        "healthcare": "hospital",
        "name": "Kumaran Hospital Pvt.Ltd.",
        "operator:type": "private",
        "source": "OpenGovernmentData",
        "website": "https://kumaranhospitals.com/Index.html"
      },
      "geometry": {
        "type": "Point",
        "coordinates": [
          80.2490893,
          13.0790289
        ]
      },
      "id": "node/6936359972"
    },
    {
      "type": "Feature",
      "properties": {
        "@id": "node/6936391765",
        "addr:district": "Chennai",
        "addr:full": "No.41/42, 53/54, Sathyadev Avenue, Mrc Nagar",
        "addr:postcode": "600028",
        "addr:state": "Tamil Nadu",
        "amenity": "hospital",
        "name": "Apollo Specialty Hospitals Private Limited",
        "operator:type": "private",
        "source": "OpenGovernmentData"
      },
      "geometry": {
        "type": "Point",
        "coordinates": [
          80.2711008,
          13.0177957
        ]
      },
      "id": "node/6936391765"
    },
    {
      "type": "Feature",
      "properties": {
        "@id": "node/6936411410",
        "addr:district": "Chennai",
        "addr:full": "72, Medavakkam Tank Road, Near Jamai Mosque",
        "addr:postcode": "600010",
        "addr:state": "Tamil Nadu",
        "addr:subdistrict": "Kilpauk",
        "amenity": "hospital",
        "email": "deepameyehospital@gmail.com; contact@deepameyehospital.com",
        "healthcare": "hospital",
        "name": "Deepam Eye Hospital",
        "operator:type": "private",
        "source": "OpenGovernmentData",
        "website": "http://www.deepameyehospital.com/"
      },
      "geometry": {
        "type": "Point",
        "coordinates": [
          80.2423476,
          13.0877615
        ]
      },
      "id": "node/6936411410"
    },
    {
      "type": "Feature",
      "properties": {
        "@id": "node/6936415699",
        "addr:district": "Chennai",
        "addr:full": "28, Marshalls Road Egmore",
        "addr:postcode": "600008",
        "addr:state": "Tamil Nadu",
        "amenity": "hospital",
        "healthcare": "hospital",
        "name": "Dr. A. Ramachandran's Diabetes Hospital",
        "source": "OpenGovernmentData"
      },
      "geometry": {
        "type": "Point",
        "coordinates": [
          80.2579902,
          13.0685338
        ]
      },
      "id": "node/6936415699"
    },
    {
      "type": "Feature",
      "properties": {
        "@id": "node/6936469837",
        "addr:district": "Thiruvallur",
        "addr:full": "4/579, Chennai, 4/579 Rajiv Gandhi Salai",
        "addr:postcode": "600041",
        "addr:state": "Tamil Nadu",
        "addr:subdistrict": "Ambattur",
        "amenity": "hospital",
        "healthcare": "hospital",
        "name": "Veecare Eye Hospital",
        "source": "OpenGovernmentData"
      },
      "geometry": {
        "type": "Point",
        "coordinates": [
          80.2182426,
          13.0843952
        ]
      },
      "id": "node/6936469837"
    },
    {
      "type": "Feature",
      "properties": {
        "@id": "node/6936663153",
        "addr:district": "Chennai",
        "addr:full": "No.14, 10Th Cross Street , A.G.S.Colony, Velachery",
        "addr:postcode": "600042",
        "addr:state": "Tamil Nadu",
        "amenity": "hospital",
        "healthcare": "hospital",
        "name": "Velachery K S Hospital",
        "source": "OpenGovernmentData"
      },
      "geometry": {
        "type": "Point",
        "coordinates": [
          80.2114016,
          12.9763914
        ]
      },
      "id": "node/6936663153"
    },
    {
      "type": "Feature",
      "properties": {
        "@id": "node/6936669886",
        "addr:district": "Chennai",
        "addr:full": "New-182, Old-927, Poonamalee High Road, Flower Road",
        "addr:postcode": "600084",
        "addr:state": "Tamil Nadu",
        "amenity": "hospital",
        "email": "kjh@rediffmail.com",
        "healthcare": "hospital",
        "name": "K.J. Hospital",
        "operator:type": "private",
        "source": "OpenGovernmentData",
        "website": "http://kjhospital.net/kjhospital/Welcome.aspx",
        "wheelchair": "yes"
      },
      "geometry": {
        "type": "Point",
        "coordinates": [
          80.25267,
          13.0790015
        ]
      },
      "id": "node/6936669886"
    },
    {
      "type": "Feature",
      "properties": {
        "@id": "node/6936681265",
        "addr:district": "Chennai",
        "addr:full": "24,Coats Road, T.Nagar",
        "addr:postcode": "600017",
        "addr:state": "Tamil Nadu",
        "amenity": "hospital",
        "healthcare": "hospital",
        "name": "Sathya Physiotherapy Centre",
        "source": "OpenGovernmentData"
      },
      "geometry": {
        "type": "Point",
        "coordinates": [
          80.2336198,
          13.0440365
        ]
      },
      "id": "node/6936681265"
    },
    {
      "type": "Feature",
      "properties": {
        "@id": "node/6936684311",
        "addr:district": "Chennai",
        "addr:full": "856,Poonamallee High Road, Kilpauk",
        "addr:postcode": "600010",
        "addr:state": "Tamil Nadu",
        "amenity": "hospital",
        "healthcare": "hospital",
        "name": "Kensington Hospital",
        "source": "OpenGovernmentData"
      },
      "geometry": {
        "type": "Point",
        "coordinates": [
          80.2469368,
          13.0788382
        ]
      },
      "id": "node/6936684311"
    },
    {
      "type": "Feature",
      "properties": {
        "@id": "node/6936684328",
        "addr:district": "Kanchipuram",
        "addr:full": "#1, Kakkan Nagar 1st Main Road, Adambakkam",
        "addr:postcode": "600088",
        "addr:state": "Tamil Nadu",
        "amenity": "hospital",
        "name": "Ponmalligai Hospital Pvt Ltd",
        "source": "OpenGovernmentData"
      },
      "geometry": {
        "type": "Point",
        "coordinates": [
          80.2061465,
          12.9925116
        ]
      },
      "id": "node/6936684328"
    },
    {
      "type": "Feature",
      "properties": {
        "@id": "node/6936684391",
        "addr:district": "Chennai",
        "addr:full": "35, Rangan Street, Behind Grt, T.Nagar",
        "addr:postcode": "600017",
        "addr:state": "Tamil Nadu",
        "amenity": "hospital",
        "healthcare": "hospital",
        "name": "Pdr Othopaedic Hospital",
        "source": "OpenGovernmentData"
      },
      "geometry": {
        "type": "Point",
        "coordinates": [
          80.2290894,
          13.0389519
        ]
      },
      "id": "node/6936684391"
    },
    {
      "type": "Feature",
      "properties": {
        "@id": "node/6936695126",
        "addr:district": "Chennai",
        "addr:full": "4Second Street Dr Radhakrishnan Road Mylapore",
        "addr:postcode": "600004",
        "addr:state": "Tamil Nadu",
        "amenity": "hospital",
        "healthcare": "hospital",
        "name": "E V Kalyani Medical Centre",
        "source": "OpenGovernmentData"
      },
      "geometry": {
        "type": "Point",
        "coordinates": [
          80.2706811,
          13.0427786
        ]
      },
      "id": "node/6936695126"
    },
    {
      "type": "Feature",
      "properties": {
        "@id": "node/6936695172",
        "addr:block": "Chennai Zone Ix",
        "addr:district": "Chennai",
        "addr:full": "Near Central Bank (Bus Stop), Mandaveli, Devanathan St",
        "addr:postcode": "600028",
        "addr:state": "Tamil Nadu",
        "amenity": "hospital",
        "name": "Yogi Vedha Kumari Hospital",
        "source": "OpenGovernmentData"
      },
      "geometry": {
        "type": "Point",
        "coordinates": [
          80.2631588,
          13.0269877
        ]
      },
      "id": "node/6936695172"
    },
    {
      "type": "Feature",
      "properties": {
        "@id": "node/6936695177",
        "addr:district": "Chennai",
        "addr:full": "7/14, 7Th Cross Street, Rajalakshmi Nagar, Velachery",
        "addr:postcode": "600042",
        "addr:state": "Tamil Nadu",
        "amenity": "hospital",
        "healthcare": "hospital",
        "name": "Xcellent Care Superspeciality Hospital",
        "source": "OpenGovernmentData"
      },
      "geometry": {
        "type": "Point",
        "coordinates": [
          80.2181782,
          12.9833895
        ]
      },
      "id": "node/6936695177"
    },
    {
      "type": "Feature",
      "properties": {
        "@id": "node/6936695178",
        "addr:district": "Chennai",
        "addr:full": "4 / 1 & 4/2 , Porur Somasundaram, North Usman Road T Nagar",
        "addr:postcode": "600017",
        "addr:state": "Tamil Nadu",
        "amenity": "hospital",
        "healthcare": "hospital",
        "name": "Women and Children Foundation",
        "source": "OpenGovernmentData"
      },
      "geometry": {
        "type": "Point",
        "coordinates": [
          80.2329075,
          13.0478465
        ]
      },
      "id": "node/6936695178"
    },
    {
      "type": "Feature",
      "properties": {
        "@id": "node/6936695226",
        "addr:district": "Chennai",
        "addr:full": "51/18, Adam Sahib Street, Pumping Station Road, Roya Puram",
        "addr:postcode": "600013",
        "addr:state": "Tamil Nadu",
        "amenity": "hospital",
        "healthcare": "hospital",
        "name": "Sudha Hospital, Chennai",
        "source": "OpenGovernmentData"
      },
      "geometry": {
        "type": "Point",
        "coordinates": [
          80.2541493,
          13.0791504
        ]
      },
      "id": "node/6936695226"
    },
    {
      "type": "Feature",
      "properties": {
        "@id": "node/6936696196",
        "addr:district": "Chennai",
        "addr:full": "No.77, Dr. Alagappa Road, Purasawalkam",
        "addr:postcode": "600084",
        "addr:state": "Tamil Nadu",
        "amenity": "hospital",
        "healthcare": "hospital",
        "name": "V.K. Hospital",
        "source": "OpenGovernmentData"
      },
      "geometry": {
        "type": "Point",
        "coordinates": [
          80.2522811,
          13.0816938
        ]
      },
      "id": "node/6936696196"
    },
    {
      "type": "Feature",
      "properties": {
        "@id": "node/6936696229",
        "addr:district": "Chennai",
        "addr:full": "103/112, D- Block,1st Main Road, Annanagar East",
        "addr:postcode": "600102",
        "addr:state": "Tamil Nadu",
        "amenity": "hospital",
        "healthcare": "hospital",
        "name": "U.K. Hospitals Pvt. Ltd.",
        "source": "OpenGovernmentData"
      },
      "geometry": {
        "type": "Point",
        "coordinates": [
          80.2252632,
          13.0838857
        ]
      },
      "id": "node/6936696229"
    },
    {
      "type": "Feature",
      "properties": {
        "@id": "node/6936696239",
        "addr:district": "Chennai",
        "addr:full": "N0 122,Medavakkam Tank Road,Ayanavaram",
        "addr:postcode": "600023",
        "addr:state": "Tamil Nadu",
        "amenity": "hospital",
        "healthcare": "hospital",
        "name": "Trust Hospital, Chennai",
        "source": "OpenGovernmentData"
      },
      "geometry": {
        "type": "Point",
        "coordinates": [
          80.2415402,
          13.0892193
        ]
      },
      "id": "node/6936696239"
    },
    {
      "type": "Feature",
      "properties": {
        "@id": "node/6936696240",
        "addr:district": "Chennai",
        "addr:full": "Road s Enterprises Pvt Limited, Franchisee Of Titan Eye Rbn Tower,Ak-2,4Th Avenue,Shanthi Colony,Annanagar",
        "addr:postcode": "600040",
        "addr:state": "Tamil Nadu",
        "amenity": "hospital",
        "healthcare": "hospital",
        "name": "Titan Eye",
        "source": "OpenGovernmentData"
      },
      "geometry": {
        "type": "Point",
        "coordinates": [
          80.2076291,
          13.082343
        ]
      },
      "id": "node/6936696240"
    },
    {
      "type": "Feature",
      "properties": {
        "@id": "node/6936708005",
        "addr:district": "Chennai",
        "addr:full": "55, Sadulla Street, T.Nagar",
        "addr:postcode": "600017",
        "addr:state": "Tamil Nadu",
        "amenity": "hospital",
        "healthcare": "hospital",
        "name": "Sai Ortho Care Hospital",
        "source": "OpenGovernmentData"
      },
      "geometry": {
        "type": "Point",
        "coordinates": [
          80.2371645,
          13.0332775
        ]
      },
      "id": "node/6936708005"
    },
    {
      "type": "Feature",
      "properties": {
        "@id": "node/6936708989",
        "addr:block": "Chennai Zone X",
        "addr:district": "Chennai",
        "addr:full": "No.1, Near By Avm Studio, Saligramam, Arunachalam St",
        "addr:postcode": "600093",
        "addr:state": "Tamil Nadu",
        "amenity": "hospital",
        "healthcare": "hospital",
        "name": "Sooriya Hospital",
        "source": "OpenGovernmentData",
        "wikidata": "Q52843713"
      },
      "geometry": {
        "type": "Point",
        "coordinates": [
          80.2035199,
          13.0481888
        ]
      },
      "id": "node/6936708989"
    },
    {
      "type": "Feature",
      "properties": {
        "@id": "node/6936709086",
        "addr:city": "Chennai",
        "addr:district": "Chennai",
        "addr:full": "Old No.24, New 73, Habibullah Road, T.Nagar",
        "addr:housenumber": "73",
        "addr:postcode": "600017",
        "addr:state": "Tamil Nadu",
        "addr:street": "Habibullah Road",
        "amenity": "hospital",
        "healthcare": "hospital",
        "name": "Centre For Blood Disorders",
        "phone": "+91 44 2834 0668;+91 44 2834 5161",
        "source": "OpenGovernmentData"
      },
      "geometry": {
        "type": "Point",
        "coordinates": [
          80.2410582,
          13.0496502
        ]
      },
      "id": "node/6936709086"
    },
    {
      "type": "Feature",
      "properties": {
        "@id": "node/6936738654",
        "addr:district": "Chennai",
        "addr:full": "10/18, Arumugam Street, Old Washermenpet",
        "addr:postcode": "600021",
        "addr:state": "Tamil Nadu",
        "amenity": "hospital",
        "healthcare": "hospital",
        "name": "Roselin Gandhi Hospital",
        "source": "OpenGovernmentData"
      },
      "geometry": {
        "type": "Point",
        "coordinates": [
          80.2803303,
          13.1166714
        ]
      },
      "id": "node/6936738654"
    },
    {
      "type": "Feature",
      "properties": {
        "@id": "node/6936874933",
        "addr:district": "Chennai",
        "addr:full": "175, N.S.K. Salai, Vadapalani",
        "addr:postcode": "600026",
        "addr:state": "Tamil Nadu",
        "amenity": "hospital",
        "healthcare": "hospital",
        "name": "Paterson Cancer Center / Vijaya Health Centre Premises",
        "source": "OpenGovernmentData"
      },
      "geometry": {
        "type": "Point",
        "coordinates": [
          80.2069719,
          13.0475826
        ]
      },
      "id": "node/6936874933"
    },
    {
      "type": "Feature",
      "properties": {
        "@id": "node/6936953154",
        "addr:district": "Chennai",
        "addr:full": "6E, Nungambakkam High Road",
        "addr:postcode": "600034",
        "addr:state": "Tamil Nadu",
        "amenity": "hospital",
        "healthcare": "hospital",
        "name": "Fertility Research Centre",
        "source": "OpenGovernmentData"
      },
      "geometry": {
        "type": "Point",
        "coordinates": [
          80.2481343,
          13.0558855
        ]
      },
      "id": "node/6936953154"
    },
    {
      "type": "Feature",
      "properties": {
        "@id": "node/6936976871",
        "addr:district": "Chennai",
        "addr:full": "No.36, Dr. Ambedkar Road, Kodambakkam",
        "addr:postcode": "600024",
        "addr:state": "Tamil Nadu",
        "amenity": "hospital",
        "healthcare": "hospital",
        "name": "Spot Hospital",
        "source": "OpenGovernmentData"
      },
      "geometry": {
        "type": "Point",
        "coordinates": [
          80.2187347,
          13.047269
        ]
      },
      "id": "node/6936976871"
    },
    {
      "type": "Feature",
      "properties": {
        "@id": "node/6936994823",
        "addr:district": "Tiruvallur",
        "addr:full": "No.52, Dayalunagar, Kolathur, Near Villirakham Railway Station",
        "addr:postcode": "600049",
        "addr:state": "Tamil Nadu",
        "amenity": "hospital",
        "name": "B B Hospital",
        "source": "OpenGovernmentData"
      },
      "geometry": {
        "type": "Point",
        "coordinates": [
          80.204346,
          13.1184203
        ]
      },
      "id": "node/6936994823"
    },
    {
      "type": "Feature",
      "properties": {
        "@id": "node/6937055902",
        "addr:district": "Chennai",
        "addr:full": "Plot No. 191, 100 Feet By-Pass Road, Velacherry",
        "addr:postcode": "600042",
        "addr:state": "Tamil Nadu",
        "amenity": "hospital",
        "healthcare": "hospital",
        "name": "Appasamy Krishna Hospital and Medical Research Centre",
        "source": "OpenGovernmentData"
      },
      "geometry": {
        "type": "Point",
        "coordinates": [
          80.2205016,
          12.9758647
        ]
      },
      "id": "node/6937055902"
    },
    {
      "type": "Feature",
      "properties": {
        "@id": "node/6937067452",
        "addr:district": "Chennai",
        "addr:full": "83, Valluvarkottam High Road ( Village Road)",
        "addr:postcode": "600034",
        "addr:state": "Tamil Nadu",
        "amenity": "hospital",
        "healthcare": "hospital",
        "name": "Medindia Hospitals, Chennai",
        "source": "OpenGovernmentData"
      },
      "geometry": {
        "type": "Point",
        "coordinates": [
          80.2432201,
          13.0606718
        ]
      },
      "id": "node/6937067452"
    },
    {
      "type": "Feature",
      "properties": {
        "@id": "node/6937320470",
        "addr:district": "Chennai",
        "addr:full": "599,T.H.Road, Tondiarpet",
        "addr:postcode": "600081",
        "addr:state": "Tamil Nadu",
        "amenity": "hospital",
        "healthcare": "hospital",
        "name": "Rudhra-Chella Clinicare`N`Cure Services",
        "source": "OpenGovernmentData"
      },
      "geometry": {
        "type": "Point",
        "coordinates": [
          80.293498,
          13.1228878
        ]
      },
      "id": "node/6937320470"
    },
    {
      "type": "Feature",
      "properties": {
        "@id": "node/6937351599",
        "addr:district": "Chennai",
        "addr:full": "827, Poonamallee High Road",
        "addr:housenumber": "274",
        "addr:postcode": "600010",
        "addr:state": "Tamil Nadu",
        "addr:street": "Poonamalee High Road",
        "alt_name": "KKR ENT Hospital",
        "amenity": "hospital",
        "email": "enquiry@kkrenthospital.org",
        "healthcare": "hospital",
        "name": "K.K.R. ENT Hospital and Research Institute(P) Ltd",
        "opening_hours": "Mo-Su 07:00-19:00",
        "operator:type": "private",
        "phone": "+91 44 2641 1444",
        "source": "OpenGovernmentData",
        "website": "https://www.kkrenthospital.org/",
        "wikidata": "Q30260572"
      },
      "geometry": {
        "type": "Point",
        "coordinates": [
          80.2452886,
          13.0781955
        ]
      },
      "id": "node/6937351599"
    },
    {
      "type": "Feature",
      "properties": {
        "@id": "node/6937434309",
        "addr:district": "Chennai",
        "addr:full": "47, Railway Station Road, Near Post Office, Kodambakkam",
        "addr:postcode": "600024",
        "addr:state": "Tamil Nadu",
        "amenity": "hospital",
        "healthcare": "hospital",
        "name": "Srinivasa Hospital P P N, Chennai",
        "source": "OpenGovernmentData"
      },
      "geometry": {
        "type": "Point",
        "coordinates": [
          80.2299377,
          13.0503377
        ]
      },
      "id": "node/6937434309"
    },
    {
      "type": "Feature",
      "properties": {
        "@id": "node/6937467152",
        "addr:district": "Tiruchirappalli",
        "addr:full": "C,57 11Th Cross Thillai Nagar",
        "addr:postcode": "620018",
        "addr:state": "Tamil Nadu",
        "amenity": "hospital",
        "healthcare": "hospital",
        "name": "Gastro Cre Hospital",
        "source": "OpenGovernmentData"
      },
      "geometry": {
        "type": "Point",
        "coordinates": [
          80.2507684,
          13.0394065
        ]
      },
      "id": "node/6937467152"
    },
    {
      "type": "Feature",
      "properties": {
        "@id": "node/6937497904",
        "addr:district": "Tiruvallur",
        "addr:full": "No.36, Ist Main Road, Alwarthirunagar Annexe, Alwarthirunagar, Chennai",
        "addr:postcode": "600087",
        "addr:state": "Tamil Nadu",
        "amenity": "hospital",
        "healthcare": "hospital",
        "healthcare:speciality": "multi speciality",
        "name": "Aaditya Kamaraja Eye Hospital",
        "source": "OpenGovernmentData"
      },
      "geometry": {
        "type": "Point",
        "coordinates": [
          80.1865241,
          13.0463676
        ]
      },
      "id": "node/6937497904"
    },
    {
      "type": "Feature",
      "properties": {
        "@id": "node/6950288001",
        "addr:district": "Chennai",
        "addr:full": "No.2/614A,Philios Street,Neelangarai",
        "addr:postcode": "600002",
        "addr:state": "Tamil Nadu",
        "amenity": "hospital",
        "healthcare": "hospital",
        "name": "Sahishnatha Indtitute Of Maternal And Child Health",
        "source": "OpenGovernmentData"
      },
      "geometry": {
        "type": "Point",
        "coordinates": [
          80.2541614,
          12.9531897
        ]
      },
      "id": "node/6950288001"
    },
    {
      "type": "Feature",
      "properties": {
        "@id": "node/7181684162",
        "addr:district": "Chennai",
        "addr:full": "136 (295), Triplicane High Road",
        "addr:postcode": "600005",
        "addr:state": "Tamil Nadu",
        "amenity": "hospital",
        "healthcare": "hospital",
        "name": "Siva E N T Hospital",
        "source": "OpenGovernmentData"
      },
      "geometry": {
        "type": "Point",
        "coordinates": [
          80.2741693,
          13.0619796
        ]
      },
      "id": "node/7181684162"
    },
    {
      "type": "Feature",
      "properties": {
        "@id": "node/7181711080",
        "addr:district": "Chennai",
        "addr:full": "194, Old No 289, Lloyd's Road, Avvai Sanmugam Salai, Royapettah",
        "addr:postcode": "600014",
        "addr:state": "Tamil Nadu",
        "amenity": "hospital",
        "healthcare": "hospital",
        "name": "Vinayagam Laser Hospital, Chennai",
        "source": "OpenGovernmentData"
      },
      "geometry": {
        "type": "Point",
        "coordinates": [
          80.2650954,
          13.0476113
        ]
      },
      "id": "node/7181711080"
    },
    {
      "type": "Feature",
      "properties": {
        "@id": "node/7181721033",
        "addr:district": "Chennai",
        "addr:full": "No: 290, Triplicane High Road, Triplicane",
        "addr:postcode": "600014",
        "addr:state": "Tamil Nadu",
        "amenity": "hospital",
        "healthcare": "hospital",
        "name": "Dr Agarwals Eye Hospital, Triplicane",
        "source": "OpenGovernmentData"
      },
      "geometry": {
        "type": "Point",
        "coordinates": [
          80.2736449,
          13.0524884
        ]
      },
      "id": "node/7181721033"
    },
    {
      "type": "Feature",
      "properties": {
        "@id": "node/7181722911",
        "addr:district": "Chennai",
        "addr:full": "No-19, Cathedral Road",
        "addr:postcode": "600086",
        "addr:state": "Tamil Nadu",
        "addr:subdistrict": "Gopala Puram",
        "amenity": "hospital",
        "email": "dragarwal@vsnl.com",
        "healthcare": "hospital",
        "name": "Dr.Agarwal's Eye Hospital Ltd., Gopala Puram",
        "operator": "Dr. Agarwal's Eye Hospital",
        "operator:type": "private",
        "operator:wikidata": "Q17052044",
        "source": "OpenGovernmentData",
        "website": "https://www.dragarwal.com/"
      },
      "geometry": {
        "type": "Point",
        "coordinates": [
          80.259169,
          13.0432085
        ]
      },
      "id": "node/7181722911"
    },
    {
      "type": "Feature",
      "properties": {
        "@id": "node/7181748147",
        "addr:district": "Chennai",
        "addr:full": "No 22, Arcot Road, Saligramam",
        "addr:postcode": "600093",
        "addr:state": "Tamil Nadu",
        "amenity": "hospital",
        "healthcare": "hospital",
        "name": "Bharani Hospital",
        "source": "OpenGovernmentData"
      },
      "geometry": {
        "type": "Point",
        "coordinates": [
          80.2013205,
          13.0380111
        ]
      },
      "id": "node/7181748147"
    },
    {
      "type": "Feature",
      "properties": {
        "@id": "node/7210884259",
        "addr:district": "Chennai",
        "addr:full": "Ottagapalayam, Kannika Puram, Vadapalani, Chennai",
        "addr:postcode": "600026",
        "addr:state": "Tamil Nadu",
        "amenity": "hospital",
        "healthcare": "hospital",
        "name": "Fortis Vadapalani Hospital",
        "source": "OpenGovernmentData"
      },
      "geometry": {
        "type": "Point",
        "coordinates": [
          80.2042733,
          13.0475131
        ]
      },
      "id": "node/7210884259"
    },
    {
      "type": "Feature",
      "properties": {
        "@id": "node/7210895386",
        "addr:district": "Chennai",
        "addr:full": "Poonamallee High Road,Arumbakkam LandMark : Next to Chennai Ford LandMark",
        "addr:postcode": "636106",
        "addr:state": "Tamil Nadu",
        "amenity": "hospital",
        "healthcare": "hospital",
        "name": "Tamil Nadu Urological Research Centre Best Kidney Stone Clinic",
        "source": "OpenGovernmentData"
      },
      "geometry": {
        "type": "Point",
        "coordinates": [
          80.2147555,
          13.0748708
        ]
      },
      "id": "node/7210895386"
    },
    {
      "type": "Feature",
      "properties": {
        "@id": "node/7210911300",
        "addr:district": "Chennai",
        "addr:full": "No.06, Chokkalingam St, Jeth Nagar, Mandaveli",
        "addr:postcode": "600028",
        "addr:state": "Tamil Nadu",
        "amenity": "hospital",
        "healthcare": "hospital",
        "name": "Sri Ranga Hospitals",
        "source": "OpenGovernmentData"
      },
      "geometry": {
        "type": "Point",
        "coordinates": [
          80.2636265,
          13.0290525
        ]
      },
      "id": "node/7210911300"
    },
    {
      "type": "Feature",
      "properties": {
        "@id": "node/7210948177",
        "addr:district": "Chennai",
        "addr:full": "23, Pasumpon Muthuramalinga Thevar Rd, Rathna Nagar, Nandanam",
        "addr:postcode": "600035",
        "addr:state": "Tamil Nadu",
        "amenity": "hospital",
        "healthcare": "hospital",
        "name": "Chamiers Day Care Center",
        "source": "OpenGovernmentData"
      },
      "geometry": {
        "type": "Point",
        "coordinates": [
          80.2446245,
          13.0297278
        ]
      },
      "id": "node/7210948177"
    },
    {
      "type": "Feature",
      "properties": {
        "@id": "node/7213394742",
        "addr:district": "Chennai",
        "addr:full": "12/8, Phase-1, Thirumalai Nagar, Tirumalai Nagar, Perungudi",
        "addr:postcode": "600096",
        "addr:state": "Tamil Nadu",
        "amenity": "hospital",
        "name": "London Harley Street Women And Fertility Centre",
        "source": "OpenGovernmentData"
      },
      "geometry": {
        "type": "Point",
        "coordinates": [
          80.2421492,
          12.9609724
        ]
      },
      "id": "node/7213394742"
    },
    {
      "type": "Feature",
      "properties": {
        "@id": "node/7213449202",
        "addr:district": "Chennai",
        "addr:full": "3/2, 3/2, Adyar 3rd St, Bakthavatchalam Nagar, Baktavatsalm Nagar, Adyar, Chennai",
        "addr:postcode": "600020",
        "addr:state": "Tamil Nadu",
        "amenity": "hospital",
        "healthcare": "hospital",
        "name": "Gas Hospital",
        "source": "OpenGovernmentData"
      },
      "geometry": {
        "type": "Point",
        "coordinates": [
          80.2540981,
          13.003026
        ]
      },
      "id": "node/7213449202"
    },
    {
      "type": "Feature",
      "properties": {
        "@id": "node/7213492568",
        "addr:district": "Chennai",
        "addr:full": "56,(Old No.105), G.N. Chetty Road, First Floor, T.Nagar",
        "addr:postcode": "600017",
        "addr:state": "Tamil Nadu",
        "amenity": "hospital",
        "healthcare": "hospital",
        "name": "Dr.Bala Subramanian",
        "source": "OpenGovernmentData"
      },
      "geometry": {
        "type": "Point",
        "coordinates": [
          80.2423799,
          13.0465056
        ]
      },
      "id": "node/7213492568"
    },
    {
      "type": "Feature",
      "properties": {
        "@id": "node/7252256177",
        "addr:block": "Chennai Zone I",
        "addr:district": "Chennai",
        "addr:full": "Near M.R. Nagar, Bus Stop, Moolakadai, Perambur, Ist Main Road",
        "addr:postcode": "0:00",
        "addr:state": "Tamil Nadu",
        "amenity": "hospital",
        "healthcare": "hospital",
        "name": "Swasthik Health Care center",
        "source": "OpenGovernmentData"
      },
      "geometry": {
        "type": "Point",
        "coordinates": [
          80.2506039,
          13.1297134
        ]
      },
      "id": "node/7252256177"
    },
    {
      "type": "Feature",
      "properties": {
        "@id": "node/7252256184",
        "addr:block": "Chennai Zone I",
        "addr:district": "Chennai",
        "addr:full": "86/A, Pandian Cinema Theatre, Kodungaiyur, Kamarajar Salai",
        "addr:postcode": "600081",
        "addr:state": "Tamil Nadu",
        "amenity": "hospital",
        "healthcare": "hospital",
        "name": "NRV Hospital",
        "source": "OpenGovernmentData"
      },
      "geometry": {
        "type": "Point",
        "coordinates": [
          80.243196,
          13.13468
        ]
      },
      "id": "node/7252256184"
    },
    {
      "type": "Feature",
      "properties": {
        "@id": "node/7252333314",
        "addr:block": "Chennai Zone Xi",
        "addr:district": "Chennai",
        "addr:full": "822, Poonamallee High Rd, Near Ega Theatre, Kilpauk, Chennai",
        "addr:postcode": "600010",
        "addr:state": "Tamil Nadu",
        "amenity": "hospital",
        "healthcare": "hospital",
        "name": "Govt Kilpauk Medical College Hospital",
        "source": "OpenGovernmentData"
      },
      "geometry": {
        "type": "Point",
        "coordinates": [
          80.243753,
          13.07832
        ]
      },
      "id": "node/7252333314"
    },
    {
      "type": "Feature",
      "properties": {
        "@id": "node/7252333318",
        "addr:block": "Chennai Zone I",
        "addr:district": "Chennai",
        "addr:full": "Near Washermanpet Post Office, Oldwashermanpet, Thiruvottiyur High Road",
        "addr:postcode": "600021",
        "addr:state": "Tamil Nadu",
        "amenity": "hospital",
        "healthcare": "hospital",
        "name": "Rasi Hospital",
        "source": "OpenGovernmentData"
      },
      "geometry": {
        "type": "Point",
        "coordinates": [
          80.285818,
          13.12038
        ]
      },
      "id": "node/7252333318"
    },
    {
      "type": "Feature",
      "properties": {
        "@id": "node/7252333320",
        "addr:block": "Chennai Zone Vi",
        "addr:district": "Chennai",
        "addr:full": "United India Nagar, Ayanavaram",
        "addr:postcode": "600023",
        "addr:state": "Tamil Nadu",
        "amenity": "hospital",
        "healthcare": "hospital",
        "name": "Government Maternity And Child Hospital",
        "source": "OpenGovernmentData"
      },
      "geometry": {
        "type": "Point",
        "coordinates": [
          80.2301988,
          13.0991743
        ]
      },
      "id": "node/7252333320"
    },
    {
      "type": "Feature",
      "properties": {
        "@id": "node/7252333321",
        "addr:block": "Chennai Zone Ix",
        "addr:district": "Chennai",
        "addr:full": "Near Hyatt Resigency Hotel, T. Nagar, Vijayaraghava Road",
        "addr:postcode": "600017",
        "addr:state": "Tamil Nadu",
        "amenity": "hospital",
        "healthcare": "hospital",
        "name": "Cloudnine Hospital - Chennai",
        "source": "OpenGovernmentData"
      },
      "geometry": {
        "type": "Point",
        "coordinates": [
          80.2461174,
          13.0433937
        ]
      },
      "id": "node/7252333321"
    },
    {
      "type": "Feature",
      "properties": {
        "@id": "node/7252333330",
        "addr:block": "Chennai Zone Ix",
        "addr:district": "Chennai",
        "addr:full": "Near Star Theatre, Triplicane, Quaide-Millah High Road",
        "addr:postcode": "600005",
        "addr:state": "Tamil Nadu",
        "amenity": "hospital",
        "healthcare": "hospital",
        "name": "Shifa Hospital And Reasearch Centre",
        "source": "OpenGovernmentData"
      },
      "geometry": {
        "type": "Point",
        "coordinates": [
          80.2745135,
          13.061988
        ]
      },
      "id": "node/7252333330"
    },
    {
      "type": "Feature",
      "properties": {
        "@id": "node/7252333337",
        "addr:block": "Chennai Zone Xi",
        "addr:district": "Chennai",
        "addr:full": "Mint, Royapuram, Osh Road",
        "addr:postcode": "600001",
        "addr:state": "Tamil Nadu",
        "amenity": "hospital",
        "healthcare": "hospital",
        "name": "Govt. Stanley Hospital",
        "source": "OpenGovernmentData"
      },
      "geometry": {
        "type": "Point",
        "coordinates": [
          80.286804,
          13.10618
        ]
      },
      "id": "node/7252333337"
    },
    {
      "type": "Feature",
      "properties": {
        "@id": "node/7252333341",
        "addr:block": "Chennai Zone X",
        "addr:district": "Chennai",
        "addr:full": "No. 46, (Opp) Vembulliammal Koil, Virugambakkam, Avm Avenue",
        "addr:postcode": "600092",
        "addr:state": "Tamil Nadu",
        "amenity": "hospital",
        "healthcare": "hospital",
        "name": "Subam Specialities Hospitals",
        "source": "OpenGovernmentData"
      },
      "geometry": {
        "type": "Point",
        "coordinates": [
          80.1895003,
          13.0469783
        ]
      },
      "id": "node/7252333341"
    },
    {
      "type": "Feature",
      "properties": {
        "@id": "node/7252333347",
        "addr:block": "Chennai Zone Xi",
        "addr:district": "Chennai",
        "addr:full": "Govt.Peripheral Hospital, Periyar Nagar, Shiva Vishnu Koil, Periyar Nagar, Jaganadhan Salai",
        "addr:postcode": "600082",
        "addr:state": "Tamil Nadu",
        "amenity": "hospital",
        "healthcare": "hospital",
        "name": "Govt Peripheral Hospital Periyar Nagar",
        "source": "OpenGovernmentData"
      },
      "geometry": {
        "type": "Point",
        "coordinates": [
          80.2233851,
          13.1153048
        ]
      },
      "id": "node/7252333347"
    },
    {
      "type": "Feature",
      "properties": {
        "@id": "node/7252333349",
        "addr:block": "Chennai Zone Ix",
        "addr:district": "Chennai",
        "addr:full": "5A, (Opp) Anjuman Hr.Sec. School, T. Nagar, Vijayaraghava Road",
        "addr:postcode": "600017",
        "addr:state": "Tamil Nadu",
        "amenity": "hospital",
        "healthcare": "hospital",
        "name": "Be Well Hospital",
        "source": "OpenGovernmentData"
      },
      "geometry": {
        "type": "Point",
        "coordinates": [
          80.2453103,
          13.0431134
        ]
      },
      "id": "node/7252333349"
    },
    {
      "type": "Feature",
      "properties": {
        "@id": "node/7252333352",
        "addr:block": "Chennai Zone X",
        "addr:district": "Chennai",
        "addr:full": "No.1, (Opp) To Akr Mahal, Virugambakkam, Soranmbigai Nagar",
        "addr:postcode": "600092",
        "addr:state": "Tamil Nadu",
        "amenity": "hospital",
        "healthcare": "hospital",
        "name": "Hera Hospital",
        "source": "OpenGovernmentData"
      },
      "geometry": {
        "type": "Point",
        "coordinates": [
          80.1922458,
          13.0508643
        ]
      },
      "id": "node/7252333352"
    },
    {
      "type": "Feature",
      "properties": {
        "@id": "node/7252333354",
        "addr:district": "Chennai",
        "addr:full": "E Kal Mandapam Rd, Panaimarathotti, Pudumani Kuppam, Royapuram, Chennai",
        "addr:postcode": "600013",
        "addr:state": "Tamil Nadu",
        "amenity": "hospital",
        "healthcare": "hospital",
        "name": "Government Unani Hospital",
        "source": "OpenGovernmentData"
      },
      "geometry": {
        "type": "Point",
        "coordinates": [
          80.2957982,
          13.1129012
        ]
      },
      "id": "node/7252333354"
    },
    {
      "type": "Feature",
      "properties": {
        "@id": "node/7252333356",
        "addr:block": "Chennai Zone Ix",
        "addr:district": "Chennai",
        "addr:full": "103-109, Near Valluvarkottam, Nungambakkam, Valluvarkottam High Road",
        "addr:postcode": "600034",
        "addr:state": "Tamil Nadu",
        "amenity": "hospital",
        "healthcare": "hospital",
        "name": "Meenakshi Hospital & Childrens Hospital",
        "source": "OpenGovernmentData"
      },
      "geometry": {
        "type": "Point",
        "coordinates": [
          80.2428501,
          13.0586646
        ]
      },
      "id": "node/7252333356"
    },
    {
      "type": "Feature",
      "properties": {
        "@id": "node/7252333371",
        "addr:block": "Chennai Zone Ix",
        "addr:district": "Chennai",
        "addr:full": "New No: 53/25, Near L.V. Bank, Triplicane, Big Street",
        "addr:postcode": "600005",
        "addr:state": "Tamil Nadu",
        "amenity": "hospital",
        "healthcare": "hospital",
        "name": "Hiba Hospital",
        "source": "OpenGovernmentData"
      },
      "geometry": {
        "type": "Point",
        "coordinates": [
          80.275793,
          13.0616195
        ]
      },
      "id": "node/7252333371"
    },
    {
      "type": "Feature",
      "properties": {
        "@id": "node/7252333372",
        "addr:block": "Chennai Zone Ix",
        "addr:district": "Chennai",
        "addr:full": "Muthiah Street, Dr. Natesan Road, Ice House, Mirsahibpet, Royapettah",
        "addr:postcode": "600005",
        "addr:state": "Tamil Nadu",
        "amenity": "hospital",
        "healthcare": "hospital",
        "name": "A.R.A Hospital For Women",
        "source": "OpenGovernmentData"
      },
      "geometry": {
        "type": "Point",
        "coordinates": [
          80.2735131,
          13.0508818
        ]
      },
      "id": "node/7252333372"
    },
    {
      "type": "Feature",
      "properties": {
        "@id": "node/7252333375",
        "addr:block": "Chennai Zone X",
        "addr:district": "Chennai",
        "addr:full": "No.849, Near Parvathi Bhavan, Elango Nagar, Kaliamman Koil St",
        "addr:postcode": "600092",
        "addr:state": "Tamil Nadu",
        "amenity": "hospital",
        "name": "Priyas Medical Centre",
        "source": "OpenGovernmentData"
      },
      "geometry": {
        "type": "Point",
        "coordinates": [
          80.1954415,
          13.0594024
        ]
      },
      "id": "node/7252333375"
    },
    {
      "type": "Feature",
      "properties": {
        "@id": "node/7252333378",
        "addr:block": "Chennai Zone Ix",
        "addr:district": "Chennai",
        "addr:full": "No. 562, Century Plaza, Anna Salai, Teynampet, Opp.Hyatt Regency, Chennai;Century Plaza Anna Salai Teynampet",
        "addr:postcode": "600018",
        "addr:state": "Tamil Nadu",
        "amenity": "hospital",
        "healthcare": "hospital",
        "name": "Dr. Rai Memorial Medical Centre",
        "source": "OpenGovernmentData"
      },
      "geometry": {
        "type": "Point",
        "coordinates": [
          80.2475507,
          13.044837
        ]
      },
      "id": "node/7252333378"
    },
    {
      "type": "Feature",
      "properties": {
        "@id": "node/7252333380",
        "addr:block": "Chennai Zone X",
        "addr:district": "Chennai",
        "addr:full": "Near Corporation Ground, Kodambakkam, Trustpuram 4Th Cross St",
        "addr:state": "Tamil Nadu",
        "amenity": "hospital",
        "healthcare": "hospital",
        "name": "Medway Hospitals",
        "source": "OpenGovernmentData"
      },
      "geometry": {
        "type": "Point",
        "coordinates": [
          80.2275376,
          13.0535971
        ]
      },
      "id": "node/7252333380"
    },
    {
      "type": "Feature",
      "properties": {
        "@id": "node/7252333381",
        "addr:block": "Chennai Zone V",
        "addr:district": "Chennai",
        "addr:full": "Near Seven Wells Police Station, Seven Wells, Amman Koil Street,Chennai-1",
        "addr:postcode": "600001",
        "addr:state": "Tamil Nadu",
        "amenity": "hospital",
        "healthcare": "hospital",
        "name": "Seven Wells Hospital",
        "source": "OpenGovernmentData"
      },
      "geometry": {
        "type": "Point",
        "coordinates": [
          80.2825418,
          13.0993782
        ]
      },
      "id": "node/7252333381"
    },
    {
      "type": "Feature",
      "properties": {
        "@id": "node/7252333383",
        "addr:block": "Chennai Zone Xi",
        "addr:district": "Chennai",
        "addr:full": "Pudupet, Komaleeswaranpet, Egmore, Chennai",
        "addr:postcode": "600002",
        "addr:state": "Tamil Nadu",
        "amenity": "hospital",
        "healthcare": "hospital",
        "name": "Government Hospital",
        "source": "OpenGovernmentData"
      },
      "geometry": {
        "type": "Point",
        "coordinates": [
          80.2672078,
          13.068807
        ]
      },
      "id": "node/7252333383"
    },
    {
      "type": "Feature",
      "properties": {
        "@id": "node/7252333388",
        "addr:block": "Chennai Zone X",
        "addr:district": "Chennai",
        "addr:full": "No.55, Virugambakkam, Elango Nagar Main Road",
        "addr:postcode": "600092",
        "addr:state": "Tamil Nadu",
        "amenity": "hospital",
        "healthcare": "hospital",
        "name": "Standard Hospital",
        "source": "OpenGovernmentData"
      },
      "geometry": {
        "type": "Point",
        "coordinates": [
          80.1898468,
          13.0524675
        ]
      },
      "id": "node/7252333388"
    },
    {
      "type": "Feature",
      "properties": {
        "@id": "node/7252333389",
        "addr:block": "Chennai Zone V",
        "addr:district": "Chennai",
        "addr:full": "Near old washermanpet post office, Royapuram, Solaiappar Street",
        "addr:postcode": "600021",
        "addr:state": "Tamil Nadu",
        "amenity": "hospital",
        "healthcare": "hospital",
        "name": "Chennai Corporation Hospital",
        "source": "OpenGovernmentData"
      },
      "geometry": {
        "type": "Point",
        "coordinates": [
          80.2844517,
          13.1142928
        ]
      },
      "id": "node/7252333389"
    },
    {
      "type": "Feature",
      "properties": {
        "@id": "node/7252333390",
        "addr:block": "Chennai Zone X",
        "addr:district": "Chennai",
        "addr:full": "Sector 11, K. K. Nagar, Chennai",
        "addr:postcode": "600083",
        "addr:state": "Tamil Nadu",
        "amenity": "hospital",
        "healthcare": "hospital",
        "name": "Guru Raghavendra Hospital",
        "source": "OpenGovernmentData"
      },
      "geometry": {
        "type": "Point",
        "coordinates": [
          80.1964532,
          13.0410091
        ]
      },
      "id": "node/7252333390"
    },
    {
      "type": "Feature",
      "properties": {
        "@id": "node/7252333394",
        "addr:block": "Chennai Zone Ix",
        "addr:district": "Chennai",
        "addr:full": "128/241, (Opp) To Provident Fund Office, Royapettah",
        "addr:postcode": "600014",
        "addr:state": "Tamil Nadu",
        "amenity": "hospital",
        "healthcare": "hospital",
        "name": "Seethapathy clinic & Hospital",
        "source": "OpenGovernmentData",
        "wikidata": "Q61932788"
      },
      "geometry": {
        "type": "Point",
        "coordinates": [
          80.2645448,
          13.0487028
        ]
      },
      "id": "node/7252333394"
    },
    {
      "type": "Feature",
      "properties": {
        "@id": "node/7252333396",
        "addr:block": "Madhavaram",
        "addr:district": "Thiruvallur",
        "addr:full": "Near Pavithra Hospital, Chennai, Plot No 1,2,3 , Ethirajaswamy Salai, Erukkanchery",
        "addr:postcode": "600118",
        "addr:state": "Tamil Nadu",
        "addr:subdistrict": "Mathavaram",
        "amenity": "hospital",
        "healthcare": "hospital",
        "name": "Kvt Health Speciality Hospital",
        "source": "OpenGovernmentData"
      },
      "geometry": {
        "type": "Point",
        "coordinates": [
          80.2489796,
          13.1267531
        ]
      },
      "id": "node/7252333396"
    },
    {
      "type": "Feature",
      "properties": {
        "@id": "node/7252333397",
        "addr:block": "Chennai Zone Ix",
        "addr:district": "Chennai",
        "addr:full": "No: 175, Near Indian Bank, Triplicane, Big Street",
        "addr:postcode": "600005",
        "addr:state": "Tamil Nadu",
        "amenity": "hospital",
        "healthcare": "hospital",
        "name": "Sakthi Hospital &Reasearch Centre Helath Care Organization",
        "source": "OpenGovernmentData"
      },
      "geometry": {
        "type": "Point",
        "coordinates": [
          80.2757357,
          13.0572714
        ]
      },
      "id": "node/7252333397"
    },
    {
      "type": "Feature",
      "properties": {
        "@id": "node/7252333398",
        "addr:block": "Chennai Zone Ix",
        "addr:district": "Chennai",
        "addr:full": "No:20, Near North Usman Road Head Post Office, T. Nagar, North Usman Road",
        "addr:postcode": "600017",
        "addr:state": "Tamil Nadu",
        "amenity": "hospital",
        "healthcare": "hospital",
        "name": "Women And Children Foundation Hospitals T-Nagar",
        "source": "OpenGovernmentData"
      },
      "geometry": {
        "type": "Point",
        "coordinates": [
          80.2329957,
          13.0480821
        ]
      },
      "id": "node/7252333398"
    },
    {
      "type": "Feature",
      "properties": {
        "@id": "node/7252333402",
        "addr:block": "Chennai Zone X",
        "addr:district": "Chennai",
        "addr:full": "121/60, Kaliamman Koil Street, Ganapathy Raj Nagar, Virugambakkam",
        "addr:postcode": "600092",
        "addr:state": "Tamil Nadu",
        "amenity": "hospital",
        "healthcare": "hospital",
        "name": "Annai multispeciality hospital",
        "source": "OpenGovernmentData"
      },
      "geometry": {
        "type": "Point",
        "coordinates": [
          80.1927125,
          13.0538856
        ]
      },
      "id": "node/7252333402"
    },
    {
      "type": "Feature",
      "properties": {
        "@id": "node/7252333403",
        "addr:district": "Thiruvallur",
        "addr:full": "No.65, Near K4 Police Station, Anna Nagar Chennai, R- Block, 12Th Street",
        "addr:postcode": "600040",
        "addr:state": "Tamil Nadu",
        "addr:subdistrict": "Ambattur",
        "amenity": "hospital",
        "healthcare": "hospital",
        "name": "Firm Hospital",
        "source": "OpenGovernmentData"
      },
      "geometry": {
        "type": "Point",
        "coordinates": [
          80.2139939,
          13.0916464
        ]
      },
      "id": "node/7252333403"
    },
    {
      "type": "Feature",
      "properties": {
        "@id": "node/7252333406",
        "addr:block": "Chennai Zone Ix",
        "addr:district": "Chennai",
        "addr:full": "Near Power House, Kodambakkam, Vellala Street",
        "addr:postcode": "600024",
        "addr:state": "Tamil Nadu",
        "amenity": "hospital",
        "healthcare": "hospital",
        "name": "The Best Hospital Private Ltd",
        "source": "OpenGovernmentData"
      },
      "geometry": {
        "type": "Point",
        "coordinates": [
          80.2195494,
          13.0535089
        ]
      },
      "id": "node/7252333406"
    },
    {
      "type": "Feature",
      "properties": {
        "@id": "node/7252333407",
        "addr:block": "Chennai Zone Vi",
        "addr:district": "Chennai",
        "addr:full": "Purasaiwalkaam, Kariyappa Street",
        "addr:postcode": "600007",
        "addr:state": "Tamil Nadu",
        "amenity": "hospital",
        "healthcare": "hospital",
        "name": "Chennai Corporation Hospital",
        "source": "OpenGovernmentData"
      },
      "geometry": {
        "type": "Point",
        "coordinates": [
          80.256712,
          13.0887
        ]
      },
      "id": "node/7252333407"
    },
    {
      "type": "Feature",
      "properties": {
        "@id": "node/7252333409",
        "addr:block": "Chennai Zone Ix",
        "addr:district": "Chennai",
        "addr:full": "Near V.House Bus Stop, Icce Hpuse, Dr.Bescent Road",
        "addr:postcode": "600005",
        "addr:state": "Tamil Nadu",
        "amenity": "hospital",
        "healthcare": "hospital",
        "name": "Triplicane Government Hospital",
        "source": "OpenGovernmentData"
      },
      "geometry": {
        "type": "Point",
        "coordinates": [
          80.2747981,
          13.060986
        ]
      },
      "id": "node/7252333409"
    },
    {
      "type": "Feature",
      "properties": {
        "@id": "node/7252333416",
        "addr:block": "Chennai Zone X",
        "addr:district": "Chennai",
        "addr:full": "Koyambedu Market, Virugambakkam, Natesa Nagar,5Th Main Road",
        "addr:postcode": "600092",
        "addr:state": "Tamil Nadu",
        "amenity": "hospital",
        "name": "Government Hospital For Ladies And Children",
        "source": "OpenGovernmentData"
      },
      "geometry": {
        "type": "Point",
        "coordinates": [
          80.1928218,
          13.0590564
        ]
      },
      "id": "node/7252333416"
    },
    {
      "type": "Feature",
      "properties": {
        "@id": "node/7255706468",
        "addr:district": "Chennai",
        "addr:full": "Tirumurthy Nagar, Nungambakkam, Chennai",
        "addr:postcode": "600034",
        "addr:state": "Tamil Nadu",
        "amenity": "hospital",
        "healthcare": "hospital",
        "name": "SIMS Hospital",
        "source": "Local Knowledge"
      },
      "geometry": {
        "type": "Point",
        "coordinates": [
          80.2478331,
          13.0561828
        ]
      },
      "id": "node/7255706468"
    },
    {
      "type": "Feature",
      "properties": {
        "@id": "node/7257289123",
        "addr:block": "Thiruvannamalai",
        "addr:district": "Tiruvannamalai",
        "addr:full": "Arani Road, Chetpet, Dharmaraja Kovil Street",
        "addr:postcode": "606801",
        "addr:state": "Tamil Nadu",
        "amenity": "hospital",
        "healthcare": "hospital",
        "name": "Suraj Hospital",
        "source": "OpenGovernmentData"
      },
      "geometry": {
        "type": "Point",
        "coordinates": [
          80.1967559,
          12.9107782
        ]
      },
      "id": "node/7257289123"
    },
    {
      "type": "Feature",
      "properties": {
        "@id": "node/7257421540",
        "addr:block": "Chennai Zone X",
        "addr:district": "Chennai",
        "addr:full": "Next To Ashok Nagar Bus Statnd, Ashok Nagar, 2Nd Avenue",
        "addr:postcode": "600083",
        "addr:state": "Tamil Nadu",
        "amenity": "hospital",
        "healthcare": "hospital",
        "name": "Sunrays Laproscopic Centre",
        "source": "OpenGovernmentData"
      },
      "geometry": {
        "type": "Point",
        "coordinates": [
          80.2099892,
          13.0319129
        ]
      },
      "id": "node/7257421540"
    },
    {
      "type": "Feature",
      "properties": {
        "@id": "node/7257421555",
        "addr:block": "Chennai Zone I",
        "addr:district": "Chennai",
        "addr:full": "Near Kvb Bank, Medavakkam Main Rd, Rose Nagar, Kovilambakkam",
        "addr:postcode": "600117",
        "addr:state": "Tamil Nadu",
        "amenity": "hospital",
        "healthcare": "hospital",
        "name": "Arun Hospital",
        "source": "OpenGovernmentData"
      },
      "geometry": {
        "type": "Point",
        "coordinates": [
          80.1828683,
          12.9408644
        ]
      },
      "id": "node/7257421555"
    },
    {
      "type": "Feature",
      "properties": {
        "@id": "node/7257421557",
        "addr:block": "Chennai Zone Ix",
        "addr:district": "Chennai",
        "addr:full": "Alwarpet Signal, Alwerpet, T.T..K Road",
        "addr:postcode": "600018",
        "addr:state": "Tamil Nadu",
        "amenity": "hospital",
        "healthcare": "hospital",
        "name": "Motherhood Hospital",
        "source": "OpenGovernmentData"
      },
      "geometry": {
        "type": "Point",
        "coordinates": [
          80.2511993,
          13.0312006
        ]
      },
      "id": "node/7257421557"
    },
    {
      "type": "Feature",
      "properties": {
        "@id": "node/7257421559",
        "addr:block": "Chennai Zone Xiii",
        "addr:district": "Chennai",
        "addr:full": "Near Adiyar Police Station, Shastri Nagar, Adyar",
        "addr:postcode": "600020",
        "addr:state": "Tamil Nadu",
        "amenity": "hospital",
        "healthcare": "hospital",
        "name": "Government Hospital, Adyar",
        "source": "OpenGovernmentData"
      },
      "geometry": {
        "type": "Point",
        "coordinates": [
          80.2562121,
          12.9979497
        ]
      },
      "id": "node/7257421559"
    },
    {
      "type": "Feature",
      "properties": {
        "@id": "node/7257421569",
        "addr:block": "Chennai Zone X",
        "addr:district": "Chennai",
        "addr:full": "No:1, Raj Palace Hotel (Opp), T. Nagar, Crescent Park St",
        "addr:postcode": "600017",
        "addr:state": "Tamil Nadu",
        "amenity": "hospital",
        "check_date": "2025-11-21",
        "healthcare": "hospital",
        "name": "Gunasekaran Hospitals Pvt.Ltd",
        "source": "OpenGovernmentData"
      },
      "geometry": {
        "type": "Point",
        "coordinates": [
          80.2389389,
          13.0374624
        ]
      },
      "id": "node/7257421569"
    },
    {
      "type": "Feature",
      "properties": {
        "@id": "node/7257421583",
        "addr:block": "Chennai Zone X",
        "addr:district": "Chennai",
        "addr:full": "No: 46, 1St Avenue, Opp To Canara Bank & Andhra Bank, Ashok Nagar, Chennai",
        "addr:postcode": "600083",
        "addr:state": "Tamil Nadu",
        "amenity": "hospital",
        "healthcare": "hospital",
        "name": "Kumaran Specialities Hospital",
        "source": "OpenGovernmentData"
      },
      "geometry": {
        "type": "Point",
        "coordinates": [
          80.21204,
          13.03968
        ]
      },
      "id": "node/7257421583"
    },
    {
      "type": "Feature",
      "properties": {
        "@id": "node/7257421586",
        "addr:block": "Chennai Zone X",
        "addr:district": "Chennai",
        "addr:full": "32, Pillayar Koil St, Kk Nagar West, Nesapakkam",
        "addr:postcode": "600078",
        "addr:state": "Tamil Nadu",
        "amenity": "hospital",
        "healthcare": "hospital",
        "name": "Arokiya hospital",
        "source": "OpenGovernmentData"
      },
      "geometry": {
        "type": "Point",
        "coordinates": [
          80.190944,
          13.0374234
        ]
      },
      "id": "node/7257421586"
    },
    {
      "type": "Feature",
      "properties": {
        "@id": "node/7257421593",
        "addr:block": "Chennai Zone Ix",
        "addr:district": "Chennai",
        "addr:full": "Suthamal Extension, Teynampet, First Main Road",
        "addr:postcode": "600018",
        "addr:state": "Tamil Nadu",
        "amenity": "hospital",
        "healthcare": "hospital",
        "name": "Genesis Womens Hospital",
        "source": "OpenGovernmentData"
      },
      "geometry": {
        "type": "Point",
        "coordinates": [
          80.2465468,
          13.034922
        ]
      },
      "id": "node/7257421593"
    },
    {
      "type": "Feature",
      "properties": {
        "@id": "node/7257421596",
        "addr:block": "Chennai Zone Ix",
        "addr:district": "Chennai",
        "addr:full": "New No: 12, Old No:29, Behind Dakshina Hindi Prachara Sabha, T. Nagar, Hindi Prachara Sabha St",
        "addr:postcode": "600017",
        "addr:state": "Tamil Nadu",
        "amenity": "hospital",
        "healthcare": "hospital",
        "name": "Radhatri Nethralaya",
        "source": "OpenGovernmentData"
      },
      "geometry": {
        "type": "Point",
        "coordinates": [
          80.2398192,
          13.0342203
        ]
      },
      "id": "node/7257421596"
    },
    {
      "type": "Feature",
      "properties": {
        "@id": "node/7257421601",
        "addr:block": "Chennai Zone Ix",
        "addr:district": "Chennai",
        "addr:full": "Cit Colony, Alwarpet",
        "addr:postcode": "600018",
        "addr:state": "Tamil Nadu",
        "amenity": "hospital",
        "healthcare": "hospital",
        "name": "Kavery Hospital",
        "source": "OpenGovernmentData"
      },
      "geometry": {
        "type": "Point",
        "coordinates": [
          80.2572398,
          13.038362
        ]
      },
      "id": "node/7257421601"
    },
    {
      "type": "Feature",
      "properties": {
        "@id": "node/7257421602",
        "addr:block": "Chennai Zone Xiii",
        "addr:district": "Chennai",
        "addr:full": "Kannammapet, Cit Nagar, Chennai",
        "addr:postcode": "600017",
        "addr:state": "Tamil Nadu",
        "amenity": "hospital",
        "healthcare": "hospital",
        "name": "Kanamapet Government Hospital",
        "source": "OpenGovernmentData"
      },
      "geometry": {
        "type": "Point",
        "coordinates": [
          80.2261208,
          13.0298989
        ]
      },
      "id": "node/7257421602"
    },
    {
      "type": "Feature",
      "properties": {
        "@id": "node/7257421613",
        "addr:block": "Chennai Zone Xii",
        "addr:district": "Chennai",
        "addr:full": "Near Rto Office, Alandhur, Sowri Street",
        "addr:postcode": "600016",
        "addr:state": "Tamil Nadu",
        "amenity": "hospital",
        "healthcare": "hospital",
        "name": "Government Hospital Alandur",
        "source": "OpenGovernmentData"
      },
      "geometry": {
        "type": "Point",
        "coordinates": [
          80.2025432,
          13.0048164
        ]
      },
      "id": "node/7257421613"
    },
    {
      "type": "Feature",
      "properties": {
        "@id": "node/7257421615",
        "addr:block": "Chennai Zone X",
        "addr:district": "Chennai",
        "addr:full": "No.7, Mgr Statue, Amman Street, Ramapuram Main Road, Nehru Nagar, Nesapakkam",
        "addr:postcode": "600078",
        "addr:state": "Tamil Nadu",
        "amenity": "hospital",
        "healthcare": "hospital",
        "name": "Janani Hospital",
        "source": "OpenGovernmentData"
      },
      "geometry": {
        "type": "Point",
        "coordinates": [
          80.1909256,
          13.0313233
        ]
      },
      "id": "node/7257421615"
    },
    {
      "type": "Feature",
      "properties": {
        "@id": "node/7257421619",
        "addr:block": "Tambaram Mpty",
        "addr:district": "Kancheepuram",
        "addr:full": "Vijayaraja Kalyana Mandapam, Kovilambakkam, Dhinakaran Street",
        "addr:postcode": "600117",
        "addr:state": "Tamil Nadu",
        "addr:subdistrict": "Tambaram",
        "amenity": "hospital",
        "healthcare": "hospital",
        "name": "T.K.R. Hospital",
        "source": "OpenGovernmentData"
      },
      "geometry": {
        "type": "Point",
        "coordinates": [
          80.1807557,
          12.9342227
        ]
      },
      "id": "node/7257421619"
    },
    {
      "type": "Feature",
      "properties": {
        "@id": "node/7320948885",
        "amenity": "hospital",
        "healthcare": "hospital",
        "name:en": "Unani sidha ayurvedha in patient block"
      },
      "geometry": {
        "type": "Point",
        "coordinates": [
          80.21879,
          13.0753606
        ]
      },
      "id": "node/7320948885"
    },
    {
      "type": "Feature",
      "properties": {
        "@id": "node/7822259984",
        "addr:district": "Chengalpattu",
        "addr:full": "Vijayanagaram, Medavakkam",
        "addr:postcode": "600073",
        "addr:state": "Tamil Nadu",
        "amenity": "hospital",
        "healthcare": "hospital",
        "name": "Deepam Rehabilitation Centre",
        "source": "Local Knowledge"
      },
      "geometry": {
        "type": "Point",
        "coordinates": [
          80.1789307,
          12.9163865
        ]
      },
      "id": "node/7822259984"
    },
    {
      "type": "Feature",
      "properties": {
        "@id": "node/7822259986",
        "addr:district": "Chengalpattu",
        "addr:full": "Elcot Sez, Sholinganallur",
        "addr:postcode": "600119",
        "addr:state": "Tamil Nadu",
        "amenity": "hospital",
        "healthcare": "hospital",
        "name": "HCL Health Care",
        "source": "Local Knowledge"
      },
      "geometry": {
        "type": "Point",
        "coordinates": [
          80.216804,
          12.9044723
        ]
      },
      "id": "node/7822259986"
    },
    {
      "type": "Feature",
      "properties": {
        "@id": "node/7822259988",
        "addr:district": "Chengalpattu",
        "addr:full": "Medavakkam",
        "addr:postcode": "600100",
        "addr:state": "Tamil Nadu",
        "amenity": "hospital",
        "healthcare": "hospital",
        "name": "Subasree Hospital",
        "source": "Local Knowledge"
      },
      "geometry": {
        "type": "Point",
        "coordinates": [
          80.1940932,
          12.916822
        ]
      },
      "id": "node/7822259988"
    },
    {
      "type": "Feature",
      "properties": {
        "@id": "node/7822259992",
        "addr:district": "Chengalpattu",
        "addr:full": "Sholinganallur",
        "addr:postcode": "600119",
        "addr:state": "Tamil Nadu",
        "amenity": "hospital",
        "name": "Centre For Vision and Eye Surgery",
        "source": "Local Knowledge"
      },
      "geometry": {
        "type": "Point",
        "coordinates": [
          80.2233057,
          12.8948311
        ]
      },
      "id": "node/7822259992"
    },
    {
      "type": "Feature",
      "properties": {
        "@id": "node/7822259995",
        "addr:district": "Chengalpattu",
        "addr:full": "Karappakam",
        "addr:postcode": "600097",
        "addr:state": "Tamil Nadu",
        "amenity": "hospital",
        "healthcare": "hospital",
        "name": "Shri Sai Children's Hospital and Dental Clinic",
        "source": "Local Knowledge"
      },
      "geometry": {
        "type": "Point",
        "coordinates": [
          80.229384,
          12.912214
        ]
      },
      "id": "node/7822259995"
    },
    {
      "type": "Feature",
      "properties": {
        "@id": "node/7822260001",
        "addr:district": "Chengalpattu",
        "addr:full": "Vengaivasal, Medavakkam",
        "addr:postcode": "600100",
        "addr:state": "Tamil Nadu",
        "amenity": "hospital",
        "healthcare": "hospital",
        "name": "Sri Balaji Hospital",
        "source": "Local Knowledge"
      },
      "geometry": {
        "type": "Point",
        "coordinates": [
          80.190331,
          12.9178242
        ]
      },
      "id": "node/7822260001"
    },
    {
      "type": "Feature",
      "properties": {
        "@id": "node/7822260004",
        "addr:district": "Chengalpattu",
        "addr:full": "Kailash Nagar, Medavakkam",
        "addr:postcode": "600100",
        "addr:state": "Tamil Nadu",
        "amenity": "hospital",
        "name": "S.V. Hospital",
        "source": "Local Knowledge"
      },
      "geometry": {
        "type": "Point",
        "coordinates": [
          80.2026845,
          12.9069075
        ]
      },
      "id": "node/7822260004"
    },
    {
      "type": "Feature",
      "properties": {
        "@id": "node/7822260009",
        "addr:district": "Chengalpattu",
        "addr:full": "Bhagat Singh Nagar",
        "addr:postcode": "600097",
        "addr:state": "Tamil Nadu",
        "amenity": "hospital",
        "healthcare": "hospital",
        "name": "SV Hospital",
        "source": "Local Knowledge"
      },
      "geometry": {
        "type": "Point",
        "coordinates": [
          80.2326252,
          12.9319677
        ]
      },
      "id": "node/7822260009"
    },
    {
      "type": "Feature",
      "properties": {
        "@id": "node/7822260016",
        "addr:district": "Chengalpattu",
        "addr:full": "Medavakkam",
        "addr:postcode": "600100",
        "addr:state": "Tamil Nadu",
        "amenity": "hospital",
        "healthcare": "hospital",
        "name": "Karthick Children's Hospital",
        "source": "Local Knowledge"
      },
      "geometry": {
        "type": "Point",
        "coordinates": [
          80.192466,
          12.9123221
        ]
      },
      "id": "node/7822260016"
    },
    {
      "type": "Feature",
      "properties": {
        "@id": "node/7822260017",
        "addr:district": "Chengalpattu",
        "addr:full": "Perumbakkam, Medavakkam",
        "addr:postcode": "600100",
        "addr:state": "Tamil Nadu",
        "amenity": "hospital",
        "healthcare": "hospital",
        "name": "Arun Hospital",
        "source": "Local Knowledge"
      },
      "geometry": {
        "type": "Point",
        "coordinates": [
          80.1948032,
          12.9149784
        ]
      },
      "id": "node/7822260017"
    },
    {
      "type": "Feature",
      "properties": {
        "@id": "node/7822260018",
        "addr:district": "Chengalpattu",
        "addr:full": "Medavakkam",
        "addr:postcode": "600100",
        "addr:state": "Tamil Nadu",
        "amenity": "hospital",
        "healthcare": "hospital",
        "name": "Radial Ortho Speciality Hospital",
        "source": "Local Knowledge"
      },
      "geometry": {
        "type": "Point",
        "coordinates": [
          80.1915965,
          12.9131978
        ]
      },
      "id": "node/7822260018"
    },
    {
      "type": "Feature",
      "properties": {
        "@id": "node/7822260021",
        "addr:district": "Chengalpattu",
        "addr:full": "Thoraipakkam",
        "addr:postcode": "600097",
        "addr:state": "Tamil Nadu",
        "amenity": "hospital",
        "name": "Jayam Hospital",
        "source": "Local Knowledge"
      },
      "geometry": {
        "type": "Point",
        "coordinates": [
          80.2381651,
          12.9498749
        ]
      },
      "id": "node/7822260021"
    },
    {
      "type": "Feature",
      "properties": {
        "@id": "node/7822260025",
        "addr:district": "Chengalpattu",
        "addr:full": "Munusamy Nagar, Vimala Nagar, Medavakkam",
        "addr:postcode": "600100",
        "addr:state": "Tamil Nadu",
        "amenity": "hospital",
        "healthcare": "hospital",
        "name": "Maternity and Child Care Hospital",
        "source": "Local Knowledge"
      },
      "geometry": {
        "type": "Point",
        "coordinates": [
          80.1896622,
          12.9164866
        ]
      },
      "id": "node/7822260025"
    },
    {
      "type": "Feature",
      "properties": {
        "@id": "node/7822260032",
        "addr:district": "Chengalpattu",
        "addr:full": "Medavakkam",
        "addr:postcode": "600100",
        "addr:state": "Tamil Nadu",
        "amenity": "hospital",
        "healthcare": "hospital",
        "name": "Shri Balaji Diabetes Hospital",
        "source": "Local Knowledge"
      },
      "geometry": {
        "type": "Point",
        "coordinates": [
          80.1929516,
          12.9150069
        ]
      },
      "id": "node/7822260032"
    },
    {
      "type": "Feature",
      "properties": {
        "@id": "node/7822260033",
        "addr:district": "Chengalpattu",
        "addr:full": "Oggiyamduraipakkam",
        "addr:postcode": "600097",
        "addr:state": "Tamil Nadu",
        "amenity": "hospital",
        "name": "Dhanvantri Multi Speciality",
        "source": "Local Knowledge"
      },
      "geometry": {
        "type": "Point",
        "coordinates": [
          80.2412342,
          12.9402236
        ]
      },
      "id": "node/7822260033"
    },
    {
      "type": "Feature",
      "properties": {
        "@id": "node/7822260038",
        "addr:district": "Chengalpattu",
        "addr:full": "Medavakkam",
        "addr:postcode": "600100",
        "addr:state": "Tamil Nadu",
        "amenity": "hospital",
        "healthcare": "hospital",
        "name": "Annai Teresa Hospital",
        "source": "Local Knowledge"
      },
      "geometry": {
        "type": "Point",
        "coordinates": [
          80.1892056,
          12.9184999
        ]
      },
      "id": "node/7822260038"
    },
    {
      "type": "Feature",
      "properties": {
        "@id": "node/7822260044",
        "addr:district": "Chengalpattu",
        "addr:full": "Sholinganallur",
        "addr:postcode": "600097",
        "addr:state": "Tamil Nadu",
        "amenity": "hospital",
        "healthcare": "hospital",
        "name": "Swaram Hospital and Speciality Clinic",
        "source": "Local Knowledge"
      },
      "geometry": {
        "type": "Point",
        "coordinates": [
          80.2286,
          12.9011793
        ]
      },
      "id": "node/7822260044"
    },
    {
      "type": "Feature",
      "properties": {
        "@id": "node/7822260051",
        "addr:district": "Chengalpattu",
        "addr:full": "Kailash Nagar, Medavakkam",
        "addr:postcode": "600100",
        "addr:state": "Tamil Nadu",
        "amenity": "hospital",
        "name": "C-Dot Hospital",
        "source": "Local Knowledge"
      },
      "geometry": {
        "type": "Point",
        "coordinates": [
          80.2027359,
          12.9072738
        ]
      },
      "id": "node/7822260051"
    },
    {
      "type": "Feature",
      "properties": {
        "@id": "node/7822260054",
        "addr:district": "Chengalpattu",
        "addr:full": "Ezhil Nagar, Sholinganallur",
        "addr:postcode": "600119",
        "addr:state": "Tamil Nadu",
        "amenity": "hospital",
        "healthcare": "hospital",
        "name": "KL Hospital",
        "source": "Local Knowledge"
      },
      "geometry": {
        "type": "Point",
        "coordinates": [
          80.2283278,
          12.9006729
        ]
      },
      "id": "node/7822260054"
    },
    {
      "type": "Feature",
      "properties": {
        "@id": "node/7822260055",
        "addr:district": "Chengalpattu",
        "addr:full": "Munusamy Nagar, Vimala Nagar, Medavakkam",
        "addr:postcode": "600100",
        "addr:state": "Tamil Nadu",
        "amenity": "hospital",
        "healthcare": "hospital",
        "name": "Mugavari Eye Hospital and Research Institute",
        "source": "Local Knowledge"
      },
      "geometry": {
        "type": "Point",
        "coordinates": [
          80.1921463,
          12.9167105
        ]
      },
      "id": "node/7822260055"
    },
    {
      "type": "Feature",
      "properties": {
        "@id": "node/7822260056",
        "addr:district": "Chengalpattu",
        "addr:full": "Kailash Nagar, Medavakkam",
        "addr:postcode": "600100",
        "addr:state": "Tamil Nadu",
        "amenity": "hospital",
        "healthcare": "hospital",
        "name": "Global Hospital",
        "source": "Local Knowledge"
      },
      "geometry": {
        "type": "Point",
        "coordinates": [
          80.2072713,
          12.9060064
        ]
      },
      "id": "node/7822260056"
    },
    {
      "type": "Feature",
      "properties": {
        "@id": "node/7822543424",
        "addr:district": "Chengalpattu",
        "addr:full": "Pallikaranai",
        "addr:postcode": "600100",
        "addr:state": "Tamil Nadu",
        "amenity": "hospital",
        "healthcare": "hospital",
        "name": "Dr. Velmurugan Hospital",
        "source": "Local Knowledge"
      },
      "geometry": {
        "type": "Point",
        "coordinates": [
          80.2029589,
          12.9296419
        ]
      },
      "id": "node/7822543424"
    },
    {
      "type": "Feature",
      "properties": {
        "@id": "node/7822543430",
        "addr:district": "Chengalpattu",
        "addr:full": "Medavakkam, Nanmangalam",
        "addr:postcode": "600117",
        "addr:state": "Tamil Nadu",
        "amenity": "hospital",
        "healthcare": "hospital",
        "name": "AM Hospital",
        "source": "Local Knowledge"
      },
      "geometry": {
        "type": "Point",
        "coordinates": [
          80.1819961,
          12.9344546
        ]
      },
      "id": "node/7822543430"
    },
    {
      "type": "Feature",
      "properties": {
        "@id": "node/7822543438",
        "addr:district": "Chengalpattu",
        "addr:full": "Selvam Nagar, Pallikaranai",
        "addr:postcode": "600100",
        "addr:state": "Tamil Nadu",
        "amenity": "hospital",
        "healthcare": "hospital",
        "name": "Inbam Hospital",
        "source": "Local Knowledge"
      },
      "geometry": {
        "type": "Point",
        "coordinates": [
          80.2041509,
          12.9339688
        ]
      },
      "id": "node/7822543438"
    },
    {
      "type": "Feature",
      "properties": {
        "@id": "node/7822543444",
        "addr:district": "Chengalpattu",
        "addr:full": "Nanmangalam",
        "addr:postcode": "600117",
        "addr:state": "Tamil Nadu",
        "amenity": "hospital",
        "healthcare": "hospital",
        "name": "Hindusthan Hospital",
        "source": "Local Knowledge"
      },
      "geometry": {
        "type": "Point",
        "coordinates": [
          80.1806898,
          12.9393514
        ]
      },
      "id": "node/7822543444"
    },
    {
      "type": "Feature",
      "properties": {
        "@id": "node/7822543452",
        "addr:district": "Chengalpattu",
        "addr:full": "Vaithiyalingam Nagar, Nanmangalam",
        "addr:postcode": "600117",
        "addr:state": "Tamil Nadu",
        "amenity": "hospital",
        "healthcare": "hospital",
        "name": "RKP Hospital",
        "source": "Local Knowledge"
      },
      "geometry": {
        "type": "Point",
        "coordinates": [
          80.1799993,
          12.9379829
        ]
      },
      "id": "node/7822543452"
    },
    {
      "type": "Feature",
      "properties": {
        "@id": "node/7822543455",
        "addr:district": "Chengalpattu",
        "addr:full": "Devi Karumariamman Nagar, Pallikaranai",
        "addr:postcode": "600100",
        "addr:state": "Tamil Nadu",
        "amenity": "hospital",
        "healthcare": "hospital",
        "name": "Muthu Multi Speciality Hospital and Pharmacy",
        "source": "Local Knowledge"
      },
      "geometry": {
        "type": "Point",
        "coordinates": [
          80.200805,
          12.928263
        ]
      },
      "id": "node/7822543455"
    },
    {
      "type": "Feature",
      "properties": {
        "@id": "node/7822543471",
        "addr:district": "Chengalpattu",
        "addr:full": "Nehru Nagar, Nanmangalam",
        "addr:postcode": "600117",
        "addr:state": "Tamil Nadu",
        "amenity": "hospital",
        "healthcare": "hospital",
        "name": "Raj Joty Eye Hospital",
        "source": "Local Knowledge"
      },
      "geometry": {
        "type": "Point",
        "coordinates": [
          80.181802,
          12.935221
        ]
      },
      "id": "node/7822543471"
    },
    {
      "type": "Feature",
      "properties": {
        "@id": "node/7822543501",
        "addr:district": "Chengalpattu",
        "addr:full": "Pallikaranai",
        "addr:postcode": "600100",
        "addr:state": "Tamil Nadu",
        "amenity": "hospital",
        "healthcare": "hospital",
        "name": "V Cure Hospital",
        "source": "Local Knowledge"
      },
      "geometry": {
        "type": "Point",
        "coordinates": [
          80.199546,
          12.9280452
        ]
      },
      "id": "node/7822543501"
    },
    {
      "type": "Feature",
      "properties": {
        "@id": "node/7822543505",
        "addr:district": "Chengalpattu",
        "addr:full": "Vellakkal",
        "addr:postcode": "600117",
        "addr:state": "Tamil Nadu",
        "amenity": "hospital",
        "healthcare": "hospital",
        "name": "V.S. Hospital",
        "source": "Local Knowledge"
      },
      "geometry": {
        "type": "Point",
        "coordinates": [
          80.1811973,
          12.933726
        ]
      },
      "id": "node/7822543505"
    },
    {
      "type": "Feature",
      "properties": {
        "@id": "node/7823212559",
        "addr:district": "Chengalpattu",
        "addr:full": "Valmiki Nagar, Kannappa Nagar, Thiruvanmiyur",
        "addr:postcode": "600041",
        "addr:state": "Tamil Nadu",
        "amenity": "hospital",
        "healthcare": "hospital",
        "name": "Shakthi Hospital",
        "source": "Local Knowledge"
      },
      "geometry": {
        "type": "Point",
        "coordinates": [
          80.2543198,
          12.9753651
        ]
      },
      "id": "node/7823212559"
    },
    {
      "type": "Feature",
      "properties": {
        "@id": "node/7823212570",
        "addr:district": "Chengalpattu",
        "addr:full": "Thiruvanmiyur",
        "addr:postcode": "600041",
        "addr:state": "Tamil Nadu",
        "amenity": "hospital",
        "healthcare": "hospital",
        "name": "Hale and Healthy Hospitals",
        "source": "Local Knowledge"
      },
      "geometry": {
        "type": "Point",
        "coordinates": [
          80.2590077,
          12.9757686
        ]
      },
      "id": "node/7823212570"
    },
    {
      "type": "Feature",
      "properties": {
        "@id": "node/7823212573",
        "addr:district": "Chengalpattu",
        "addr:postcode": "600016",
        "addr:state": "Tamil Nadu",
        "amenity": "hospital",
        "healthcare": "hospital",
        "name": "Rathna Hospital",
        "source": "Local Knowledge"
      },
      "geometry": {
        "type": "Point",
        "coordinates": [
          80.1937172,
          13.0087475
        ]
      },
      "id": "node/7823212573"
    },
    {
      "type": "Feature",
      "properties": {
        "@id": "node/7823212576",
        "addr:district": "Chengalpattu",
        "addr:full": "Alandur",
        "addr:postcode": "600016",
        "addr:state": "Tamil Nadu",
        "amenity": "hospital",
        "healthcare": "hospital",
        "name": "S.S. Hospital",
        "source": "Local Knowledge"
      },
      "geometry": {
        "type": "Point",
        "coordinates": [
          80.2030844,
          13.0036449
        ]
      },
      "id": "node/7823212576"
    },
    {
      "type": "Feature",
      "properties": {
        "@id": "node/7823212579",
        "addr:district": "Chengalpattu",
        "addr:full": "Alandu",
        "addr:postcode": "600016",
        "addr:state": "Tamil Nadu",
        "amenity": "hospital",
        "healthcare": "hospital",
        "name": "Dhanraj Hospital",
        "source": "Local Knowledge"
      },
      "geometry": {
        "type": "Point",
        "coordinates": [
          80.2033269,
          13.0017797
        ]
      },
      "id": "node/7823212579"
    },
    {
      "type": "Feature",
      "properties": {
        "@id": "node/7823212581",
        "addr:district": "Chengalpattu",
        "addr:full": "Ambedkar Nagar, Manapakkam",
        "addr:postcode": "600116",
        "addr:state": "Tamil Nadu",
        "amenity": "hospital",
        "name": "Nalam Hospital",
        "source": "Local Knowledge"
      },
      "geometry": {
        "type": "Point",
        "coordinates": [
          80.1772853,
          13.0164671
        ]
      },
      "id": "node/7823212581"
    },
    {
      "type": "Feature",
      "properties": {
        "@id": "node/7823212607",
        "addr:district": "Chengalpattu",
        "addr:full": "Kottivakkam, Near Tiruvanmiyur",
        "addr:postcode": "600041",
        "addr:state": "Tamil Nadu",
        "amenity": "hospital",
        "healthcare": "hospital",
        "name": "Promed Hospital",
        "source": "Local Knowledge"
      },
      "geometry": {
        "type": "Point",
        "coordinates": [
          80.2582571,
          12.9751423
        ]
      },
      "id": "node/7823212607"
    },
    {
      "type": "Feature",
      "properties": {
        "@id": "node/7823212610",
        "addr:district": "Chengalpattu",
        "addr:full": "Kottivakkam",
        "addr:postcode": "600041",
        "addr:state": "Tamil Nadu",
        "amenity": "hospital",
        "healthcare": "hospital",
        "name": "Happy Clinic Hospital",
        "source": "Local Knowledge"
      },
      "geometry": {
        "type": "Point",
        "coordinates": [
          80.2566138,
          12.9693629
        ]
      },
      "id": "node/7823212610"
    },
    {
      "type": "Feature",
      "properties": {
        "@id": "node/7823212623",
        "addr:district": "Chengalpattu",
        "addr:full": "Alandur",
        "addr:postcode": "600016",
        "addr:state": "Tamil Nadu",
        "amenity": "hospital",
        "name": "Jaya Sri Hospital",
        "source": "Local Knowledge"
      },
      "geometry": {
        "type": "Point",
        "coordinates": [
          80.207025,
          13.0027883
        ]
      },
      "id": "node/7823212623"
    },
    {
      "type": "Feature",
      "properties": {
        "@id": "node/7823212624",
        "addr:district": "Chengalpattu",
        "addr:full": "Subbiah Nagar, Iyyappanthangal",
        "addr:postcode": "600056",
        "addr:state": "Tamil Nadu",
        "amenity": "hospital",
        "name": "Kedar Hospital",
        "source": "Local Knowledge"
      },
      "geometry": {
        "type": "Point",
        "coordinates": [
          80.1364773,
          13.0441663
        ]
      },
      "id": "node/7823212624"
    },
    {
      "type": "Feature",
      "properties": {
        "@id": "node/7823212631",
        "addr:district": "Chengalpattu",
        "addr:full": "Alandur",
        "addr:postcode": "600016",
        "addr:state": "Tamil Nadu",
        "amenity": "hospital",
        "name": "Kaanthi Makapperu Hospital",
        "source": "Local Knowledge"
      },
      "geometry": {
        "type": "Point",
        "coordinates": [
          80.2063632,
          13.003406
        ]
      },
      "id": "node/7823212631"
    },
    {
      "type": "Feature",
      "properties": {
        "@id": "node/7823212633",
        "addr:district": "Chengalpattu",
        "addr:full": "Pallavaram",
        "addr:postcode": "600043",
        "addr:state": "Tamil Nadu",
        "amenity": "hospital",
        "healthcare": "hospital",
        "name": "Medforte Health Care",
        "source": "Local Knowledge"
      },
      "geometry": {
        "type": "Point",
        "coordinates": [
          80.1499015,
          12.9700475
        ]
      },
      "id": "node/7823212633"
    },
    {
      "type": "Feature",
      "properties": {
        "@id": "node/7823212640",
        "addr:district": "Chengalpattu",
        "addr:full": "Pallavaram",
        "addr:postcode": "600044",
        "addr:state": "Tamil Nadu",
        "amenity": "hospital",
        "healthcare": "hospital",
        "name": "Contonment Board General Hospital",
        "source": "Local Knowledge"
      },
      "geometry": {
        "type": "Point",
        "coordinates": [
          80.148318,
          12.97059
        ]
      },
      "id": "node/7823212640"
    },
    {
      "type": "Feature",
      "properties": {
        "@id": "node/7823415020",
        "addr:district": "Chennai",
        "addr:full": "Radhakrishnan Nagar, Thiruvanmiyur",
        "addr:postcode": "600041",
        "addr:state": "Tamil Nadu",
        "amenity": "hospital",
        "healthcare": "hospital",
        "name": "Corporation Hospital",
        "source": "Local Knowledge"
      },
      "geometry": {
        "type": "Point",
        "coordinates": [
          80.2615046,
          12.9915347
        ]
      },
      "id": "node/7823415020"
    },
    {
      "type": "Feature",
      "properties": {
        "@id": "node/7823415021",
        "addr:district": "Chennai",
        "addr:full": "Thiruvanmiyur",
        "addr:postcode": "600041",
        "addr:state": "Tamil Nadu",
        "amenity": "hospital",
        "healthcare": "hospital",
        "name": "Relief Dental Hospitals",
        "source": "Local Knowledge"
      },
      "geometry": {
        "type": "Point",
        "coordinates": [
          80.258947,
          12.978253
        ]
      },
      "id": "node/7823415021"
    },
    {
      "type": "Feature",
      "properties": {
        "@id": "node/7823415033",
        "addr:district": "Chennai",
        "addr:full": "Mylapore, Chennai",
        "addr:postcode": "600004",
        "addr:state": "Tamil Nadu",
        "amenity": "hospital",
        "healthcare": "hospital",
        "name": "Accu Hospital",
        "source": "Local Knowledge"
      },
      "geometry": {
        "type": "Point",
        "coordinates": [
          80.267354,
          13.041251
        ]
      },
      "id": "node/7823415033"
    },
    {
      "type": "Feature",
      "properties": {
        "@id": "node/7823415037",
        "addr:district": "Chennai",
        "addr:full": "Sudandira Nagar, Royapettah",
        "addr:postcode": "600014",
        "addr:state": "Tamil Nadu",
        "amenity": "hospital",
        "healthcare": "hospital",
        "name": "Kalyani Hospital",
        "source": "Local Knowledge"
      },
      "geometry": {
        "type": "Point",
        "coordinates": [
          80.273209,
          13.0512111
        ]
      },
      "id": "node/7823415037"
    },
    {
      "type": "Feature",
      "properties": {
        "@id": "node/7823415048",
        "addr:district": "Chennai",
        "addr:full": "Mylapore, Chennai",
        "addr:postcode": "600004",
        "addr:state": "Tamil Nadu",
        "amenity": "hospital",
        "healthcare": "hospital",
        "name": "Triveni Hospital",
        "source": "Local Knowledge"
      },
      "geometry": {
        "type": "Point",
        "coordinates": [
          80.2581929,
          13.0385371
        ]
      },
      "id": "node/7823415048"
    },
    {
      "type": "Feature",
      "properties": {
        "@id": "node/7823415049",
        "addr:district": "Chennai",
        "addr:full": "Kamaraj Nagar, Thiruvanmiyur",
        "addr:postcode": "600041",
        "addr:state": "Tamil Nadu",
        "amenity": "hospital",
        "healthcare": "hospital",
        "name": "SMK Hospital",
        "source": "Local Knowledge"
      },
      "geometry": {
        "type": "Point",
        "coordinates": [
          80.260187,
          12.986383
        ]
      },
      "id": "node/7823415049"
    },
    {
      "type": "Feature",
      "properties": {
        "@id": "node/7823415056",
        "addr:district": "Chennai",
        "addr:full": "Radhakrishnan Nagar, Thiruvanmiyur",
        "addr:postcode": "600041",
        "addr:state": "Tamil Nadu",
        "amenity": "hospital",
        "healthcare": "hospital",
        "name": "Uma Sankaran Siddha Hospital",
        "source": "Local Knowledge"
      },
      "geometry": {
        "type": "Point",
        "coordinates": [
          80.2624479,
          12.9916719
        ]
      },
      "id": "node/7823415056"
    },
    {
      "type": "Feature",
      "properties": {
        "@id": "node/7823415059",
        "addr:district": "Chennai",
        "addr:postcode": "600014",
        "addr:state": "Tamil Nadu",
        "amenity": "hospital",
        "healthcare": "hospital",
        "name": "Vasantha Hospital",
        "source": "Local Knowledge"
      },
      "geometry": {
        "type": "Point",
        "coordinates": [
          80.2747953,
          13.0490602
        ]
      },
      "id": "node/7823415059"
    },
    {
      "type": "Feature",
      "properties": {
        "@id": "node/7823415061",
        "addr:district": "Chennai",
        "addr:full": "Royapettah, Chennai",
        "addr:postcode": "600004",
        "addr:state": "Tamil Nadu",
        "amenity": "hospital",
        "healthcare": "hospital",
        "name": "Orthomed Hospital",
        "source": "Local Knowledge"
      },
      "geometry": {
        "type": "Point",
        "coordinates": [
          80.2668731,
          13.0454703
        ]
      },
      "id": "node/7823415061"
    },
    {
      "type": "Feature",
      "properties": {
        "@id": "node/7823415065",
        "addr:district": "Chennai",
        "addr:full": "Shastri Nagar, Adyar",
        "addr:postcode": "600020",
        "addr:state": "Tamil Nadu",
        "amenity": "hospital",
        "healthcare": "hospital",
        "name": "Mint Hospitals",
        "source": "Local Knowledge"
      },
      "geometry": {
        "type": "Point",
        "coordinates": [
          80.258796,
          13.0013494
        ]
      },
      "id": "node/7823415065"
    },
    {
      "type": "Feature",
      "properties": {
        "@id": "node/7823415083",
        "addr:district": "Chennai",
        "addr:postcode": "600004",
        "addr:state": "Tamil Nadu",
        "amenity": "hospital",
        "healthcare": "hospital",
        "name": "Saanvi Fertility Centre Urology and Stone Centre",
        "source": "Local Knowledge"
      },
      "geometry": {
        "type": "Point",
        "coordinates": [
          80.2639406,
          13.0436591
        ]
      },
      "id": "node/7823415083"
    },
    {
      "type": "Feature",
      "properties": {
        "@id": "node/7823415084",
        "addr:district": "Chennai",
        "addr:full": "Mirsahibpet, Royapettah",
        "addr:postcode": "600014",
        "addr:state": "Tamil Nadu",
        "amenity": "hospital",
        "healthcare": "hospital",
        "name": "The Crescent Hospital",
        "source": "Local Knowledge"
      },
      "geometry": {
        "type": "Point",
        "coordinates": [
          80.2727865,
          13.0528771
        ]
      },
      "id": "node/7823415084"
    },
    {
      "type": "Feature",
      "properties": {
        "@id": "node/7823415087",
        "addr:district": "Chennai",
        "addr:full": "Narayana Krishnaraja Puram",
        "addr:postcode": "600005",
        "addr:state": "Tamil Nadu",
        "amenity": "hospital",
        "healthcare": "hospital",
        "name": "Syma Hospital",
        "source": "Local Knowledge"
      },
      "geometry": {
        "type": "Point",
        "coordinates": [
          80.2774772,
          13.0546321
        ]
      },
      "id": "node/7823415087"
    },
    {
      "type": "Feature",
      "properties": {
        "@id": "node/7823415088",
        "addr:district": "Chennai",
        "addr:full": "Narayana Krishnaraja Puram, Triplicane",
        "addr:postcode": "600005",
        "addr:state": "Tamil Nadu",
        "amenity": "hospital",
        "healthcare": "hospital",
        "name": "Sri Parthasarathy Hospital",
        "source": "Local Knowledge"
      },
      "geometry": {
        "type": "Point",
        "coordinates": [
          80.2756509,
          13.0547617
        ]
      },
      "id": "node/7823415088"
    },
    {
      "type": "Feature",
      "properties": {
        "@id": "node/7823415091",
        "addr:district": "Chennai",
        "addr:full": "Kamaraj Nagar, Thiruvanmiyur",
        "addr:postcode": "600041",
        "addr:state": "Tamil Nadu",
        "amenity": "hospital",
        "healthcare": "hospital",
        "name": "Ashwini Hospital",
        "source": "Local Knowledge"
      },
      "geometry": {
        "type": "Point",
        "coordinates": [
          80.2599586,
          12.9890173
        ]
      },
      "id": "node/7823415091"
    },
    {
      "type": "Feature",
      "properties": {
        "@id": "node/7823776196",
        "addr:district": "Chennai",
        "addr:full": "Vadapalani, Chennai",
        "addr:postcode": "600026",
        "addr:state": "Tamil Nadu",
        "amenity": "hospital",
        "healthcare": "hospital",
        "name": "R.S. Hospital",
        "source": "Local Knowledge"
      },
      "geometry": {
        "type": "Point",
        "coordinates": [
          80.2068588,
          13.0549375
        ]
      },
      "id": "node/7823776196"
    },
    {
      "type": "Feature",
      "properties": {
        "@id": "node/7823776197",
        "addr:district": "Chennai",
        "addr:full": "KK Nagar West, K. K. Nagar",
        "addr:postcode": "600078",
        "addr:state": "Tamil Nadu",
        "amenity": "hospital",
        "healthcare": "hospital",
        "name": "Arun Vijaya Hospitals",
        "source": "Local Knowledge"
      },
      "geometry": {
        "type": "Point",
        "coordinates": [
          80.192755,
          13.038873
        ]
      },
      "id": "node/7823776197"
    },
    {
      "type": "Feature",
      "properties": {
        "@id": "node/7823776209",
        "addr:district": "Chennai",
        "addr:full": "Shanthi Nagar, Annamalai Colony, Chennai",
        "addr:postcode": "600093",
        "addr:state": "Tamil Nadu",
        "amenity": "hospital",
        "healthcare": "hospital",
        "name": "C.M. Hospital",
        "source": "Local Knowledge"
      },
      "geometry": {
        "type": "Point",
        "coordinates": [
          80.2012868,
          13.0553167
        ]
      },
      "id": "node/7823776209"
    },
    {
      "type": "Feature",
      "properties": {
        "@id": "node/7823776213",
        "addr:district": "Chennai",
        "addr:full": "Vadapalani, Chennai",
        "addr:postcode": "600094",
        "addr:state": "Tamil Nadu",
        "amenity": "hospital",
        "healthcare": "hospital",
        "name": "Shali Day & Night Hospital",
        "source": "Local Knowledge"
      },
      "geometry": {
        "type": "Point",
        "coordinates": [
          80.204702,
          13.051996
        ]
      },
      "id": "node/7823776213"
    },
    {
      "type": "Feature",
      "properties": {
        "@id": "node/7823776215",
        "addr:district": "Chennai",
        "addr:postcode": "600017",
        "addr:state": "Tamil Nadu",
        "amenity": "hospital",
        "healthcare": "hospital",
        "name": "Koncept Hospitals",
        "source": "Local Knowledge"
      },
      "geometry": {
        "type": "Point",
        "coordinates": [
          80.243818,
          13.051051
        ]
      },
      "id": "node/7823776215"
    },
    {
      "type": "Feature",
      "properties": {
        "@id": "node/7823776217",
        "addr:district": "Chennai",
        "addr:full": "Vadapalani, Chennai",
        "addr:postcode": "600026",
        "addr:state": "Tamil Nadu",
        "amenity": "hospital",
        "healthcare": "hospital",
        "name": "Diawin Multi Speciality Siddha Hospital",
        "source": "Local Knowledge"
      },
      "geometry": {
        "type": "Point",
        "coordinates": [
          80.2076585,
          13.0520108
        ]
      },
      "id": "node/7823776217"
    },
    {
      "type": "Feature",
      "properties": {
        "@id": "node/7823776221",
        "addr:district": "Chennai",
        "addr:full": "Tirumurthy Nagar, Nungambakkam, Chennai",
        "addr:postcode": "600034",
        "addr:state": "Tamil Nadu",
        "amenity": "hospital",
        "healthcare": "hospital",
        "name": "G G Hospital",
        "source": "Local Knowledge"
      },
      "geometry": {
        "type": "Point",
        "coordinates": [
          80.2477343,
          13.0554543
        ]
      },
      "id": "node/7823776221"
    },
    {
      "type": "Feature",
      "properties": {
        "@id": "node/7823776223",
        "addr:district": "Chennai",
        "addr:full": "Tirumurthy Nagar, Nungambakkam, Chennai",
        "addr:postcode": "600034",
        "addr:state": "Tamil Nadu",
        "amenity": "hospital",
        "healthcare": "hospital",
        "name": "K R S Hospitals",
        "source": "Local Knowledge"
      },
      "geometry": {
        "type": "Point",
        "coordinates": [
          80.2434943,
          13.0616711
        ]
      },
      "id": "node/7823776223"
    },
    {
      "type": "Feature",
      "properties": {
        "@id": "node/7823776225",
        "addr:district": "Chennai",
        "addr:full": "Seetha Nagar, Nungambakkam, Chennai",
        "addr:postcode": "600034",
        "addr:state": "Tamil Nadu",
        "amenity": "hospital",
        "healthcare": "hospital",
        "name": "Sterling Hospitals",
        "source": "Local Knowledge"
      },
      "geometry": {
        "type": "Point",
        "coordinates": [
          80.243704,
          13.0616367
        ]
      },
      "id": "node/7823776225"
    },
    {
      "type": "Feature",
      "properties": {
        "@id": "node/7823776227",
        "addr:district": "Chennai",
        "addr:full": "Swarnambigai Nagar, Virugambakkam, Chennai",
        "addr:postcode": "600093",
        "addr:state": "Tamil Nadu",
        "amenity": "hospital",
        "healthcare": "hospital",
        "name": "Lily Shantha Hospital",
        "source": "Local Knowledge"
      },
      "geometry": {
        "type": "Point",
        "coordinates": [
          80.1939117,
          13.0516365
        ]
      },
      "id": "node/7823776227"
    },
    {
      "type": "Feature",
      "properties": {
        "@id": "node/7823776231",
        "addr:district": "Chennai",
        "addr:full": "Tirumurthy Nagar, Nungambakkam, Chennai",
        "addr:postcode": "600034",
        "addr:state": "Tamil Nadu",
        "amenity": "hospital",
        "healthcare": "hospital",
        "name": "Dr. Maibbar Hospital",
        "source": "Local Knowledge"
      },
      "geometry": {
        "type": "Point",
        "coordinates": [
          80.2459459,
          13.0594426
        ]
      },
      "id": "node/7823776231"
    },
    {
      "type": "Feature",
      "properties": {
        "@id": "node/7823776233",
        "addr:district": "Chennai",
        "addr:full": "Annamalai Colony, Chennai",
        "addr:postcode": "600093",
        "addr:state": "Tamil Nadu",
        "amenity": "hospital",
        "healthcare": "hospital",
        "name": "Swastik Hospital",
        "source": "Local Knowledge"
      },
      "geometry": {
        "type": "Point",
        "coordinates": [
          80.1991968,
          13.0539266
        ]
      },
      "id": "node/7823776233"
    },
    {
      "type": "Feature",
      "properties": {
        "@id": "node/7823776246",
        "addr:district": "Chennai",
        "addr:full": "Virugambakkam, Chennai",
        "addr:postcode": "600092",
        "addr:state": "Tamil Nadu",
        "amenity": "hospital",
        "healthcare": "hospital",
        "name": "Standard Hospital",
        "source": "Local Knowledge"
      },
      "geometry": {
        "type": "Point",
        "coordinates": [
          80.1899425,
          13.0526943
        ]
      },
      "id": "node/7823776246"
    },
    {
      "type": "Feature",
      "properties": {
        "@id": "node/7823776250",
        "addr:district": "Chennai",
        "addr:full": "Virugambakkam, Chennai",
        "addr:postcode": "600092",
        "addr:state": "Tamil Nadu",
        "amenity": "hospital",
        "healthcare": "hospital",
        "name": "MM Hospital",
        "source": "Local Knowledge"
      },
      "geometry": {
        "type": "Point",
        "coordinates": [
          80.191781,
          13.0527721
        ]
      },
      "id": "node/7823776250"
    },
    {
      "type": "Feature",
      "properties": {
        "@id": "node/7823776253",
        "addr:district": "Chennai",
        "addr:full": "Bharathi Nagar, Taramani, Chennai",
        "addr:postcode": "600113",
        "addr:state": "Tamil Nadu",
        "amenity": "hospital",
        "healthcare": "hospital",
        "name": "Arun Hospital",
        "source": "Local Knowledge"
      },
      "geometry": {
        "type": "Point",
        "coordinates": [
          80.2031882,
          13.0514652
        ]
      },
      "id": "node/7823776253"
    },
    {
      "type": "Feature",
      "properties": {
        "@id": "node/7823776254",
        "addr:district": "Chennai",
        "addr:full": "Virugambakkam, Chennai",
        "addr:postcode": "600093",
        "addr:state": "Tamil Nadu",
        "amenity": "hospital",
        "healthcare": "hospital",
        "name": "Krishna Geetham Vaidyasala",
        "source": "Local Knowledge"
      },
      "geometry": {
        "type": "Point",
        "coordinates": [
          80.1989274,
          13.0538214
        ]
      },
      "id": "node/7823776254"
    },
    {
      "type": "Feature",
      "properties": {
        "@id": "node/7824965206",
        "addr:district": "Chennai",
        "addr:full": "Chennai",
        "addr:postcode": "600084",
        "addr:state": "Tamil Nadu",
        "amenity": "hospital",
        "healthcare": "hospital",
        "name": "Agm Hospital",
        "source": "Local Knowledge"
      },
      "geometry": {
        "type": "Point",
        "coordinates": [
          80.2522439,
          13.0802093
        ]
      },
      "id": "node/7824965206"
    },
    {
      "type": "Feature",
      "properties": {
        "@id": "node/7824965209",
        "addr:district": "Chennai",
        "addr:full": "Sanyasipuram, Kilpauk, Chennai",
        "addr:postcode": "600010",
        "addr:state": "Tamil Nadu",
        "amenity": "hospital",
        "healthcare": "hospital",
        "name": "Dr. Sambandam Eye Hospital",
        "source": "Local Knowledge"
      },
      "geometry": {
        "type": "Point",
        "coordinates": [
          80.2416011,
          13.0886474
        ]
      },
      "id": "node/7824965209"
    },
    {
      "type": "Feature",
      "properties": {
        "@id": "node/7824965211",
        "addr:district": "Chennai",
        "addr:postcode": "600003",
        "addr:state": "Tamil Nadu",
        "amenity": "hospital",
        "healthcare": "hospital",
        "name": "Sugumar Hospital",
        "source": "Local Knowledge"
      },
      "geometry": {
        "type": "Point",
        "coordinates": [
          80.2709938,
          13.0828855
        ]
      },
      "id": "node/7824965211"
    },
    {
      "type": "Feature",
      "properties": {
        "@id": "node/7824965213",
        "addr:district": "Chennai",
        "addr:full": "Kilpauk, Chennai",
        "addr:postcode": "600010",
        "addr:state": "Tamil Nadu",
        "amenity": "hospital",
        "healthcare": "hospital",
        "name": "Ranjith Hospital",
        "source": "Local Knowledge"
      },
      "geometry": {
        "type": "Point",
        "coordinates": [
          80.2418555,
          13.0888843
        ]
      },
      "id": "node/7824965213"
    },
    {
      "type": "Feature",
      "properties": {
        "@id": "node/7824965216",
        "addr:district": "Chennai",
        "addr:full": "Chetpet, Chennai",
        "addr:postcode": "600031",
        "addr:state": "Tamil Nadu",
        "amenity": "hospital",
        "healthcare": "hospital",
        "name": "Mythili Hospitals",
        "source": "Local Knowledge"
      },
      "geometry": {
        "type": "Point",
        "coordinates": [
          80.2421491,
          13.0704319
        ]
      },
      "id": "node/7824965216"
    },
    {
      "type": "Feature",
      "properties": {
        "@id": "node/7824965221",
        "addr:district": "Chennai",
        "addr:full": "Egmore, Chennai",
        "addr:postcode": "600008",
        "addr:state": "Tamil Nadu",
        "amenity": "hospital",
        "healthcare": "hospital",
        "name": "Santosham Chest Hospital",
        "source": "Local Knowledge"
      },
      "geometry": {
        "type": "Point",
        "coordinates": [
          80.2537976,
          13.0746638
        ]
      },
      "id": "node/7824965221"
    },
    {
      "type": "Feature",
      "properties": {
        "@id": "node/7824965222",
        "addr:district": "Chennai",
        "addr:full": "Komaleeswaranpet, Egmore, Chennai",
        "addr:postcode": "600002",
        "addr:state": "Tamil Nadu",
        "amenity": "hospital",
        "healthcare": "hospital",
        "name": "Tune 32 Hospital",
        "source": "Local Knowledge"
      },
      "geometry": {
        "type": "Point",
        "coordinates": [
          80.2622655,
          13.0715459
        ]
      },
      "id": "node/7824965222"
    },
    {
      "type": "Feature",
      "properties": {
        "@id": "node/7824965223",
        "addr:district": "Chennai",
        "addr:full": "Chetpet, Chennai",
        "addr:postcode": "600031",
        "addr:state": "Tamil Nadu",
        "amenity": "hospital",
        "healthcare": "hospital",
        "name": "Pandalai Hospital",
        "source": "Local Knowledge"
      },
      "geometry": {
        "type": "Point",
        "coordinates": [
          80.2450769,
          13.0771575
        ]
      },
      "id": "node/7824965223"
    },
    {
      "type": "Feature",
      "properties": {
        "@id": "node/7824965225",
        "addr:district": "Chennai",
        "addr:full": "Chennai",
        "addr:postcode": "600084",
        "addr:state": "Tamil Nadu",
        "amenity": "hospital",
        "healthcare": "hospital",
        "name": "Centre For Gastro Esophageal Disorders",
        "source": "Local Knowledge"
      },
      "geometry": {
        "type": "Point",
        "coordinates": [
          80.2540859,
          13.0786423
        ]
      },
      "id": "node/7824965225"
    },
    {
      "type": "Feature",
      "properties": {
        "@id": "node/7824965227",
        "addr:district": "Chennai",
        "addr:full": "Kilpauk, Chennai",
        "addr:postcode": "600010",
        "addr:state": "Tamil Nadu",
        "amenity": "hospital",
        "healthcare": "hospital",
        "name": "Be Well Hospital",
        "source": "Local Knowledge"
      },
      "geometry": {
        "type": "Point",
        "coordinates": [
          80.2340062,
          13.0807479
        ]
      },
      "id": "node/7824965227"
    },
    {
      "type": "Feature",
      "properties": {
        "@id": "node/7824965229",
        "addr:district": "Chennai",
        "addr:full": "Purasaiwakkam, Chennai",
        "addr:postcode": "600084",
        "addr:state": "Tamil Nadu",
        "amenity": "hospital",
        "healthcare": "hospital",
        "name": "Puttur Kattu Hospital",
        "source": "Local Knowledge"
      },
      "geometry": {
        "type": "Point",
        "coordinates": [
          80.2506114,
          13.0812406
        ]
      },
      "id": "node/7824965229"
    },
    {
      "type": "Feature",
      "properties": {
        "@id": "node/7824965232",
        "addr:district": "Chennai",
        "addr:full": "Periyamet, Chennai",
        "addr:postcode": "600003",
        "addr:state": "Tamil Nadu",
        "amenity": "hospital",
        "healthcare": "hospital",
        "name": "An-Noor Eye Hospital",
        "source": "Local Knowledge"
      },
      "geometry": {
        "type": "Point",
        "coordinates": [
          80.2669979,
          13.0849581
        ]
      },
      "id": "node/7824965232"
    },
    {
      "type": "Feature",
      "properties": {
        "@id": "node/7824965237",
        "addr:district": "Chennai",
        "addr:full": "Kilpauk, Chennai",
        "addr:postcode": "600031",
        "addr:state": "Tamil Nadu",
        "amenity": "hospital",
        "healthcare": "hospital",
        "name": "Herbzalive Ayurveda Hospital",
        "source": "Local Knowledge"
      },
      "geometry": {
        "type": "Point",
        "coordinates": [
          80.2473996,
          13.0793874
        ]
      },
      "id": "node/7824965237"
    },
    {
      "type": "Feature",
      "properties": {
        "@id": "node/7824965238",
        "addr:district": "Chennai",
        "addr:full": "Chennai",
        "addr:postcode": "600003",
        "addr:state": "Tamil Nadu",
        "amenity": "hospital",
        "healthcare": "hospital",
        "name": "Meta Hospital",
        "source": "Local Knowledge"
      },
      "geometry": {
        "type": "Point",
        "coordinates": [
          80.2705905,
          13.0826737
        ]
      },
      "id": "node/7824965238"
    },
    {
      "type": "Feature",
      "properties": {
        "@id": "node/7824965240",
        "addr:district": "Chennai",
        "addr:full": "Shenoy Nagar, Aminjikarai, Chennai",
        "addr:postcode": "600029",
        "addr:state": "Tamil Nadu",
        "amenity": "hospital",
        "healthcare": "hospital",
        "name": "Dr. H. Yogish Hospital",
        "source": "Local Knowledge"
      },
      "geometry": {
        "type": "Point",
        "coordinates": [
          80.2268354,
          13.0737332
        ]
      },
      "id": "node/7824965240"
    },
    {
      "type": "Feature",
      "properties": {
        "@id": "node/7824965241",
        "addr:district": "Chennai",
        "addr:full": "Egmore, Chennai",
        "addr:postcode": "600008",
        "addr:state": "Tamil Nadu",
        "amenity": "hospital",
        "healthcare": "hospital",
        "name": "Neuro Hospital",
        "source": "Local Knowledge"
      },
      "geometry": {
        "type": "Point",
        "coordinates": [
          80.2625981,
          13.0713435
        ]
      },
      "id": "node/7824965241"
    },
    {
      "type": "Feature",
      "properties": {
        "@id": "node/7824965243",
        "addr:district": "Chennai",
        "addr:full": "Kilpauk, Chennai",
        "addr:postcode": "600010",
        "addr:state": "Tamil Nadu",
        "amenity": "hospital",
        "healthcare": "hospital",
        "name": "Murugan Hospitals",
        "source": "Local Knowledge"
      },
      "geometry": {
        "type": "Point",
        "coordinates": [
          80.234299,
          13.0833684
        ]
      },
      "id": "node/7824965243"
    },
    {
      "type": "Feature",
      "properties": {
        "@id": "node/7824965244",
        "addr:district": "Chennai",
        "addr:full": "Purasaiwakkam, Chennai",
        "addr:postcode": "600084",
        "addr:state": "Tamil Nadu",
        "amenity": "hospital",
        "healthcare": "hospital",
        "name": "Amrit Hospital",
        "source": "Local Knowledge"
      },
      "geometry": {
        "type": "Point",
        "coordinates": [
          80.2520834,
          13.0811868
        ]
      },
      "id": "node/7824965244"
    },
    {
      "type": "Feature",
      "properties": {
        "@id": "node/7824965245",
        "addr:district": "Chennai",
        "addr:full": "Egmore, Chennai",
        "addr:postcode": "600008",
        "addr:state": "Tamil Nadu",
        "amenity": "hospital",
        "healthcare": "hospital",
        "name": "Mercury Hospital",
        "source": "Local Knowledge"
      },
      "geometry": {
        "type": "Point",
        "coordinates": [
          80.260048,
          13.071832
        ]
      },
      "id": "node/7824965245"
    },
    {
      "type": "Feature",
      "properties": {
        "@id": "node/7824965246",
        "addr:district": "Chennai",
        "addr:full": "Poongavanapuram, Chennai",
        "addr:postcode": "600007",
        "addr:state": "Tamil Nadu",
        "amenity": "hospital",
        "healthcare": "hospital",
        "name": "Naz Unani Hospital",
        "source": "Local Knowledge"
      },
      "geometry": {
        "type": "Point",
        "coordinates": [
          80.2699983,
          13.0850158
        ]
      },
      "id": "node/7824965246"
    },
    {
      "type": "Feature",
      "properties": {
        "@id": "node/7824965249",
        "addr:district": "Chennai",
        "addr:full": "Chintadripet, Chennai",
        "addr:postcode": "641301",
        "addr:state": "Tamil Nadu",
        "amenity": "hospital",
        "healthcare": "hospital",
        "name": "S.K. Selvam Hospital",
        "source": "Local Knowledge"
      },
      "geometry": {
        "type": "Point",
        "coordinates": [
          80.2694819,
          13.0761303
        ]
      },
      "id": "node/7824965249"
    },
    {
      "type": "Feature",
      "properties": {
        "@id": "node/7824965252",
        "addr:district": "Chennai",
        "addr:full": "Periyamet, Chennai",
        "addr:postcode": "600003",
        "addr:state": "Tamil Nadu",
        "amenity": "hospital",
        "healthcare": "hospital",
        "name": "Apollo Hospital",
        "source": "Local Knowledge"
      },
      "geometry": {
        "type": "Point",
        "coordinates": [
          80.2710331,
          13.0825738
        ]
      },
      "id": "node/7824965252"
    },
    {
      "type": "Feature",
      "properties": {
        "@id": "node/7824965254",
        "addr:district": "Chennai",
        "addr:full": "Purasaiwakkam, Chennai",
        "addr:postcode": "600084",
        "addr:state": "Tamil Nadu",
        "amenity": "hospital",
        "healthcare": "hospital",
        "name": "Kola Saraswathi Agarwal Samaj Health Centre",
        "source": "Local Knowledge"
      },
      "geometry": {
        "type": "Point",
        "coordinates": [
          80.2553965,
          13.0813334
        ]
      },
      "id": "node/7824965254"
    },
    {
      "type": "Feature",
      "properties": {
        "@id": "node/7824965258",
        "addr:district": "Chennai",
        "addr:full": "Kilpauk, Chennai",
        "addr:postcode": "600010",
        "addr:state": "Tamil Nadu",
        "amenity": "hospital",
        "healthcare": "hospital",
        "name": "Demo Hospital",
        "source": "Local Knowledge"
      },
      "geometry": {
        "type": "Point",
        "coordinates": [
          80.2454945,
          13.0844036
        ]
      },
      "id": "node/7824965258"
    },
    {
      "type": "Feature",
      "properties": {
        "@id": "node/7824965259",
        "addr:district": "Chennai",
        "addr:full": "Venkatasamy Nagar, Shenoy Nagar, Chennai",
        "addr:postcode": "600030",
        "addr:state": "Tamil Nadu",
        "amenity": "hospital",
        "healthcare": "hospital",
        "name": "Gremaltes Hospital",
        "source": "Local Knowledge"
      },
      "geometry": {
        "type": "Point",
        "coordinates": [
          80.2290477,
          13.0793157
        ]
      },
      "id": "node/7824965259"
    },
    {
      "type": "Feature",
      "properties": {
        "@id": "node/7824965260",
        "addr:district": "Chennai",
        "addr:full": "Thandavaraya, Kilpauk, Chennai",
        "addr:postcode": "600030",
        "addr:state": "Tamil Nadu",
        "amenity": "hospital",
        "healthcare": "hospital",
        "name": "Srl Hospital",
        "source": "Local Knowledge"
      },
      "geometry": {
        "type": "Point",
        "coordinates": [
          80.2333756,
          13.0814203
        ]
      },
      "id": "node/7824965260"
    },
    {
      "type": "Feature",
      "properties": {
        "@id": "node/7824965262",
        "addr:district": "Chennai",
        "addr:full": "Vepery, Chennai",
        "addr:postcode": "600007",
        "addr:state": "Tamil Nadu",
        "amenity": "hospital",
        "healthcare": "hospital",
        "name": "Periyar Maniammai Hospital",
        "source": "Local Knowledge"
      },
      "geometry": {
        "type": "Point",
        "coordinates": [
          80.2620778,
          13.0811497
        ]
      },
      "id": "node/7824965262"
    },
    {
      "type": "Feature",
      "properties": {
        "@id": "node/7824965264",
        "addr:district": "Chennai",
        "addr:full": "Chintadripet, Chennai",
        "addr:postcode": "600002",
        "addr:state": "Tamil Nadu",
        "amenity": "hospital",
        "healthcare": "hospital",
        "name": "Red Cross Hospital",
        "source": "Local Knowledge"
      },
      "geometry": {
        "type": "Point",
        "coordinates": [
          80.267569,
          13.074301
        ]
      },
      "id": "node/7824965264"
    },
    {
      "type": "Feature",
      "properties": {
        "@id": "node/7824965266",
        "addr:district": "Chennai",
        "addr:full": "Alagappa Nagar, Adambakkam, Chennai",
        "addr:postcode": "600031",
        "addr:state": "Tamil Nadu",
        "amenity": "hospital",
        "healthcare": "hospital",
        "name": "Ponmalligai Hospitals",
        "source": "Local Knowledge"
      },
      "geometry": {
        "type": "Point",
        "coordinates": [
          80.2339377,
          13.0768584
        ]
      },
      "id": "node/7824965266"
    },
    {
      "type": "Feature",
      "properties": {
        "@id": "node/7825002779",
        "addr:district": "Chennai",
        "addr:full": "Santhi Nagar, Kolathur, Chennai",
        "addr:postcode": "600082",
        "addr:state": "Tamil Nadu",
        "amenity": "hospital",
        "healthcare": "hospital",
        "name": "V S Hospital",
        "source": "Local Knowledge"
      },
      "geometry": {
        "type": "Point",
        "coordinates": [
          80.2236766,
          13.1216771
        ]
      },
      "id": "node/7825002779"
    },
    {
      "type": "Feature",
      "properties": {
        "@id": "node/7825002781",
        "addr:district": "Chennai",
        "addr:full": "Perambur, Chennai",
        "addr:postcode": "600039",
        "addr:state": "Tamil Nadu",
        "amenity": "hospital",
        "healthcare": "hospital",
        "name": "Iyyappa Multi Speciality Hospitals",
        "source": "Local Knowledge"
      },
      "geometry": {
        "type": "Point",
        "coordinates": [
          80.2454243,
          13.1160443
        ]
      },
      "id": "node/7825002781"
    },
    {
      "type": "Feature",
      "properties": {
        "@id": "node/7825002782",
        "addr:district": "Chennai",
        "addr:full": "Perambur, Chennai",
        "addr:postcode": "600011",
        "addr:state": "Tamil Nadu",
        "amenity": "hospital",
        "healthcare": "hospital",
        "name": "GK Hospital",
        "source": "Local Knowledge"
      },
      "geometry": {
        "type": "Point",
        "coordinates": [
          80.2394367,
          13.113594
        ]
      },
      "id": "node/7825002782"
    },
    {
      "type": "Feature",
      "properties": {
        "@id": "node/7825009786",
        "addr:district": "Chennai",
        "addr:full": "Chinnaiyan Colony, Perambur, Chennai",
        "addr:postcode": "600039",
        "addr:state": "Tamil Nadu",
        "amenity": "hospital",
        "healthcare": "hospital",
        "name": "Dr. Kleela Hospital",
        "source": "Local Knowledge"
      },
      "geometry": {
        "type": "Point",
        "coordinates": [
          80.2457851,
          13.1155627
        ]
      },
      "id": "node/7825009786"
    },
    {
      "type": "Feature",
      "properties": {
        "@id": "node/7825009787",
        "addr:district": "Chennai",
        "addr:full": "Kolathur",
        "addr:postcode": "600099",
        "addr:state": "Tamil Nadu",
        "amenity": "hospital",
        "healthcare": "hospital",
        "name": "Bluemed Healthcare",
        "source": "Local Knowledge"
      },
      "geometry": {
        "type": "Point",
        "coordinates": [
          80.2172747,
          13.1297562
        ]
      },
      "id": "node/7825009787"
    },
    {
      "type": "Feature",
      "properties": {
        "@id": "node/7825009790",
        "addr:district": "Chennai",
        "addr:full": "Perambur, Chennai",
        "addr:postcode": "600082",
        "addr:state": "Tamil Nadu",
        "amenity": "hospital",
        "check_date": "2024-08-11",
        "healthcare": "hospital",
        "name": "St. Joseph Cluny Hospital",
        "source": "Local Knowledge"
      },
      "geometry": {
        "type": "Point",
        "coordinates": [
          80.2243993,
          13.1204837
        ]
      },
      "id": "node/7825009790"
    },
    {
      "type": "Feature",
      "properties": {
        "@id": "node/7825009792",
        "addr:district": "Chennai",
        "addr:full": "Perambur, Chennai",
        "addr:postcode": "600011",
        "addr:state": "Tamil Nadu",
        "amenity": "hospital",
        "healthcare": "hospital",
        "name": "Dr. A C Aruldas Hospital",
        "source": "Local Knowledge"
      },
      "geometry": {
        "type": "Point",
        "coordinates": [
          80.2418486,
          13.1102652
        ]
      },
      "id": "node/7825009792"
    },
    {
      "type": "Feature",
      "properties": {
        "@id": "node/7825009797",
        "addr:district": "Chennai",
        "addr:full": "Ponniammanmedu",
        "addr:postcode": "600099",
        "addr:state": "Tamil Nadu",
        "amenity": "hospital",
        "healthcare": "hospital",
        "name": "Bharathiraja Hospitals",
        "source": "Local Knowledge"
      },
      "geometry": {
        "type": "Point",
        "coordinates": [
          80.216941,
          13.1300779
        ]
      },
      "id": "node/7825009797"
    },
    {
      "type": "Feature",
      "properties": {
        "@id": "node/7825009798",
        "addr:district": "Chennai",
        "addr:full": "Kaveri Nagar, Kolathur, Chennai",
        "addr:postcode": "600099",
        "addr:state": "Tamil Nadu",
        "amenity": "hospital",
        "healthcare": "hospital",
        "name": "Kolathur Multi Speciality and Research Centre",
        "source": "Local Knowledge"
      },
      "geometry": {
        "type": "Point",
        "coordinates": [
          80.2160951,
          13.1222839
        ]
      },
      "id": "node/7825009798"
    },
    {
      "type": "Feature",
      "properties": {
        "@id": "node/7825009799",
        "addr:district": "Chennai",
        "addr:full": "Perambur, Chennai",
        "addr:postcode": "600082",
        "addr:state": "Tamil Nadu",
        "amenity": "hospital",
        "healthcare": "hospital",
        "name": "Arul Childs Hospital",
        "source": "Local Knowledge"
      },
      "geometry": {
        "type": "Point",
        "coordinates": [
          80.2258076,
          13.1185
        ]
      },
      "id": "node/7825009799"
    },
    {
      "type": "Feature",
      "properties": {
        "@id": "node/7825009803",
        "addr:district": "Chennai",
        "addr:full": "Ponniammanmedu",
        "addr:postcode": "600099",
        "addr:state": "Tamil Nadu",
        "amenity": "hospital",
        "healthcare": "hospital",
        "name": "KCK Hospital",
        "source": "Local Knowledge"
      },
      "geometry": {
        "type": "Point",
        "coordinates": [
          80.2159086,
          13.129071
        ]
      },
      "id": "node/7825009803"
    },
    {
      "type": "Feature",
      "properties": {
        "@id": "node/7825009805",
        "addr:district": "Chennai",
        "addr:full": "Kolathur, Chennai",
        "addr:postcode": "600099",
        "addr:state": "Tamil Nadu",
        "amenity": "hospital",
        "healthcare": "hospital",
        "name": "Sugar Hospital",
        "source": "Local Knowledge"
      },
      "geometry": {
        "type": "Point",
        "coordinates": [
          80.2236309,
          13.121994
        ]
      },
      "id": "node/7825009805"
    },
    {
      "type": "Feature",
      "properties": {
        "@id": "node/7825009807",
        "addr:district": "Chennai",
        "addr:full": "Kolathur",
        "addr:postcode": "600099",
        "addr:state": "Tamil Nadu",
        "amenity": "hospital",
        "healthcare": "hospital",
        "name": "Retteri Kumaran Hospital",
        "source": "Local Knowledge"
      },
      "geometry": {
        "type": "Point",
        "coordinates": [
          80.214109,
          13.129869
        ]
      },
      "id": "node/7825009807"
    },
    {
      "type": "Feature",
      "properties": {
        "@id": "node/7825009815",
        "addr:district": "Chennai",
        "addr:full": "Perambur, Chennai",
        "addr:postcode": "600082",
        "addr:state": "Tamil Nadu",
        "amenity": "hospital",
        "healthcare": "hospital",
        "name": "Government Hospital",
        "source": "Local Knowledge"
      },
      "geometry": {
        "type": "Point",
        "coordinates": [
          80.2312849,
          13.1093369
        ]
      },
      "id": "node/7825009815"
    },
    {
      "type": "Feature",
      "properties": {
        "@id": "node/7825009816",
        "addr:district": "Chennai",
        "addr:full": "Kolathur, Villivakkam",
        "addr:postcode": "600099",
        "addr:state": "Tamil Nadu",
        "amenity": "hospital",
        "healthcare": "hospital",
        "name": "K.H.M. Hospital",
        "source": "Local Knowledge"
      },
      "geometry": {
        "type": "Point",
        "coordinates": [
          80.2152624,
          13.129327
        ]
      },
      "id": "node/7825009816"
    },
    {
      "type": "Feature",
      "properties": {
        "@id": "node/7825009817",
        "addr:district": "Chennai",
        "addr:full": "Perambur, Chennai",
        "addr:postcode": "600011",
        "addr:state": "Tamil Nadu",
        "amenity": "hospital",
        "healthcare": "hospital",
        "name": "Sankar Eye Hospital",
        "source": "Local Knowledge"
      },
      "geometry": {
        "type": "Point",
        "coordinates": [
          80.2404022,
          13.1131038
        ]
      },
      "id": "node/7825009817"
    },
    {
      "type": "Feature",
      "properties": {
        "@id": "node/7825009819",
        "addr:district": "Chennai",
        "addr:full": "Perambur, Chennai",
        "addr:postcode": "600082",
        "addr:state": "Tamil Nadu",
        "amenity": "hospital",
        "healthcare": "hospital",
        "name": "Niranjana Hospital",
        "source": "Local Knowledge"
      },
      "geometry": {
        "type": "Point",
        "coordinates": [
          80.2244516,
          13.1101477
        ]
      },
      "id": "node/7825009819"
    },
    {
      "type": "Feature",
      "properties": {
        "@id": "node/7825009820",
        "addr:district": "Chennai",
        "addr:full": "Perambur, Chennai",
        "addr:postcode": "600039",
        "addr:state": "Tamil Nadu",
        "amenity": "hospital",
        "healthcare": "hospital",
        "name": "Parvatham Hospital",
        "source": "Local Knowledge"
      },
      "geometry": {
        "type": "Point",
        "coordinates": [
          80.2441515,
          13.1148422
        ]
      },
      "id": "node/7825009820"
    },
    {
      "type": "Feature",
      "properties": {
        "@id": "node/7825009823",
        "addr:district": "Chennai",
        "addr:full": "Balakumaran Nagar, Kolathur",
        "addr:postcode": "600099",
        "addr:state": "Tamil Nadu",
        "amenity": "hospital",
        "healthcare": "hospital",
        "name": "U.S. Hospital",
        "source": "Local Knowledge"
      },
      "geometry": {
        "type": "Point",
        "coordinates": [
          80.2192658,
          13.1263043
        ]
      },
      "id": "node/7825009823"
    },
    {
      "type": "Feature",
      "properties": {
        "@id": "node/7825009824",
        "addr:district": "Chennai",
        "addr:full": "Amrithammal Colony, Perambur, Chennai",
        "addr:postcode": "600011",
        "addr:state": "Tamil Nadu",
        "amenity": "hospital",
        "healthcare": "hospital",
        "name": "Bharani Hospital",
        "source": "Local Knowledge"
      },
      "geometry": {
        "type": "Point",
        "coordinates": [
          80.2374461,
          13.1106227
        ]
      },
      "id": "node/7825009824"
    },
    {
      "type": "Feature",
      "properties": {
        "@id": "node/7953367285",
        "amenity": "hospital",
        "healthcare": "hospital",
        "name:en": "Nalam marithuvamanai"
      },
      "geometry": {
        "type": "Point",
        "coordinates": [
          80.2606286,
          13.1183857
        ]
      },
      "id": "node/7953367285"
    },
    {
      "type": "Feature",
      "properties": {
        "@id": "node/8099947735",
        "addr:street": "1/459, 31st St, Sector 6, K. K. Nagar, Chennai, Tamil Nadu 600078",
        "amenity": "hospital",
        "healthcare": "hospital",
        "name": "K.M. Nursing Home",
        "opening_hours": "24/7",
        "phone": "044 4353 0015"
      },
      "geometry": {
        "type": "Point",
        "coordinates": [
          80.2013389,
          13.0371216
        ]
      },
      "id": "node/8099947735"
    },
    {
      "type": "Feature",
      "properties": {
        "@id": "node/8105683179",
        "addr:street": "Mount Poonamalle High Rd, Seven Wells, St.Thomas Mount, Tamil Nadu 600016",
        "amenity": "hospital",
        "healthcare": "hospital",
        "name": "Military Hospital",
        "opening_hours": "24/7"
      },
      "geometry": {
        "type": "Point",
        "coordinates": [
          80.1941708,
          13.0117736
        ]
      },
      "id": "node/8105683179"
    },
    {
      "type": "Feature",
      "properties": {
        "@id": "node/8108467017",
        "addr:street": "Arunachalam St",
        "amenity": "hospital",
        "healthcare": "hospital",
        "name": "உழைப்பாளி மருத்துவமனை",
        "name:en": "Uzhaippali hospital",
        "opening_hours": "Mo-Sa 09:00-21:00"
      },
      "geometry": {
        "type": "Point",
        "coordinates": [
          80.2036274,
          13.0487242
        ]
      },
      "id": "node/8108467017"
    },
    {
      "type": "Feature",
      "properties": {
        "@id": "node/8108591031",
        "addr:street": "B 50, Gangai Amman Koil St, Jawahar Nagar, West Jafferkhanpet, Chennai, Tamil Nadu 600083",
        "amenity": "hospital",
        "healthcare": "hospital",
        "name": "KS Bone and Joint Clinic - Ortho",
        "opening_hours": "Mo-Sa 10:00-13:00, 17:00-21:00; Su 10:00-13:00",
        "phone": "98842 83582",
        "website": "https://www.ksboneandjointortho.in/"
      },
      "geometry": {
        "type": "Point",
        "coordinates": [
          80.212368,
          13.026029
        ]
      },
      "id": "node/8108591031"
    },
    {
      "type": "Feature",
      "properties": {
        "@id": "node/8111861614",
        "addr:street": "40, 11th Ave, Mettuppalayam, Ashok Nagar, Chennai, Tamil Nadu 600083",
        "amenity": "hospital",
        "healthcare": "hospital",
        "name": "Shens Multi-Speciality Hospital",
        "opening_hours": "24/7",
        "phone": "044 2471 5000",
        "website": "https://shens.in/"
      },
      "geometry": {
        "type": "Point",
        "coordinates": [
          80.2103124,
          13.0318828
        ]
      },
      "id": "node/8111861614"
    },
    {
      "type": "Feature",
      "properties": {
        "@id": "node/8197934476",
        "addr:housenumber": "1/341",
        "addr:street": "Gangai Amman Kovil Street",
        "amenity": "hospital",
        "description": "Sanjeevani Ayurvedic Hospital",
        "name": "Sanjeevani Ayurvedic Hospital",
        "phone": "9500071332"
      },
      "geometry": {
        "type": "Point",
        "coordinates": [
          80.2489789,
          12.9120483
        ]
      },
      "id": "node/8197934476"
    },
    {
      "type": "Feature",
      "properties": {
        "@id": "node/8639896900",
        "addr:city": "Chennai",
        "addr:housenumber": "36",
        "addr:postcode": "600042",
        "addr:street": "Velachery Main Road",
        "amenity": "hospital",
        "email": "info@prashanthhospitals.org",
        "healthcare": "hospital",
        "name": "Prashanth Hospitals",
        "phone": "+91 44 2243 9494;+91 44 4680 5544;+91 82962 63415",
        "website": "https://prashanthhospitals.org"
      },
      "geometry": {
        "type": "Point",
        "coordinates": [
          80.2214698,
          12.9784544
        ]
      },
      "id": "node/8639896900"
    },
    {
      "type": "Feature",
      "properties": {
        "@id": "node/8935514615",
        "amenity": "hospital",
        "healthcare": "hospital",
        "name": "Geri care hospital"
      },
      "geometry": {
        "type": "Point",
        "coordinates": [
          80.2407095,
          13.0439323
        ]
      },
      "id": "node/8935514615"
    },
    {
      "type": "Feature",
      "properties": {
        "@id": "node/10261422409",
        "addr:housenumber": "1279 B",
        "addr:postcode": "600099",
        "addr:street": "Poompuhar Nagar 1st Main Road",
        "alt_name": "WCF Hospital Kolathur",
        "amenity": "hospital",
        "description": "Gynecology hospital, all things pregnancy related.",
        "email": "wcfkolathur@gmail.com",
        "healthcare": "hospital",
        "healthcare:speciality": "gynaecology",
        "name": "Women And Children Foundation Hospital",
        "opening_hours": "24/7",
        "operator": "Women And Children Foundation Limited",
        "operator:type": "private",
        "phone": "04425508210, 8939957777, 8939917777",
        "website": "http://www.wcfkolathur.in/",
        "whatsapp": "8939957777"
      },
      "geometry": {
        "type": "Point",
        "coordinates": [
          80.2126037,
          13.1180276
        ]
      },
      "id": "node/10261422409"
    },
    {
      "type": "Feature",
      "properties": {
        "@id": "node/10271805421",
        "addr:housenumber": "R/7a",
        "addr:street": "N Main Rd, Kailash Colony, Sector A, Anna Nagar West Extension, Chennai, Tamil Nadu 600101",
        "amenity": "hospital",
        "description": "A mental health centre and nonprofit organization based at Chennai, Tamil Nadu, offering a multidisciplinary, comprehensive range of psychiatric care and rehabilitation services",
        "email": "info@scarfindia.org; communications@scarfindia.org",
        "name": "Frame of Mind - SCARF Psychiatric Hospital",
        "opening_hours": "Mo, We-Sa 09:30-13:30",
        "phone": "+919150587361;04426151073; 04426153971",
        "speciality": "schizophrenia, psychiatry",
        "website": "https://www.scarfindia.org/"
      },
      "geometry": {
        "type": "Point",
        "coordinates": [
          80.1982422,
          13.0972767
        ]
      },
      "id": "node/10271805421"
    },
    {
      "type": "Feature",
      "properties": {
        "@id": "node/10294576078",
        "addr:city": "Chennai",
        "addr:housenumber": "No. 33",
        "addr:postcode": "600083",
        "addr:street": "35th Street, Opp JFA Showroom, Ashok Nagar",
        "amenity": "hospital",
        "healthcare": "hospital",
        "name": "Vasantha Memorial Cancer Centre",
        "phone": "+91 9791048379"
      },
      "geometry": {
        "type": "Point",
        "coordinates": [
          80.2146876,
          13.040756
        ]
      },
      "id": "node/10294576078"
    },
    {
      "type": "Feature",
      "properties": {
        "@id": "node/11071527636",
        "amenity": "hospital",
        "healthcare": "hospital",
        "name": "KHM"
      },
      "geometry": {
        "type": "Point",
        "coordinates": [
          80.2130458,
          13.084556
        ]
      },
      "id": "node/11071527636"
    },
    {
      "type": "Feature",
      "properties": {
        "@id": "node/11679595256",
        "addr:housenumber": "22/10 11",
        "addr:street": "Kazura Garden, 1st Street",
        "amenity": "hospital",
        "healthcare": "hospital",
        "name": "Jananam fertility centre"
      },
      "geometry": {
        "type": "Point",
        "coordinates": [
          80.2513405,
          12.9569147
        ]
      },
      "id": "node/11679595256"
    },
    {
      "type": "Feature",
      "properties": {
        "@id": "node/11804254199",
        "amenity": "hospital",
        "emergency": "no",
        "healthcare": "hospital",
        "image": "https://college4u.in/wp-content/uploads/2017/04/SAT.jpg",
        "name": "Dental College & Hospital"
      },
      "geometry": {
        "type": "Point",
        "coordinates": [
          80.2233736,
          12.8705153
        ]
      },
      "id": "node/11804254199"
    },
    {
      "type": "Feature",
      "properties": {
        "@id": "node/12146055740",
        "amenity": "hospital",
        "healthcare": "hospital",
        "name": "Commissioner of Police office, Greater chennai Police"
      },
      "geometry": {
        "type": "Point",
        "coordinates": [
          80.2631177,
          13.081276
        ]
      },
      "id": "node/12146055740"
    },
    {
      "type": "Feature",
      "properties": {
        "@id": "node/12367559381",
        "amenity": "hospital",
        "healthcare": "hospital"
      },
      "geometry": {
        "type": "Point",
        "coordinates": [
          80.2588062,
          13.0920988
        ]
      },
      "id": "node/12367559381"
    },
    {
      "type": "Feature",
      "properties": {
        "@id": "node/12378706312",
        "addr:city": "chennai",
        "addr:district": "chennai",
        "addr:housenumber": "14",
        "addr:postcode": "600088",
        "addr:street": "Vanalar Street",
        "amenity": "hospital",
        "healthcare": "hospital",
        "healthcare:speciality": "dermatovenereology",
        "name": "Dr Bala's Skin clinic",
        "operator": "Dr Balakumatan",
        "operator:type": "private"
      },
      "geometry": {
        "type": "Point",
        "coordinates": [
          80.2013573,
          12.9831959
        ]
      },
      "id": "node/12378706312"
    },
    {
      "type": "Feature",
      "properties": {
        "@id": "node/12560767886",
        "amenity": "hospital",
        "healthcare": "hospital"
      },
      "geometry": {
        "type": "Point",
        "coordinates": [
          80.1871116,
          12.9809491
        ]
      },
      "id": "node/12560767886"
    },
    {
      "type": "Feature",
      "properties": {
        "@id": "node/12619467462",
        "amenity": "hospital",
        "name": "Vadivelu Hospital"
      },
      "geometry": {
        "type": "Point",
        "coordinates": [
          80.2400853,
          13.1002212
        ]
      },
      "id": "node/12619467462"
    },
    {
      "type": "Feature",
      "properties": {
        "@id": "node/13096237915",
        "amenity": "hospital",
        "healthcare": "hospital",
        "name": "Iswarya Fertility Center"
      },
      "geometry": {
        "type": "Point",
        "coordinates": [
          80.2504829,
          13.0064894
        ]
      },
      "id": "node/13096237915"
    },
    {
      "type": "Feature",
      "properties": {
        "@id": "node/13155026101",
        "addr:street": "Taramani Link Road",
        "amenity": "hospital",
        "name": "Good Shepard hospital",
        "opening_hours": "24/7"
      },
      "geometry": {
        "type": "Point",
        "coordinates": [
          80.2343492,
          12.9810842
        ]
      },
      "id": "node/13155026101"
    }
  ]
}